x0,x1,x2,x3,x4,x5,x6,x7,pv_kWp,battery_kWh,pcm_kg,compressor_kWh,feasible,failure_reason,unmet_kWh,rh_violation_hours,battery_soc_min,pcm_soc_min,pcm_candidate,pcm_transition_C,pcm_conductivity_W_mK,pcm_usable_enthalpy_J_kg,pcm_leakage_pct,pcm_cycle_retention_500,pcm_cost_INR_kg,pcm_data_status
12.0,30.0,1000.0,10.0,12.0,18.0,12000.0,40.0,12.0,30.0,1000.0,5875.232100112419,False,POST_SIM_CONSTRAINT,165.05667899937524,48.0,0.2,0.0766666565897135,BIOCHAR_CS_CA_LA_OA,3.1,1.853,104900.0,6.49,0.977,180.0,literature_core_properties_plus_screening_assumptions
14.0,30.0,1000.0,10.0,12.0,18.0,12000.0,40.0,14.0,30.0,1000.0,5939.628080372538,False,POST_SIM_CONSTRAINT,0.29776447710352355,2.0,0.23656876062943424,0.37810431703688463,BIOCHAR_CS_CA_LA_OA,3.1,1.853,104900.0,6.49,0.977,180.0,literature_core_properties_plus_screening_assumptions
16.0,30.0,1000.0,10.0,12.0,18.0,12000.0,40.0,16.0,30.0,1000.0,5969.1947943953855,True,,1.2369127944111825e-13,0,0.3125997060516497,0.37810431703688463,BIOCHAR_CS_CA_LA_OA,3.1,1.853,104900.0,6.49,0.977,180.0,literature_core_properties_plus_screening_assumptions
18.0,30.0,1000.0,10.0,12.0,18.0,12000.0,40.0,18.0,30.0,1000.0,6009.555902639115,True,,1.2732925824820997e-13,0,0.35775689580707853,0.37810431703688463,BIOCHAR_CS_CA_LA_OA,3.1,1.853,104900.0,6.49,0.977,180.0,literature_core_properties_plus_screening_assumptions
20.0,30.0,1000.0,10.0,12.0,18.0,12000.0,40.0,20.0,30.0,1000.0,6046.2103363149,True,,1.3096723705530166e-13,0,0.4897145737890717,0.37810431703688463,BIOCHAR_CS_CA_LA_OA,3.1,1.853,104900.0,6.49,0.977,180.0,literature_core_properties_plus_screening_assumptions
22.0,30.0,1000.0,10.0,12.0,20.0,12000.0,40.0,22.0,30.0,1000.0,6100.781452506625,True,,1.3096723705530166e-13,0,0.5149683460735139,0.37810431703688463,BIOCHAR_CS_CA_LA_OA,3.1,1.853,104900.0,6.49,0.977,180.0,literature_core_properties_plus_screening_assumptions
25.0,35.0,1000.0,10.0,12.0,20.0,12000.0,40.0,25.0,35.0,1000.0,6171.386873772439,True,,1.3278622645884751e-13,0,0.6675134244352366,0.37810431703688463,BIOCHAR_CS_CA_LA_OA,3.1,1.853,104900.0,6.49,0.977,180.0,literature_core_properties_plus_screening_assumptions
18.0,35.0,1000.0,10.0,12.0,20.0,12000.0,40.0,18.0,35.0,1000.0,6009.555902639115,True,,1.2732925824820997e-13,0,0.43729015211334327,0.37810431703688463,BIOCHAR_CS_CA_LA_OA,3.1,1.853,104900.0,6.49,0.977,180.0,literature_core_properties_plus_screening_assumptions
6.81487564,16.49650258,442.41866847,4.83619338,10.00291738,9.92572261,7366.71876988,39.42211599,6.81487564219046,16.49650257986101,442.4186684733047,10000.0,False,ROOM_T_LIMIT,,0,0.2256730542486335,nan,BIOCHAR_CS_CA_LA_OA,,,,,,,literature_core_properties_plus_screening_assumptions
17.46789155,30.43161799,715.05871267,4.82068213,10.71905217,13.13294234,7597.9999602,32.59090623,17.467891551926876,30.43161799290036,715.0587126729988,7094.396280220787,False,POST_SIM_CONSTRAINT,1194.7208240653904,0,0.36705332797323287,0.10830875298854625,BIOCHAR_CS_CA_LA_OA,3.1,1.853,104900.0,6.49,0.977,180.0,literature_core_properties_plus_screening_assumptions
21.54695355,12.73821265,450.65271701,7.47531966,10.44043867,19.49139222,4354.72347379,24.46637165,21.54695354650576,12.738212648300806,450.65271701408153,6931.664470146888,False,POST_SIM_CONSTRAINT,64.27175749849226,32.0,0.2,0.07405624919498999,BIOCHAR_CS_CA_LA_OA,3.1,1.853,104900.0,6.49,0.977,180.0,literature_core_properties_plus_screening_assumptions
22.78903311,17.10422412,712.65144346,3.17143474,9.3876791,18.86724067,10441.42796601,36.565608,22.789033106119643,17.104224115308554,712.6514434588337,5874.72177710317,False,POST_SIM_CONSTRAINT,11594.199363068963,8.0,0.2,0.09379055515339474,BIOCHAR_CS_CA_LA_OA,3.1,1.853,104900.0,6.49,0.977,180.0,literature_core_properties_plus_screening_assumptions
17.86746299,11.61212028,837.96189923,4.4817232,10.65019868,6.87805092,10429.39032054,14.93521799,17.86746299093099,11.612120284538506,837.961899227378,6593.526356981192,False,POST_SIM_CONSTRAINT,5943.059215694272,78.0,0.2,0.06551135567990451,BIOCHAR_CS_CA_LA_OA,3.1,1.853,104900.0,6.49,0.977,180.0,literature_core_properties_plus_screening_assumptions
11.87808693,13.81888316,783.93592469,4.25000315,7.1700493,6.08154433,5362.45241475,22.63566443,11.878086926429479,13.818883163265893,783.9359246944189,10000.0,False,ROOM_T_LIMIT,,0,0.20000000000000004,nan,BIOCHAR_CS_CA_LA_OA,,,,,,,literature_core_properties_plus_screening_assumptions
6.22434597,23.62795833,566.29698892,8.07705757,9.23092809,12.03717448,10805.88455078,28.96405353,6.224345970853813,23.627958327133292,566.2969889205726,10000.0,False,ROOM_T_LIMIT,,0,0.2,nan,BIOCHAR_CS_CA_LA_OA,,,,,,,literature_core_properties_plus_screening_assumptions
21.01576139,14.59563644,680.56850277,4.3740782,11.96912952,9.4050165,5311.80720504,12.19570217,21.015761394232282,14.595636442143503,680.568502767919,6520.695825525277,False,POST_SIM_CONSTRAINT,1302.6953657829197,18.0,0.2,0.13640146452332502,BIOCHAR_CS_CA_LA_OA,3.1,1.853,104900.0,6.49,0.977,180.0,literature_core_properties_plus_screening_assumptions
16.31688486,30.03022271,808.53152722,5.55505084,7.58717047,11.14779398,3987.61197606,16.09724632,16.31688486333616,30.030222711877215,808.5315272186593,6678.521660049112,False,POST_SIM_CONSTRAINT,5.907871383264237,0,0.254196544252949,0.37606992138412565,BIOCHAR_CS_CA_LA_OA,3.1,1.853,104900.0,6.49,0.977,180.0,literature_core_properties_plus_screening_assumptions
9.95993627,13.73815076,519.13350117,7.03689801,11.7735198,16.84529789,10120.20553356,32.77805502,9.959936267826752,13.738150763671369,519.1335011739563,10000.0,False,ROOM_T_LIMIT,,0,0.2525438401281929,nan,BIOCHAR_CS_CA_LA_OA,,,,,,,literature_core_properties_plus_screening_assumptions
12.19156559,34.2154772,737.68303909,7.85535984,8.17220098,10.32555479,6560.00778947,38.22802563,12.191565590737097,34.21547719935097,737.6830390905748,6556.883944912034,False,POST_SIM_CONSTRAINT,36.144533587985364,16.0,0.2,0.11239177553062141,BIOCHAR_CS_CA_LA_OA,3.1,1.853,104900.0,6.49,0.977,180.0,literature_core_properties_plus_screening_assumptions
8.22526722,34.63478594,830.8141034,5.51850849,9.13210872,11.33374155,6433.43639376,25.11408851,8.225267215217954,34.63478593782658,830.8141034026729,10000.0,False,ROOM_T_LIMIT,,0,0.2,nan,BIOCHAR_CS_CA_LA_OA,,,,,,,literature_core_properties_plus_screening_assumptions
4.35117925,19.30071836,980.11888941,4.9982566,9.98574367,12.19904446,4883.52938356,37.15007712,4.351179254342918,19.300718358245284,980.1188894128217,10000.0,False,ROOM_T_LIMIT,,0,0.2,nan,BIOCHAR_CS_CA_LA_OA,,,,,,,literature_core_properties_plus_screening_assumptions
4.35337298,13.40877672,999.31811763,4.83502757,10.79235617,14.47956408,10254.32136774,28.90953266,4.353372978284473,13.40877672458483,999.3181176267562,10000.0,False,ROOM_T_LIMIT,,0,0.2,nan,BIOCHAR_CS_CA_LA_OA,,,,,,,literature_core_properties_plus_screening_assumptions
11.616634,27.58445232,318.53918423,6.12769066,6.97483656,12.67903608,4148.58617846,16.67520598,11.616633998214816,27.58445232208796,318.53918423278066,10000.0,False,ROOM_T_LIMIT,,0,0.2504273436590812,nan,BIOCHAR_CS_CA_LA_OA,,,,,,,literature_core_properties_plus_screening_assumptions
15.80308339,16.02084259,854.15934391,7.23595612,10.89013348,16.25305172,8416.41102983,18.62846807,15.803083392093898,16.02084258533457,854.1593439132384,6748.0231303042365,False,POST_SIM_CONSTRAINT,96.19060134488637,82.0,0.2,0.25163882286489325,BIOCHAR_CS_CA_LA_OA,3.1,1.853,104900.0,6.49,0.977,180.0,literature_core_properties_plus_screening_assumptions
7.02406038,26.23852351,493.41910987,3.93893783,4.36789745,8.44769753,4726.18845051,26.10916239,7.024060375404411,26.238523509293273,493.41910986660696,10000.0,False,ROOM_T_LIMIT,,0,0.23669642286057752,nan,BIOCHAR_CS_CA_LA_OA,,,,,,,literature_core_properties_plus_screening_assumptions
19.55983352,24.17084532,724.55566345,3.23831908,7.43571316,15.59285026,4407.11984913,21.56973534,19.559833518001337,24.170845317589155,724.5556634488837,6181.62320583589,False,POST_SIM_CONSTRAINT,5360.589253233138,8.0,0.2,0.052364941449331126,BIOCHAR_CS_CA_LA_OA,3.1,1.853,104900.0,6.49,0.977,180.0,literature_core_properties_plus_screening_assumptions
4.41651705,6.53759791,451.517506,5.90255113,7.70592029,18.38330144,5849.92597957,10.64391629,4.416517054868675,6.5375979093945045,451.51750599933774,10000.0,False,ROOM_T_LIMIT,,0,0.2,nan,BIOCHAR_CS_CA_LA_OA,,,,,,,literature_core_properties_plus_screening_assumptions
21.35069028,5.917255,365.09439486,9.74227202,10.02692335,10.72995884,4189.60957457,21.6019172,21.350690282194467,5.9172549965807555,365.09439486355984,7051.3131588393,False,POST_SIM_CONSTRAINT,727.8698623398536,648.0,0.2,0.0,BIOCHAR_CS_CA_LA_OA,3.1,1.853,104900.0,6.49,0.977,180.0,literature_core_properties_plus_screening_assumptions
12.91373528,21.84685997,976.66367677,6.20655692,10.69977137,6.78220751,6470.28531507,26.81489331,12.913735277273629,21.846859970512057,976.6636767714867,6823.459803096714,False,POST_SIM_CONSTRAINT,1630.657122023887,72.0,0.2,0.018996093182264917,BIOCHAR_CS_CA_LA_OA,3.1,1.853,104900.0,6.49,0.977,180.0,literature_core_properties_plus_screening_assumptions
5.43660235,6.47821767,490.24959191,7.03450648,10.44358894,9.74068218,5548.53950913,34.73446432,5.436602346376168,6.4782176738516855,490.24959191201566,10000.0,False,ROOM_T_LIMIT,,0,0.2,nan,BIOCHAR_CS_CA_LA_OA,,,,,,,literature_core_properties_plus_screening_assumptions
14.81826138,13.41420564,422.06873176,6.39642774,7.0103784,14.72331307,7486.13624361,11.10879094,14.818261375381383,13.414205641282129,422.0687317558101,10000.0,False,ROOM_T_LIMIT,,0,0.20465769122846747,nan,BIOCHAR_CS_CA_LA_OA,,,,,,,literature_core_properties_plus_screening_assumptions
12.06432379,34.61061962,584.1921405,5.0987088,10.5111826,12.53365724,5458.95104429,18.59473073,12.064323788317505,34.6106196242049,584.1921405042287,6890.260672192687,False,POST_SIM_CONSTRAINT,528.1550992018834,30.0,0.2,0.01688669641612739,BIOCHAR_CS_CA_LA_OA,3.1,1.853,104900.0,6.49,0.977,180.0,literature_core_properties_plus_screening_assumptions
23.89027157,33.81383919,752.36582737,4.95137584,9.69095235,9.03477275,5898.76218673,26.25209079,23.890271574129006,33.81383919295759,752.365827370091,7076.088549107908,False,POST_SIM_CONSTRAINT,661.0188005749608,0,0.5394549767294745,0.21516702216231753,BIOCHAR_CS_CA_LA_OA,3.1,1.853,104900.0,6.49,0.977,180.0,literature_core_properties_plus_screening_assumptions
12.42402738,14.88173974,981.89410064,4.19144322,8.91022847,6.53957945,3825.43263421,16.29988015,12.424027384455458,14.881739741672192,981.8941006405416,10000.0,False,ROOM_T_LIMIT,,0,0.20000000000000004,nan,BIOCHAR_CS_CA_LA_OA,,,,,,,literature_core_properties_plus_screening_assumptions
24.82541012,26.51916382,907.62666694,3.34638649,9.45150762,12.15911071,6747.779537,31.24764383,24.825410116303757,26.5191638160618,907.6266669404392,6187.934204760638,False,POST_SIM_CONSTRAINT,7255.527930017096,0,0.35220369896041986,0.11895769681004409,BIOCHAR_CS_CA_LA_OA,3.1,1.853,104900.0,6.49,0.977,180.0,literature_core_properties_plus_screening_assumptions
10.47469796,19.91750252,482.50730528,5.73982849,8.2666094,8.21033404,5485.68409715,22.61217716,10.474697961247191,19.917502521401765,482.5073052766015,10000.0,False,ROOM_T_LIMIT,,0,0.2,nan,BIOCHAR_CS_CA_LA_OA,,,,,,,literature_core_properties_plus_screening_assumptions
6.88098907,21.23541218,701.55033245,3.92115485,9.72843196,13.79155277,6808.63794843,37.5244532,6.880989066702842,21.23541218112686,701.5503324461193,10000.0,False,ROOM_T_LIMIT,,0,0.2131327096244547,nan,BIOCHAR_CS_CA_LA_OA,,,,,,,literature_core_properties_plus_screening_assumptions
15.62821757,32.70488919,301.43979015,4.13601134,9.76169423,11.52253141,5590.29377907,38.88686974,15.628217565323322,32.70488919012345,301.43979014523387,5987.152565416221,False,POST_SIM_CONSTRAINT,1972.3045806494006,0,0.3025978467780547,0.034222898217168396,BIOCHAR_CS_CA_LA_OA,3.1,1.853,104900.0,6.49,0.977,180.0,literature_core_properties_plus_screening_assumptions
9.54459689,26.13917569,974.95796836,8.33936239,9.67531229,16.12489398,10247.03496148,18.13640947,9.544596889809874,26.139175693920052,974.9579683647885,10000.0,False,ROOM_T_LIMIT,,0,0.2588359793974067,nan,BIOCHAR_CS_CA_LA_OA,,,,,,,literature_core_properties_plus_screening_assumptions
17.16042123,28.88946272,921.76074891,9.34083907,11.23117115,7.36687319,6387.6547864,23.6917625,17.16042122874692,28.88946271535058,921.7607489077827,6496.705105697478,False,POST_SIM_CONSTRAINT,50.42128815312334,0,0.5727358972476804,0.36776246530281087,BIOCHAR_CS_CA_LA_OA,3.1,1.853,104900.0,6.49,0.977,180.0,literature_core_properties_plus_screening_assumptions
22.72539348,16.9968622,485.43847235,3.13901141,6.31003422,16.93013859,3181.53844254,14.94981784,22.725393483305243,16.996862200775766,485.4384723513914,6145.376894174392,False,POST_SIM_CONSTRAINT,4131.828596820927,16.0,0.2,0.08958675312645725,BIOCHAR_CS_CA_LA_OA,3.1,1.853,104900.0,6.49,0.977,180.0,literature_core_properties_plus_screening_assumptions
19.05744871,13.92378883,785.53095436,6.77016117,11.10186263,16.26711242,6671.26868283,24.54728555,19.057448713707345,13.923788826159328,785.530954364428,7011.030057504026,False,POST_SIM_CONSTRAINT,68.8292213217741,36.0,0.2,0.11930100369347485,BIOCHAR_CS_CA_LA_OA,3.1,1.853,104900.0,6.49,0.977,180.0,literature_core_properties_plus_screening_assumptions
13.89910096,31.02277432,396.6253202,5.96961009,8.27929646,12.10711965,8382.25621199,24.96529286,13.89910095717207,31.022774323074273,396.6253201987821,7337.818529794751,False,POST_SIM_CONSTRAINT,146.57092877461073,16.0,0.2,0.06248263277578392,BIOCHAR_CS_CA_LA_OA,3.1,1.853,104900.0,6.49,0.977,180.0,literature_core_properties_plus_screening_assumptions
12.6876106,25.29120215,530.525726,7.2483071,9.82846678,7.8290529,5938.06891354,38.34113667,12.687610595901315,25.29120215109587,530.5257259959269,6788.870347222504,False,POST_SIM_CONSTRAINT,411.9475982317395,40.0,0.2,0.06659141437599359,BIOCHAR_CS_CA_LA_OA,3.1,1.853,104900.0,6.49,0.977,180.0,literature_core_properties_plus_screening_assumptions
24.28644704,34.76405166,329.76808372,8.78556138,11.48220646,18.62722216,9434.47173133,30.26858029,24.286447038815115,34.76405165720547,329.76808372178965,6968.070575593646,False,POST_SIM_CONSTRAINT,4.69299266114831e-13,0,0.5721657131768073,0.0666087890867546,BIOCHAR_CS_CA_LA_OA,3.1,1.853,104900.0,6.49,0.977,180.0,literature_core_properties_plus_screening_assumptions
17.26824696,34.41162733,812.43897734,8.81296752,11.1577652,9.80668066,11880.10137285,21.7124207,17.26824696093593,34.41162733034744,812.438977335494,6439.212776111063,False,POST_SIM_CONSTRAINT,23.056826810252183,0,0.4576651954960072,0.351079133314836,BIOCHAR_CS_CA_LA_OA,3.1,1.853,104900.0,6.49,0.977,180.0,literature_core_properties_plus_screening_assumptions
14.44146342,9.59003568,875.0351495,5.35828339,9.51475556,9.05697833,6162.267545,21.52733459,14.441463420132886,9.590035681552903,875.035149502315,10000.0,False,ROOM_T_LIMIT,,0,0.2040061551007604,nan,BIOCHAR_CS_CA_LA_OA,,,,,,,literature_core_properties_plus_screening_assumptions
17.64439039,15.4251281,693.73498799,9.3409499,10.89263463,18.90347603,11415.51945094,27.6945808,17.644390391028033,15.425128095187908,693.7349879867695,6420.019697415271,False,POST_SIM_CONSTRAINT,48.03761284505429,38.0,0.2,0.17047408388104446,BIOCHAR_CS_CA_LA_OA,3.1,1.853,104900.0,6.49,0.977,180.0,literature_core_properties_plus_screening_assumptions
19.95937878,8.91095764,439.70343461,4.99875245,8.87426701,17.70967777,4970.05353685,27.98403621,19.959378782615147,8.910957644423117,439.7034346087816,7124.625058874738,False,POST_SIM_CONSTRAINT,519.6584545591761,50.0,0.2,0.03298459300258627,BIOCHAR_CS_CA_LA_OA,3.1,1.853,104900.0,6.49,0.977,180.0,literature_core_properties_plus_screening_assumptions
20.611165,34.95532561,632.98513786,5.0762238,8.63602866,11.20452877,4053.02150208,25.73495716,20.611165003725628,34.95532561020283,632.9851378600488,7037.545683919481,False,POST_SIM_CONSTRAINT,132.65990463254434,0,0.4715965726561549,0.17204592777503303,BIOCHAR_CS_CA_LA_OA,3.1,1.853,104900.0,6.49,0.977,180.0,literature_core_properties_plus_screening_assumptions
20.78184951,31.62494591,984.67783139,5.57407236,6.01332142,7.55149083,6926.08725569,34.21081481,20.781849511123443,31.62494590856689,984.6778313902895,7110.964407837708,False,POST_SIM_CONSTRAINT,534.3080991671613,0,0.466208337697368,0.19162831339252628,BIOCHAR_CS_CA_LA_OA,3.1,1.853,104900.0,6.49,0.977,180.0,literature_core_properties_plus_screening_assumptions
21.26231907,28.05132172,470.60514845,5.06206987,11.65667226,11.06822481,5600.78494725,31.60033358,21.262319066772342,28.051321722783477,470.60514844911097,7209.18490410489,False,POST_SIM_CONSTRAINT,472.7763038187746,0,0.4059726253340544,0.09311284441252021,BIOCHAR_CS_CA_LA_OA,3.1,1.853,104900.0,6.49,0.977,180.0,literature_core_properties_plus_screening_assumptions
6.79102622,18.97824882,550.69318837,6.8079044,8.82600115,14.96150435,6891.5915237,36.60797226,6.7910262196590105,18.97824881527874,550.6931883663302,10000.0,False,ROOM_T_LIMIT,,0,0.2900540501939326,nan,BIOCHAR_CS_CA_LA_OA,,,,,,,literature_core_properties_plus_screening_assumptions
20.8904655,12.84125501,459.67402945,8.40151823,9.64102784,18.09042445,4317.25449863,35.85037708,20.890465499009128,12.84125500553254,459.67402945307606,6791.3083686814025,False,POST_SIM_CONSTRAINT,51.25244767910628,32.0,0.2,0.04457007370562538,BIOCHAR_CS_CA_LA_OA,3.1,1.853,104900.0,6.49,0.977,180.0,literature_core_properties_plus_screening_assumptions
13.08513451,12.47370983,540.27126374,9.95452733,11.648257,7.1724445,5836.69620945,31.58737074,13.08513450583373,12.473709830169183,540.2712637448401,10000.0,False,ROOM_T_LIMIT,,0,0.2,nan,BIOCHAR_CS_CA_LA_OA,,,,,,,literature_core_properties_plus_screening_assumptions
19.75692963,25.87511706,429.68723739,8.78712346,10.40720937,10.6584094,6062.53799181,13.3171598,19.756929632198414,25.875117058810964,429.68723738613426,5616.9121998849005,False,POST_SIM_CONSTRAINT,4.929461283609271e-13,0,0.37956376271597375,0.21808882882348135,BIOCHAR_CS_CA_LA_OA,3.1,1.853,104900.0,6.49,0.977,180.0,literature_core_properties_plus_screening_assumptions
13.35514628,7.40259906,680.38499935,7.37208322,8.65552914,7.00307961,8595.03402299,32.56644793,13.355146275451947,7.402599062437453,680.3849993452465,10000.0,False,ROOM_T_LIMIT,,0,0.2,nan,BIOCHAR_CS_CA_LA_OA,,,,,,,literature_core_properties_plus_screening_assumptions
6.97891736,22.44738067,873.33883267,4.35533609,11.30731937,19.60679714,9404.80100556,36.16107304,6.9789173638719815,22.447380671859513,873.3388326670912,10000.0,False,ROOM_T_LIMIT,,0,0.2076115875215938,nan,BIOCHAR_CS_CA_LA_OA,,,,,,,literature_core_properties_plus_screening_assumptions
9.70743698,24.61402,948.30097812,3.31310315,10.56659629,9.31692434,10210.01800737,29.27258621,9.70743698425737,24.614019998127553,948.3009781205371,10000.0,False,ROOM_T_LIMIT,,0,0.22753449415270074,nan,BIOCHAR_CS_CA_LA_OA,,,,,,,literature_core_properties_plus_screening_assumptions
14.20940652,5.65672483,887.22347542,8.19170874,11.76987264,6.10239172,6919.45004568,18.51407196,14.209406515293503,5.656724830983222,887.2234754152717,10000.0,False,ROOM_T_LIMIT,,0,0.458875740135199,nan,BIOCHAR_CS_CA_LA_OA,,,,,,,literature_core_properties_plus_screening_assumptions
11.78305355,25.99853227,896.61324304,4.05670278,5.60442934,15.0714441,5389.95323928,15.78031461,11.783053545453665,25.998532272520567,896.6132430390007,10000.0,False,ROOM_T_LIMIT,,0,0.20659013652837518,nan,BIOCHAR_CS_CA_LA_OA,,,,,,,literature_core_properties_plus_screening_assumptions
11.71792477,4.49548066,606.82349352,3.3308896,5.95768199,9.04559081,5965.00710491,13.76169869,11.717924773774033,4.495480662339198,606.8234935225471,10000.0,False,ROOM_T_LIMIT,,0,0.9480317192139294,nan,BIOCHAR_CS_CA_LA_OA,,,,,,,literature_core_properties_plus_screening_assumptions
21.37870362,32.95723665,972.45343201,5.75441272,10.03253741,14.9826813,8038.65242515,30.3804515,21.378703617005495,32.95723665112812,972.4534320125399,7265.255661812667,False,POST_SIM_CONSTRAINT,209.18324352316475,0,0.433326975862857,0.37465287359195476,BIOCHAR_CS_CA_LA_OA,3.1,1.853,104900.0,6.49,0.977,180.0,literature_core_properties_plus_screening_assumptions
8.74411339,29.57764142,731.43919238,6.58277381,6.95606371,7.82195408,7111.05878283,39.61283427,8.744113386189014,29.577641419870243,731.4391923829389,10000.0,False,ROOM_T_LIMIT,,0,0.23737477156897505,nan,BIOCHAR_CS_CA_LA_OA,,,,,,,literature_core_properties_plus_screening_assumptions
16.49685797,21.87395987,993.08300947,9.19782366,11.99359455,19.35086675,9007.47166565,19.15936581,16.496857970007987,21.873959872989346,993.0830094694456,6307.170466285773,False,POST_SIM_CONSTRAINT,27.970741866852165,26.0,0.2,0.3822919806030439,BIOCHAR_CS_CA_LA_OA,3.1,1.853,104900.0,6.49,0.977,180.0,literature_core_properties_plus_screening_assumptions
17.19100674,14.79450491,867.53867155,3.96110323,7.70037067,17.77086431,7090.6087781,28.03053548,17.191006738570284,14.794504910226976,867.5386715543391,6700.020745871509,False,POST_SIM_CONSTRAINT,3907.21121646487,42.0,0.2,0.07774789423069484,BIOCHAR_CS_CA_LA_OA,3.1,1.853,104900.0,6.49,0.977,180.0,literature_core_properties_plus_screening_assumptions
21.38732672,12.97892304,466.81415716,7.46955938,8.21760518,13.90841452,4931.53426384,19.55872384,21.387326718560306,12.978923042723975,466.8141571586635,6713.915326650245,False,POST_SIM_CONSTRAINT,88.18875050164303,32.0,0.2,0.05379392102328151,BIOCHAR_CS_CA_LA_OA,3.1,1.853,104900.0,6.49,0.977,180.0,literature_core_properties_plus_screening_assumptions
19.79311679,15.10802097,830.23988543,3.32651264,11.60692944,8.91302254,7303.86869746,37.6265576,19.79311679189196,15.108020973371676,830.2398854315024,5965.423925528228,False,POST_SIM_CONSTRAINT,8073.496850397342,20.0,0.2,0.035241510203592674,BIOCHAR_CS_CA_LA_OA,3.1,1.853,104900.0,6.49,0.977,180.0,literature_core_properties_plus_screening_assumptions
10.77867973,22.81253807,476.49847503,6.89854334,10.14946027,10.01343287,7254.75783715,27.2880201,10.77867973444568,22.81253807115379,476.4984750343686,10000.0,False,ROOM_T_LIMIT,,0,0.2,nan,BIOCHAR_CS_CA_LA_OA,,,,,,,literature_core_properties_plus_screening_assumptions
11.62995922,10.93216961,380.08130691,6.95838654,11.49943374,6.26272684,10790.97115683,38.87419331,11.629959220350756,10.93216961119273,380.0813069122488,10000.0,False,ROOM_T_LIMIT,,0,0.2,nan,BIOCHAR_CS_CA_LA_OA,,,,,,,literature_core_properties_plus_screening_assumptions
15.38885653,34.00438721,793.34770556,6.81657646,7.70940014,12.5295861,9137.97054367,17.03516106,15.388856531167095,34.004387211884335,793.3477055622527,6668.458849589716,False,POST_SIM_CONSTRAINT,0.005686448301895325,0,0.280834143007427,0.36783120307564676,BIOCHAR_CS_CA_LA_OA,3.1,1.853,104900.0,6.49,0.977,180.0,literature_core_properties_plus_screening_assumptions
15.74841177,13.86941628,987.90511463,5.70157162,11.08551542,15.1850806,11245.29665193,20.63702982,15.748411766932458,13.869416281050189,987.9051146340781,7064.310014683338,False,POST_SIM_CONSTRAINT,675.7487259937595,76.0,0.2,0.12268762741125494,BIOCHAR_CS_CA_LA_OA,3.1,1.853,104900.0,6.49,0.977,180.0,literature_core_properties_plus_screening_assumptions
12.75062496,15.44913586,878.92997274,9.67185936,10.59655466,12.31989782,10461.87054685,31.90559107,12.750624958696275,15.449135855968404,878.9299727409701,6161.79808596209,False,POST_SIM_CONSTRAINT,335.0042484838039,116.0,0.2,0.04525108173689407,BIOCHAR_CS_CA_LA_OA,3.1,1.853,104900.0,6.49,0.977,180.0,literature_core_properties_plus_screening_assumptions
8.28607755,13.3833013,622.87590353,8.59259561,9.24743319,6.57267743,7333.6709646,15.57991423,8.286077547567189,13.383301299011778,622.8759035281684,10000.0,False,ROOM_T_LIMIT,,0,0.25848803870091985,nan,BIOCHAR_CS_CA_LA_OA,,,,,,,literature_core_properties_plus_screening_assumptions
21.95149022,31.43203125,688.26529778,8.1548563,9.49424802,17.43568815,5509.34169896,16.87864942,21.951490221999727,31.43203124678784,688.2652977791986,6264.163380468132,False,POST_SIM_CONSTRAINT,4.783942131325603e-13,0,0.49506845999766164,0.3506913149112837,BIOCHAR_CS_CA_LA_OA,3.1,1.853,104900.0,6.49,0.977,180.0,literature_core_properties_plus_screening_assumptions
19.67249017,33.73153971,460.87247599,6.97441788,8.3537561,11.22981513,9752.14008062,13.95299043,19.67249016789308,33.73153970890912,460.8724759861493,6473.438548967269,False,POST_SIM_CONSTRAINT,12.431706860271706,0,0.4357782093995227,0.24882135839342534,BIOCHAR_CS_CA_LA_OA,3.1,1.853,104900.0,6.49,0.977,180.0,literature_core_properties_plus_screening_assumptions
11.80731855,17.36308409,967.09984552,7.79012653,9.68767103,19.99707601,5041.00834527,28.10579897,11.807318550389937,17.36308408636461,967.0998455179442,10000.0,False,ROOM_T_LIMIT,,0,0.28239102279985945,nan,BIOCHAR_CS_CA_LA_OA,,,,,,,literature_core_properties_plus_screening_assumptions
6.26089561,9.0373969,787.28948868,8.78188399,9.08638072,14.11696052,10115.67653666,38.68712263,6.26089561101009,9.037396898917187,787.2894886816773,10000.0,False,ROOM_T_LIMIT,,0,0.2,nan,BIOCHAR_CS_CA_LA_OA,,,,,,,literature_core_properties_plus_screening_assumptions
7.26297753,17.68188802,593.89248598,8.79802381,9.28331159,11.71258346,10098.26213674,28.15452967,7.262977534861216,17.681888019206603,593.8924859792698,10000.0,False,ROOM_T_LIMIT,,0,0.2969816041509085,nan,BIOCHAR_CS_CA_LA_OA,,,,,,,literature_core_properties_plus_screening_assumptions
8.39658302,28.57147284,625.94626154,9.2086535,9.32182952,8.1160455,9810.08126887,27.43617259,8.39658302117314,28.571472837652163,625.9462615376019,10000.0,False,ROOM_T_LIMIT,,0,0.2630533100626573,nan,BIOCHAR_CS_CA_LA_OA,,,,,,,literature_core_properties_plus_screening_assumptions
20.56436858,13.70520263,450.65271701,7.02722354,10.51075454,19.49139222,4438.27326515,24.46637165,20.5643685833421,13.705202629523649,450.65271701408153,7146.641579531189,False,POST_SIM_CONSTRAINT,64.5087209023803,32.0,0.2,0.05285660225330979,BIOCHAR_CS_CA_LA_OA,3.1,1.853,104900.0,6.49,0.977,180.0,literature_core_properties_plus_screening_assumptions
5.43660235,6.47821767,490.24959191,8.76172981,11.34759634,9.69802582,5295.79577104,28.49475127,5.436602346376168,6.4782176738516855,490.24959191201566,10000.0,False,ROOM_T_LIMIT,,0,0.20000000000000004,nan,BIOCHAR_CS_CA_LA_OA,,,,,,,literature_core_properties_plus_screening_assumptions
21.94280205,14.81638793,688.40467803,8.1548563,11.90459122,17.43568815,5509.34169896,16.87864942,21.94280205040898,14.816387928119383,688.4046780341258,6271.090399421446,False,POST_SIM_CONSTRAINT,18.123897220856836,18.0,0.20000000000000004,0.3044368044415099,BIOCHAR_CS_CA_LA_OA,3.1,1.853,104900.0,6.49,0.977,180.0,literature_core_properties_plus_screening_assumptions
8.39658302,26.70959455,623.49080187,9.2086535,7.16463402,6.03421263,9810.08126887,27.43617259,8.39658302117314,26.709594549831174,623.4908018734727,10000.0,False,COMPRESSOR_GT_EVAPORATOR_CAPACITY,,,,,BIOCHAR_CS_CA_LA_OA,,,,,,,literature_core_properties_plus_screening_assumptions
13.89910096,31.02277432,396.6253202,6.82470289,8.82254579,12.10711965,8382.25621199,25.92163504,13.89910095717207,31.022774323074273,396.6253201987821,7054.895328910254,False,POST_SIM_CONSTRAINT,23.221110486318562,16.0,0.2,0.0834054309023291,BIOCHAR_CS_CA_LA_OA,3.1,1.853,104900.0,6.49,0.977,180.0,literature_core_properties_plus_screening_assumptions
15.38885653,30.00736093,793.34770556,6.67533678,7.70940014,17.78857621,9152.59294555,39.55966481,15.388856531167095,30.007360929837834,793.3477055622527,6943.724671064223,False,POST_SIM_CONSTRAINT,10.165850296083148,14.0,0.20074180124725025,0.30991481826998324,BIOCHAR_CS_CA_LA_OA,3.1,1.853,104900.0,6.49,0.977,180.0,literature_core_properties_plus_screening_assumptions
20.84295572,24.6948554,459.67402945,3.32636257,9.64102784,18.09042445,4317.25449863,36.4350384,20.8429557156839,24.694855396825627,459.67402945307606,6008.24351946719,False,POST_SIM_CONSTRAINT,4606.282299235709,6.0,0.29478524927552546,0.07746087149716463,BIOCHAR_CS_CA_LA_OA,3.1,1.853,104900.0,6.49,0.977,180.0,literature_core_properties_plus_screening_assumptions
11.59828799,29.24667678,597.6306415,3.3308896,5.95768199,9.04559081,7215.92321106,39.98614601,11.598287990190256,29.246676783720773,597.6306414961336,10000.0,False,EVAPORATOR_AIRFLOW_RATIO_OUT_OF_RANGE,,,,,BIOCHAR_CS_CA_LA_OA,,,,,,,literature_core_properties_plus_screening_assumptions
16.31688486,14.60021306,821.74657682,5.49770996,7.61808104,14.78721392,7534.0872531,16.18906458,16.31688486333616,14.60021306158939,821.746576817893,6898.894974014594,False,POST_SIM_CONSTRAINT,494.0851350914446,52.0,0.2,0.109438140841561,BIOCHAR_CS_CA_LA_OA,3.1,1.853,104900.0,6.49,0.977,180.0,literature_core_properties_plus_screening_assumptions
10.77867973,30.03662801,462.0527383,6.89854334,10.14923664,17.8064077,7254.75783715,27.2880201,10.77867973444568,30.036628014425037,462.05273829901716,10000.0,False,ROOM_T_LIMIT,,0,0.23198428781142105,nan,BIOCHAR_CS_CA_LA_OA,,,,,,,literature_core_properties_plus_screening_assumptions
7.74489708,20.47919987,710.01969828,4.07422378,11.48220646,13.62991466,9393.30863983,30.26858029,7.744897076631518,20.479199867343254,710.0196982775349,10000.0,False,ROOM_T_LIMIT,,0,0.20353443632516652,nan,BIOCHAR_CS_CA_LA_OA,,,,,,,literature_core_properties_plus_screening_assumptions
8.28607755,30.1657435,626.83189861,8.6289153,11.8582192,6.57267743,7333.6709646,16.98350137,8.286077547567189,30.165743501775214,626.8318986084803,10000.0,False,ROOM_T_LIMIT,,0,0.2779614437946544,nan,BIOCHAR_CS_CA_LA_OA,,,,,,,literature_core_properties_plus_screening_assumptions
7.02406038,26.23852351,493.41910987,3.93893783,4.36789745,8.98388921,11440.57665288,39.02925342,7.024060375404411,26.238523509293273,493.41910986660696,10000.0,False,EVAPORATOR_AIRFLOW_RATIO_OUT_OF_RANGE,,,,,BIOCHAR_CS_CA_LA_OA,,,,,,,literature_core_properties_plus_screening_assumptions
14.44146342,9.59003568,875.0351495,9.97382342,9.51475556,19.77949895,11856.38038595,21.49768423,14.441463420132886,9.590035681552903,875.035149502315,10000.0,False,COMPRESSOR_GT_EVAPORATOR_CAPACITY,,,,,BIOCHAR_CS_CA_LA_OA,,,,,,,literature_core_properties_plus_screening_assumptions
11.62995922,10.93216961,378.64017307,6.95903648,11.49943374,6.26272684,11943.24187326,38.87419331,11.629959220350756,10.93216961119273,378.6401730730943,10000.0,False,ROOM_T_LIMIT,,0,0.22919911657955733,nan,BIOCHAR_CS_CA_LA_OA,,,,,,,literature_core_properties_plus_screening_assumptions
4.74214596,5.51855511,451.517506,5.90255113,8.34844227,11.22802583,5849.92597957,12.97633427,4.742145963134265,5.518555110229993,451.51750599933774,10000.0,False,ROOM_T_LIMIT,,0,0.25542358465447834,nan,BIOCHAR_CS_CA_LA_OA,,,,,,,literature_core_properties_plus_screening_assumptions
18.0,27.09874796,970.33197325,6.05374595,6.97999037,20.0,3940.85545047,16.91311485,18.0,27.098747956557762,970.3319732518521,6756.657986042914,False,POST_SIM_CONSTRAINT,6.366462912410497e-13,0,0.2749001749646589,0.39096529728252993,BIOCHAR_CS_CA_LA_OA,3.1,1.853,104900.0,6.49,0.977,180.0,literature_core_properties_plus_screening_assumptions
11.7929228,25.99853227,831.43682162,3.99395124,9.33841286,12.41560799,5389.95323928,15.78031461,11.792922795359264,25.998532272520567,831.4368216173563,10000.0,False,ROOM_T_LIMIT,,0,0.2066159687563713,nan,BIOCHAR_CS_CA_LA_OA,,,,,,,literature_core_properties_plus_screening_assumptions
13.11732804,25.97076608,974.95796836,8.33936239,9.64609126,16.12489398,10247.03496148,18.11297252,13.117328036753372,25.970766077542663,974.9579683647885,6537.925868571699,False,POST_SIM_CONSTRAINT,27.4231865056515,22.0,0.2,0.38498758954045353,BIOCHAR_CS_CA_LA_OA,3.1,1.853,104900.0,6.49,0.977,180.0,literature_core_properties_plus_screening_assumptions
15.74841177,13.69432801,999.28716612,3.34979019,11.08551542,15.18400817,11245.29665193,20.42474734,15.748411766932458,13.69432801140887,999.2871661235364,6473.806513286124,False,POST_SIM_CONSTRAINT,11633.221890380559,118.0,0.2,0.05932903352425434,BIOCHAR_CS_CA_LA_OA,3.1,1.853,104900.0,6.49,0.977,180.0,literature_core_properties_plus_screening_assumptions
6.88098907,20.80391824,655.18456326,3.92115485,8.19116741,13.8438755,6566.28103264,38.2203539,6.880989066702842,20.803918240914737,655.184563257858,10000.0,False,ROOM_T_LIMIT,,0,0.22102993695761342,nan,BIOCHAR_CS_CA_LA_OA,,,,,,,literature_core_properties_plus_screening_assumptions
8.28607755,13.68125322,630.91783615,8.59259561,9.64257302,6.57267743,7333.6709646,15.57991423,8.286077547567189,13.68125322120585,630.917836153652,10000.0,False,ROOM_T_LIMIT,,0,0.317656137543588,nan,BIOCHAR_CS_CA_LA_OA,,,,,,,literature_core_properties_plus_screening_assumptions
8.22526722,34.72755158,999.7312107,5.62685555,9.13210872,11.55966418,6433.43639376,39.524324,8.225267215217954,34.727551580502315,999.73121069764,10000.0,False,ROOM_T_LIMIT,,0,0.20333965570978976,nan,BIOCHAR_CS_CA_LA_OA,,,,,,,literature_core_properties_plus_screening_assumptions
12.48569319,35.0,998.62548745,9.82027586,12.0,20.0,12000.0,39.57223593,12.485693190171062,35.0,998.6254874477784,6011.149015856276,False,POST_SIM_CONSTRAINT,17.63303808690289,16.0,0.2,0.3779366093293448,BIOCHAR_CS_CA_LA_OA,3.1,1.853,104900.0,6.49,0.977,180.0,literature_core_properties_plus_screening_assumptions
18.0,30.0,1000.0,7.33646588,10.3752654,19.58291787,12000.0,39.9674734,18.0,30.0,1000.0,7198.698479881214,True,,1.407897798344493e-12,0,0.2775711907993338,0.37810431703688463,BIOCHAR_CS_CA_LA_OA,3.1,1.853,104900.0,6.49,0.977,180.0,literature_core_properties_plus_screening_assumptions
14.16090014,30.0019508,887.22347542,9.83239816,11.76987264,19.07769039,6911.6538879,18.51407196,14.160900144122802,30.001950802011468,887.2234754152717,5887.129132837614,False,POST_SIM_CONSTRAINT,3.6743585951626303e-13,0,0.30742721594722144,0.3721803375605125,BIOCHAR_CS_CA_LA_OA,3.1,1.853,104900.0,6.49,0.977,180.0,literature_core_properties_plus_screening_assumptions
13.054699,31.50851991,720.50943084,7.37208322,8.65552914,7.91943886,6983.71870647,32.92766829,13.054698995324603,31.50851990900697,720.5094308422451,6547.543453563682,False,POST_SIM_CONSTRAINT,444.23018454998885,18.0,0.2,0.11645285459119814,BIOCHAR_CS_CA_LA_OA,3.1,1.853,104900.0,6.49,0.977,180.0,literature_core_properties_plus_screening_assumptions
7.02952892,19.22987613,493.41910987,4.01897298,4.4505573,8.44769753,6908.40967535,26.10916239,7.029528924221306,19.229876132026035,493.41910986660696,10000.0,False,EVAPORATOR_AIRFLOW_RATIO_OUT_OF_RANGE,,,,,BIOCHAR_CS_CA_LA_OA,,,,,,,literature_core_properties_plus_screening_assumptions
22.79983482,15.85123416,686.93446552,8.1548563,9.49424802,17.43568815,5499.76774838,16.87864942,22.79983482362162,15.85123415953829,686.9344655173327,6265.039594902245,False,POST_SIM_CONSTRAINT,17.95065846039109,16.0,0.2,0.30539169302952485,BIOCHAR_CS_CA_LA_OA,3.1,1.853,104900.0,6.49,0.977,180.0,literature_core_properties_plus_screening_assumptions
19.63273044,29.5547535,731.43919238,6.57028114,6.95606371,11.14342811,9751.68233541,39.61283427,19.63273044095048,29.554753495451788,731.4391923829389,10000.0,False,EVAPORATOR_AIRFLOW_RATIO_OUT_OF_RANGE,,,,,BIOCHAR_CS_CA_LA_OA,,,,,,,literature_core_properties_plus_screening_assumptions
6.81104477,19.25569474,979.67563008,4.26969382,10.00291738,9.92572261,7258.97613559,39.42211599,6.811044766310597,19.25569473577203,979.6756300845304,10000.0,False,ROOM_T_LIMIT,,0,0.2,nan,BIOCHAR_CS_CA_LA_OA,,,,,,,literature_core_properties_plus_screening_assumptions
12.42402738,24.62932315,981.89410064,4.19144322,10.6151729,6.40278588,3825.43263421,14.89925469,12.424027384455458,24.629323145327536,981.8941006405416,10000.0,False,EVAPORATOR_AIRFLOW_RATIO_OUT_OF_RANGE,,,,,BIOCHAR_CS_CA_LA_OA,,,,,,,literature_core_properties_plus_screening_assumptions
8.39658302,29.98641372,633.80126224,9.2086535,9.32182952,17.55524979,9819.37843406,27.43617259,8.39658302117314,29.98641372415741,633.8012622433725,10000.0,False,ROOM_T_LIMIT,,0,0.2173267350408658,nan,BIOCHAR_CS_CA_LA_OA,,,,,,,literature_core_properties_plus_screening_assumptions
9.81100516,13.73067038,519.13350117,6.37146304,11.7735198,16.84529789,10120.20553356,32.77805502,9.811005160070376,13.730670384177742,519.1335011739563,10000.0,False,ROOM_T_LIMIT,,0,0.2506771785401231,nan,BIOCHAR_CS_CA_LA_OA,,,,,,,literature_core_properties_plus_screening_assumptions
4.83205342,13.20045272,999.29567617,10.0,10.71161677,14.66708646,11100.72870264,39.91273364,4.832053417149714,13.200452721655266,999.295676166594,10000.0,False,ROOM_T_LIMIT,,0,0.35841522866443415,nan,BIOCHAR_CS_CA_LA_OA,,,,,,,literature_core_properties_plus_screening_assumptions
5.43660235,32.33499029,963.26362181,7.14066558,10.44358894,14.93031328,5548.53950913,30.45378626,5.436602346376168,32.33499028698313,963.2636218088044,10000.0,False,ROOM_T_LIMIT,,0,0.2,nan,BIOCHAR_CS_CA_LA_OA,,,,,,,literature_core_properties_plus_screening_assumptions
20.8904655,12.84125501,459.67402945,8.40151823,11.9760314,18.09042445,4317.25449863,39.75413157,20.890465499009128,12.84125500553254,459.67402945307606,10000.0,False,EVAPORATOR_AIRFLOW_RATIO_OUT_OF_RANGE,,,,,BIOCHAR_CS_CA_LA_OA,,,,,,,literature_core_properties_plus_screening_assumptions
10.94243823,12.77116078,497.11756074,7.48499413,11.70303069,16.84529789,9089.58006177,33.08159926,10.942438230693224,12.771160782448524,497.117560740827,10000.0,False,ROOM_T_LIMIT,,0,0.269964920079039,nan,BIOCHAR_CS_CA_LA_OA,,,,,,,literature_core_properties_plus_screening_assumptions
7.26297753,17.68188802,593.89248598,7.07080045,9.28331159,11.75523982,10051.66363293,34.39424269,7.262977534861216,17.681888019206603,593.8924859792698,10000.0,False,ROOM_T_LIMIT,,0,0.2533584605190508,nan,BIOCHAR_CS_CA_LA_OA,,,,,,,literature_core_properties_plus_screening_assumptions
21.02444957,31.21038184,685.61516077,4.3740782,9.52825823,9.4050165,5311.80720504,12.19570217,21.024449565823026,31.210381842996867,685.6151607673808,6519.69544597351,False,POST_SIM_CONSTRAINT,1243.8990711391184,0,0.443456917956305,0.3849890518085328,BIOCHAR_CS_CA_LA_OA,3.1,1.853,104900.0,6.49,0.977,180.0,literature_core_properties_plus_screening_assumptions
11.87808693,13.81888316,786.39138435,4.25000315,9.32724479,8.21558815,5362.45241475,22.50214913,11.878086926429479,13.818883163265893,786.3913843545588,10000.0,False,ROOM_T_LIMIT,,0,0.20000000000000004,nan,BIOCHAR_CS_CA_LA_OA,,,,,,,literature_core_properties_plus_screening_assumptions
6.79102622,18.97824882,550.69318837,5.9528116,8.28275182,12.52073869,6891.5915237,36.64801957,6.7910262196590105,18.97824881527874,550.6931883663302,10000.0,False,ROOM_T_LIMIT,,0,0.2539571188289833,nan,BIOCHAR_CS_CA_LA_OA,,,,,,,literature_core_properties_plus_screening_assumptions
20.0,33.99692852,1000.0,9.98639885,12.0,12.74099777,11925.32721024,16.98329668,20.0,33.99692852323177,1000.0,4832.6796276235555,False,POST_SIM_CONSTRAINT,1.3751559890806675e-12,0,0.53994999839445,0.3936191572209802,BIOCHAR_CS_CA_LA_OA,3.1,1.853,104900.0,6.49,0.977,180.0,literature_core_properties_plus_screening_assumptions
8.42690936,12.7604197,948.30097812,8.40111734,10.56659629,6.72578878,10210.01800737,29.27258621,8.426909359085542,12.760419700633786,948.3009781205371,10000.0,False,ROOM_T_LIMIT,,0,0.24167312738211225,nan,BIOCHAR_CS_CA_LA_OA,,,,,,,literature_core_properties_plus_screening_assumptions
8.86375017,5.06202739,740.63204441,6.58277381,7.29080301,7.82195408,5860.14267668,10.65568385,8.863750169777514,5.062027391123268,740.6320444092734,10000.0,False,ROOM_T_LIMIT,,0,0.2,nan,BIOCHAR_CS_CA_LA_OA,,,,,,,literature_core_properties_plus_screening_assumptions
14.81826138,28.84409363,408.86534135,6.45376862,6.97946784,11.08389313,3939.75164644,11.01754853,14.818261375381383,28.844093631679748,408.8653413545592,6325.2616636306875,False,POST_SIM_CONSTRAINT,30.74524516109861,14.0,0.20000000000000004,0.23791823666281076,BIOCHAR_CS_CA_LA_OA,3.1,1.853,104900.0,6.49,0.977,180.0,literature_core_properties_plus_screening_assumptions
17.65332975,22.77590992,934.56753493,10.0,11.97298304,10.20684768,12000.0,40.0,17.6533297454797,22.77590992254612,934.5675349334163,5995.174800339357,False,POST_SIM_CONSTRAINT,6.99532069423399,4.0,0.2,0.3695737653715572,BIOCHAR_CS_CA_LA_OA,3.1,1.853,104900.0,6.49,0.977,180.0,literature_core_properties_plus_screening_assumptions
23.35053732,34.91147492,322.91548076,8.63280159,9.72843196,18.7885802,5939.67125239,37.5244532,23.35053732306202,34.911474919697305,322.9154807550698,6574.432479402579,False,POST_SIM_CONSTRAINT,1.6552803572267293e-13,0,0.5869351933432525,0.04649767613504663,BIOCHAR_CS_CA_LA_OA,3.1,1.853,104900.0,6.49,0.977,180.0,literature_core_properties_plus_screening_assumptions
22.17118062,13.21731446,988.21731455,9.93538548,9.33455789,20.0,12000.0,38.13903924,22.171180617610666,13.2173144560964,988.2173145466717,10000.0,False,COMPRESSOR_GT_EVAPORATOR_CAPACITY,,,,,BIOCHAR_CS_CA_LA_OA,,,,,,,literature_core_properties_plus_screening_assumptions
18.2827965,30.0,1000.0,10.0,12.0,17.46349287,5149.56097945,26.81538762,18.282796496396266,30.0,1000.0,6203.620638921458,True,,1.3460521586239337e-13,0,0.4050259253838415,0.37810431703688496,BIOCHAR_CS_CA_LA_OA,3.1,1.853,104900.0,6.49,0.977,180.0,literature_core_properties_plus_screening_assumptions
25.0,35.0,1000.0,5.1926823,12.0,9.04471381,7940.30089199,39.63541634,25.0,35.0,1000.0,7301.167436947412,False,POST_SIM_CONSTRAINT,913.8593617990856,0,0.5376912433807648,0.3781043170368862,BIOCHAR_CS_CA_LA_OA,3.1,1.853,104900.0,6.49,0.977,180.0,literature_core_properties_plus_screening_assumptions
14.25629108,30.0,988.3804672,9.9349004,12.0,18.0,10823.47804055,40.0,14.256291083342607,30.0,988.3804671971934,6070.732723846093,True,,1.3642420526593923e-13,0,0.26107359421211807,0.3766718996281725,BIOCHAR_CS_CA_LA_OA,3.1,1.853,104900.0,6.49,0.977,180.0,literature_core_properties_plus_screening_assumptions
19.6056813,34.39367189,460.87247599,6.97441788,7.3023172,18.38479993,9752.14008062,13.95299043,19.605681299987335,34.39367189085129,460.8724759861493,10000.0,False,EVAPORATOR_AIRFLOW_RATIO_OUT_OF_RANGE,,,,,BIOCHAR_CS_CA_LA_OA,,,,,,,literature_core_properties_plus_screening_assumptions
11.616634,34.98328097,339.29248197,9.96155676,11.88853975,12.67903608,11941.7811309,39.27797526,11.616633998214816,34.98328096874425,339.292481972524,6361.931698453336,False,POST_SIM_CONSTRAINT,92.97699296769893,34.0,0.2,0.047736608233782674,BIOCHAR_CS_CA_LA_OA,3.1,1.853,104900.0,6.49,0.977,180.0,literature_core_properties_plus_screening_assumptions
10.12956406,34.63478594,895.99052482,5.41197932,5.39814621,15.10753457,6433.43639376,25.11408851,10.129564064132827,34.63478593782658,895.9905248241834,10000.0,False,COMPRESSOR_GT_EVAPORATOR_CAPACITY,,,,,BIOCHAR_CS_CA_LA_OA,,,,,,,literature_core_properties_plus_screening_assumptions
9.25879337,34.7003181,584.1921405,5.0987088,10.54040363,12.53365724,5458.95104429,18.61816768,9.258793367161203,34.70031810466424,584.1921405042287,10000.0,False,ROOM_T_LIMIT,,0,0.21926891167244003,nan,BIOCHAR_CS_CA_LA_OA,,,,,,,literature_core_properties_plus_screening_assumptions
11.71792477,4.70023109,558.36992552,5.68338424,5.98891026,9.04666477,5965.00710491,13.97398191,11.717924773774033,4.700231092997731,558.3699255203746,10000.0,False,ROOM_T_LIMIT,,0,0.2,nan,BIOCHAR_CS_CA_LA_OA,,,,,,,literature_core_properties_plus_screening_assumptions
12.19156559,34.51192605,737.68303909,7.85535984,9.6544186,10.27323205,6802.36470526,37.53212493,12.191565590737097,34.51192605036494,737.6830390905748,6546.399320724612,False,POST_SIM_CONSTRAINT,39.588739820488016,16.0,0.2,0.1192244979440269,BIOCHAR_CS_CA_LA_OA,3.1,1.853,104900.0,6.49,0.977,180.0,literature_core_properties_plus_screening_assumptions
9.54459689,26.03506608,966.27275661,8.33936239,9.28017246,16.74335651,9514.13562473,18.13640947,9.544596889809874,26.03506607509492,966.272756606629,10000.0,False,ROOM_T_LIMIT,,0,0.2,nan,BIOCHAR_CS_CA_LA_OA,,,,,,,literature_core_properties_plus_screening_assumptions
14.0,29.88461773,817.67716778,9.8012466,12.0,17.77402477,11869.14176084,25.28129668,14.0,29.884617729885655,817.6771677776112,5844.172004685334,True,,2.5647750589996574e-13,0,0.24422525537753803,0.3509382976114307,BIOCHAR_CS_CA_LA_OA,3.1,1.853,104900.0,6.49,0.977,180.0,literature_core_properties_plus_screening_assumptions
24.04697308,25.99853227,895.45046484,4.11351976,5.60442934,15.0714441,5389.95323928,15.67981626,24.04697307724041,25.998532272520567,895.4504648432353,6665.704718264211,False,POST_SIM_CONSTRAINT,1025.3874629695038,0,0.43103159344787517,0.35513166851578715,BIOCHAR_CS_CA_LA_OA,3.1,1.853,104900.0,6.49,0.977,180.0,literature_core_properties_plus_screening_assumptions
21.42562475,12.73821265,457.83887404,9.99222267,11.99277257,17.90839942,4354.72347379,23.40959098,21.425624745601702,12.738212648300806,457.83887404265187,10000.0,False,EVAPORATOR_AIRFLOW_RATIO_OUT_OF_RANGE,,,,,BIOCHAR_CS_CA_LA_OA,,,,,,,literature_core_properties_plus_screening_assumptions
22.0484873,5.70418375,1000.0,8.32670099,12.0,6.9528923,11899.41682686,39.28599923,22.04848730392206,5.704183747407084,1000.0,7301.000997784125,False,POST_SIM_CONSTRAINT,1355.9063781541718,714.0,0.2,0.11603481019184547,BIOCHAR_CS_CA_LA_OA,3.1,1.853,104900.0,6.49,0.977,180.0,literature_core_properties_plus_screening_assumptions
21.08229282,7.51881729,943.75839143,5.57407236,6.01332142,7.33172039,8730.4145392,34.21081481,21.082292819651805,7.518817294192804,943.7583914258726,10000.0,False,EVAPORATOR_AIRFLOW_RATIO_OUT_OF_RANGE,,,,,BIOCHAR_CS_CA_LA_OA,,,,,,,literature_core_properties_plus_screening_assumptions
5.9961006,25.98689619,550.69318837,6.73453383,8.74930154,14.96150435,4709.37031158,35.97592654,5.996100602852766,25.986896192235772,550.6931883663302,10000.0,False,ROOM_T_LIMIT,,0,0.21876844205202842,nan,BIOCHAR_CS_CA_LA_OA,,,,,,,literature_core_properties_plus_screening_assumptions
12.41791393,31.0292869,880.26079591,9.67185936,10.59655466,12.31989782,10471.40722425,31.90559107,12.417913926310558,31.029286904215308,880.2607959060084,6132.157057797334,False,POST_SIM_CONSTRAINT,18.014057206939267,18.0,0.2,0.29919383974804425,BIOCHAR_CS_CA_LA_OA,3.1,1.853,104900.0,6.49,0.977,180.0,literature_core_properties_plus_screening_assumptions
8.78387765,33.75438342,460.87247599,6.98691055,8.3537561,7.90834154,7111.51652294,13.95299043,8.783877647287184,33.75438342421627,460.8724759861493,10000.0,False,ROOM_T_LIMIT,,0,0.24327668308350567,nan,BIOCHAR_CS_CA_LA_OA,,,,,,,literature_core_properties_plus_screening_assumptions
24.28644704,34.76405166,329.76808372,8.87773486,11.48220646,18.62722216,9434.47173133,30.26858029,24.286447038815115,34.76405165720547,329.76808372178965,6954.0718815135415,False,POST_SIM_CONSTRAINT,2.2737367544323206e-13,0,0.5721657131768073,0.0666087890867546,BIOCHAR_CS_CA_LA_OA,3.1,1.853,104900.0,6.49,0.977,180.0,literature_core_properties_plus_screening_assumptions
4.53068371,16.5415262,439.50604186,4.9967694,9.98574367,12.19904446,4991.27203151,37.15007712,4.530683706549869,16.541526202334264,439.506041861029,10000.0,False,ROOM_T_LIMIT,,0,0.20000000000000004,nan,BIOCHAR_CS_CA_LA_OA,,,,,,,literature_core_properties_plus_screening_assumptions
9.70743698,15.54522121,948.30097812,3.31310315,8.86165185,9.45574058,10145.31054112,30.67342167,9.70743698425737,15.545221205162036,948.3009781205371,10000.0,False,ROOM_T_LIMIT,,0,0.24359761632004628,nan,BIOCHAR_CS_CA_LA_OA,,,,,,,literature_core_properties_plus_screening_assumptions
19.2528171,28.58505911,984.5487004,10.0,12.0,8.56065294,11944.67431925,40.0,19.252817099172105,28.585059113494758,984.5487004003485,6013.124604134276,False,POST_SIM_CONSTRAINT,35.91251534842231,0,0.5788863331012898,0.37619212204969554,BIOCHAR_CS_CA_LA_OA,3.1,1.853,104900.0,6.49,0.977,180.0,literature_core_properties_plus_screening_assumptions
14.96719248,13.42168602,422.06873176,5.97810365,7.0103784,14.87392064,7486.13624361,11.10879094,14.96719248395955,13.421686020775756,422.0687317558101,6677.007376717631,False,POST_SIM_CONSTRAINT,532.8046044715285,116.0,0.2,0.0007125390666661291,BIOCHAR_CS_CA_LA_OA,3.1,1.853,104900.0,6.49,0.977,180.0,literature_core_properties_plus_screening_assumptions
7.26297753,17.68188802,593.89248598,8.79802381,9.28331159,11.18972301,8313.87273031,28.15452967,7.262977534861216,17.681888019206603,593.8924859792698,10000.0,False,ROOM_T_LIMIT,,0,0.2,nan,BIOCHAR_CS_CA_LA_OA,,,,,,,literature_core_properties_plus_screening_assumptions
17.62211155,34.69453109,999.99578946,4.83502757,11.99738325,19.70340377,10196.11499715,28.62438857,17.622111549359282,34.69453108789932,999.9957894589304,7157.682104145284,False,POST_SIM_CONSTRAINT,1906.9945592779554,0,0.42822966298645987,0.19613119746801677,BIOCHAR_CS_CA_LA_OA,3.1,1.853,104900.0,6.49,0.977,180.0,literature_core_properties_plus_screening_assumptions
21.37870362,7.08546342,498.09211665,5.64825362,10.03253741,9.79305025,8038.65242515,34.66112955,21.378703617005495,7.085463420261066,498.0921166530878,7484.498696903111,False,POST_SIM_CONSTRAINT,542.9996873727023,184.0,0.2,0.08622151922250265,BIOCHAR_CS_CA_LA_OA,3.1,1.853,104900.0,6.49,0.977,180.0,literature_core_properties_plus_screening_assumptions
16.0,30.0,1000.0,9.90478502,9.59749789,18.0,12000.0,36.01527129,16.0,30.0,1000.0,10000.0,False,COMPRESSOR_GT_EVAPORATOR_CAPACITY,,,,,BIOCHAR_CS_CA_LA_OA,,,,,,,literature_core_properties_plus_screening_assumptions
16.30710966,29.93999107,885.42600182,8.27389934,7.77706676,11.14779398,6918.99269446,18.51850703,16.307109660290774,29.939991067601962,885.4260018227611,10000.0,False,COMPRESSOR_GT_EVAPORATOR_CAPACITY,,,,,BIOCHAR_CS_CA_LA_OA,,,,,,,literature_core_properties_plus_screening_assumptions
6.22434597,22.72511094,566.29698892,8.07705757,9.23092809,12.03717448,10786.78553442,27.70767703,6.224345970853813,22.72511093863659,566.2969889205726,10000.0,False,ROOM_T_LIMIT,,0,0.2,nan,BIOCHAR_CS_CA_LA_OA,,,,,,,literature_core_properties_plus_screening_assumptions
14.21918172,5.79611993,810.32900081,5.47286006,11.56826859,6.10239172,3988.08140393,16.09281125,14.219181718338891,5.796119934201924,810.3290008106991,10000.0,False,EVAPORATOR_AIRFLOW_RATIO_OUT_OF_RANGE,,,,,BIOCHAR_CS_CA_LA_OA,,,,,,,literature_core_properties_plus_screening_assumptions
17.64439039,16.32797548,693.73498799,9.3409499,10.89263463,18.90347603,11434.61846573,28.9509573,17.644390391028033,16.327975483681445,693.7349879867695,6424.531531982142,False,POST_SIM_CONSTRAINT,21.112522564778438,18.0,0.20000000000000004,0.23689807186834944,BIOCHAR_CS_CA_LA_OA,3.1,1.853,104900.0,6.49,0.977,180.0,literature_core_properties_plus_screening_assumptions
10.11876478,34.73322483,970.33197325,6.05374595,6.97999037,20.0,4041.07355317,17.13903267,10.118764775902648,34.73322482705511,970.3319732518521,10000.0,False,ROOM_T_LIMIT,,0,0.20880667907427838,nan,BIOCHAR_CS_CA_LA_OA,,,,,,,literature_core_properties_plus_screening_assumptions
21.54326963,12.84125501,459.67402945,8.40151823,11.97768871,18.09042445,4317.25449863,39.9928303,21.54326962709265,12.84125500553254,459.67402945307606,10000.0,False,EVAPORATOR_AIRFLOW_RATIO_OUT_OF_RANGE,,,,,BIOCHAR_CS_CA_LA_OA,,,,,,,literature_core_properties_plus_screening_assumptions
19.5591611,29.52234377,887.22347542,9.83239816,6.96301835,18.90897894,9719.13112506,18.51407196,19.559161100140017,29.522343769639292,887.2234754152717,10000.0,False,COMPRESSOR_GT_EVAPORATOR_CAPACITY,,,,,BIOCHAR_CS_CA_LA_OA,,,,,,,literature_core_properties_plus_screening_assumptions
8.39658302,26.70959455,985.29483915,9.2086535,7.08872512,6.03421263,9810.08126887,27.43617259,8.39658302117314,26.709594549831174,985.2948391450296,10000.0,False,COMPRESSOR_GT_EVAPORATOR_CAPACITY,,,,,BIOCHAR_CS_CA_LA_OA,,,,,,,literature_core_properties_plus_screening_assumptions
14.08418286,29.97389952,993.35821871,9.81291397,12.0,18.0,11873.1600582,39.94018158,14.084182860596723,29.973899517502026,993.358218711637,6091.434160778121,False,POST_SIM_CONSTRAINT,0.29776447710404974,2.0,0.23893748688607655,0.37728964149605126,BIOCHAR_CS_CA_LA_OA,3.1,1.853,104900.0,6.49,0.977,180.0,literature_core_properties_plus_screening_assumptions
18.2827965,30.0,998.22478825,5.67685354,11.29549988,7.17716205,5496.60511885,32.68778626,18.282796496396266,30.0,998.2247882460456,6945.8072764878525,False,POST_SIM_CONSTRAINT,1047.1693070352376,0,0.40520016752447713,0.1682717053658631,BIOCHAR_CS_CA_LA_OA,3.1,1.853,104900.0,6.49,0.977,180.0,literature_core_properties_plus_screening_assumptions
10.94243823,30.27206209,487.34492131,9.82054858,11.70303069,16.84529789,11971.43743088,33.08159926,10.942438230693224,30.27206208818864,487.3449213091886,6246.389428880601,False,POST_SIM_CONSTRAINT,110.14119855097476,34.0,0.2,0.08947400492624347,BIOCHAR_CS_CA_LA_OA,3.1,1.853,104900.0,6.49,0.977,180.0,literature_core_properties_plus_screening_assumptions
6.97891736,22.44738067,996.19266972,4.83374294,11.29864714,19.75244433,9404.80100556,34.14149663,6.9789173638719815,22.447380671859513,996.1926697237768,10000.0,False,ROOM_T_LIMIT,,0,0.2076115875215938,nan,BIOCHAR_CS_CA_LA_OA,,,,,,,literature_core_properties_plus_screening_assumptions
24.88282156,30.37783763,1000.0,10.0,12.0,20.0,12000.0,40.0,24.882821556125794,30.377837630785702,1000.0,6167.129131032031,True,,1.3278622645884751e-13,0,0.5210913641833923,0.37810431703688463,BIOCHAR_CS_CA_LA_OA,3.1,1.853,104900.0,6.49,0.977,180.0,literature_core_properties_plus_screening_assumptions
17.63096539,34.32540708,1000.0,10.0,12.0,11.80643137,12000.0,39.82550719,17.630965387585853,34.32540708200032,1000.0,6003.161559062983,False,POST_SIM_CONSTRAINT,1.291482476517558e-13,0,0.42449476525192004,0.37810431703688463,BIOCHAR_CS_CA_LA_OA,3.1,1.853,104900.0,6.49,0.977,180.0,literature_core_properties_plus_screening_assumptions
12.42402738,15.03003521,981.89410064,9.78220919,11.79968725,6.53957945,11966.40377651,39.63695757,12.424027384455458,15.030035208801479,981.8941006405416,6353.4617225328075,False,POST_SIM_CONSTRAINT,1111.4445757431756,90.0,0.20000000000000004,0.0,BIOCHAR_CS_CA_LA_OA,3.1,1.853,104900.0,6.49,0.977,180.0,literature_core_properties_plus_screening_assumptions
7.29923648,31.89261556,593.89248598,8.79666245,9.28331159,11.25493265,8313.87273031,28.15452967,7.299236477917376,31.8926155597272,593.8924859792698,10000.0,False,ROOM_T_LIMIT,,0,0.2,nan,BIOCHAR_CS_CA_LA_OA,,,,,,,literature_core_properties_plus_screening_assumptions
24.37579173,30.0,976.85523638,8.82949757,11.97745037,18.0,10823.47804055,40.0,24.375791727146755,30.0,976.855236384261,7160.6633371357575,True,,8.949427865445614e-13,0,0.462049484192651,0.37521745880626733,BIOCHAR_CS_CA_LA_OA,3.1,1.853,104900.0,6.49,0.977,180.0,literature_core_properties_plus_screening_assumptions
11.61183495,8.89610527,312.52281106,4.09452748,11.34620051,8.41848483,6896.21449603,26.10916239,11.611834949782324,8.896105269027547,312.5228110592496,10000.0,False,ROOM_T_LIMIT,,0,0.22435549602572707,nan,BIOCHAR_CS_CA_LA_OA,,,,,,,literature_core_properties_plus_screening_assumptions
10.05771326,26.03506608,961.95501611,8.33936239,9.30852789,17.4550812,9947.57378666,18.13640947,10.05771326425267,26.03506607509492,961.9550161095759,10000.0,False,ROOM_T_LIMIT,,0,0.2643500209662532,nan,BIOCHAR_CS_CA_LA_OA,,,,,,,literature_core_properties_plus_screening_assumptions
22.0,30.0,1000.0,9.93840836,12.0,6.05519425,11942.08965664,38.84284701,22.0,30.0,1000.0,6602.263484334142,False,POST_SIM_CONSTRAINT,806.1163164352587,0,0.6829665713563446,0.37810431703688463,BIOCHAR_CS_CA_LA_OA,3.1,1.853,104900.0,6.49,0.977,180.0,literature_core_properties_plus_screening_assumptions
6.91490451,20.80402942,705.84258959,3.66551711,11.48220646,13.62712894,9355.79434894,30.26858029,6.9149045120706045,20.804029423923687,705.8425895880325,10000.0,False,ROOM_T_LIMIT,,0,0.22503651418787973,nan,BIOCHAR_CS_CA_LA_OA,,,,,,,literature_core_properties_plus_screening_assumptions
12.42402738,24.37909956,998.91921178,7.15997532,10.37701086,6.94191576,11850.07193721,14.89925469,12.424027384455458,24.3790995624798,998.91921178385,6479.690780764842,False,POST_SIM_CONSTRAINT,2467.798047252236,64.0,0.2,0.07400180788951782,BIOCHAR_CS_CA_LA_OA,3.1,1.853,104900.0,6.49,0.977,180.0,literature_core_properties_plus_screening_assumptions
11.68699363,4.47151341,556.01971787,5.89473144,6.06244377,11.50409859,5849.92597957,12.97633427,11.686993629045942,4.471513409933595,556.0197178719761,10000.0,False,ROOM_T_LIMIT,,0,0.42892328967078974,nan,BIOCHAR_CS_CA_LA_OA,,,,,,,literature_core_properties_plus_screening_assumptions
14.21918172,5.79611993,810.32900081,5.47286006,11.53276125,6.24826182,3988.08140393,16.09281125,14.219181718338891,5.796119934201924,810.3290008106991,10000.0,False,EVAPORATOR_AIRFLOW_RATIO_OUT_OF_RANGE,,,,,BIOCHAR_CS_CA_LA_OA,,,,,,,literature_core_properties_plus_screening_assumptions
23.88022316,19.12874669,988.21731455,9.86004067,9.30217859,19.753363,6811.00736325,37.70088565,23.880223155620833,19.128746690224787,988.2173145466717,10000.0,False,COMPRESSOR_GT_EVAPORATOR_CAPACITY,,,,,BIOCHAR_CS_CA_LA_OA,,,,,,,literature_core_properties_plus_screening_assumptions
14.44146342,9.79618198,723.92824308,8.60452868,9.64266705,9.05697833,6145.53682671,21.03665626,14.441463420132886,9.796181975806848,723.928243083546,10000.0,False,ROOM_T_LIMIT,,0,0.2,nan,BIOCHAR_CS_CA_LA_OA,,,,,,,literature_core_properties_plus_screening_assumptions
18.54396094,26.71775181,988.38499279,9.97046371,7.16463402,6.06374678,9852.67291435,27.43617259,18.543960936916054,26.717751810986766,988.384992789656,10000.0,False,COMPRESSOR_GT_EVAPORATOR_CAPACITY,,,,,BIOCHAR_CS_CA_LA_OA,,,,,,,literature_core_properties_plus_screening_assumptions
8.9225097,13.42185073,622.87590353,8.59259561,9.24743319,6.10858698,7583.01522076,15.57991423,8.922509696825394,13.421850734592578,622.8759035281684,10000.0,False,ROOM_T_LIMIT,,0,0.35582954548885937,nan,BIOCHAR_CS_CA_LA_OA,,,,,,,literature_core_properties_plus_screening_assumptions
16.0,30.0,1000.0,9.90478502,9.59749789,17.99290655,12000.0,26.9557758,16.0,30.0,1000.0,10000.0,False,COMPRESSOR_GT_EVAPORATOR_CAPACITY,,,,,BIOCHAR_CS_CA_LA_OA,,,,,,,literature_core_properties_plus_screening_assumptions
21.08229282,7.51881729,943.75839143,7.04656259,5.68738963,7.33172039,10050.47346594,34.201365,21.082292819651805,7.518817294192804,943.7583914258726,10000.0,False,COMPRESSOR_GT_EVAPORATOR_CAPACITY,,,,,BIOCHAR_CS_CA_LA_OA,,,,,,,literature_core_properties_plus_screening_assumptions
10.15829901,24.44401727,701.55033245,3.92115485,9.35299537,13.79155277,6808.63794843,37.5244532,10.158299006501945,24.44401726546486,701.5503324461193,10000.0,False,ROOM_T_LIMIT,,0,0.2,nan,BIOCHAR_CS_CA_LA_OA,,,,,,,literature_core_properties_plus_screening_assumptions
6.97891736,30.209729,879.99400758,4.80912654,11.30731937,19.60679714,6847.11570981,18.7808171,6.9789173638719815,30.209729000304307,879.9940075776676,10000.0,False,ROOM_T_LIMIT,,0,0.20549899431508692,nan,BIOCHAR_CS_CA_LA_OA,,,,,,,literature_core_properties_plus_screening_assumptions
7.02952892,19.22987613,493.41910987,4.01897298,4.4505573,8.63900905,6908.40967535,23.38234766,7.029528924221306,19.229876132026035,493.41910986660696,10000.0,False,EVAPORATOR_AIRFLOW_RATIO_OUT_OF_RANGE,,,,,BIOCHAR_CS_CA_LA_OA,,,,,,,literature_core_properties_plus_screening_assumptions
14.0,29.54050219,817.67716778,9.8012466,12.0,17.77980305,11834.09942659,26.17295118,14.0,29.540502190872633,817.6771677776112,5867.171252734871,False,POST_SIM_CONSTRAINT,0.2977644771036727,2.0,0.23212056815157425,0.3483309388669975,BIOCHAR_CS_CA_LA_OA,3.1,1.853,104900.0,6.49,0.977,180.0,literature_core_properties_plus_screening_assumptions
9.63607921,30.04730561,995.65148279,3.72957612,10.58880133,17.96988249,11995.90222099,29.98026733,9.636079206723412,30.04730560761623,995.6514827898992,10000.0,False,ROOM_T_LIMIT,,0,0.2221406157365548,nan,BIOCHAR_CS_CA_LA_OA,,,,,,,literature_core_properties_plus_screening_assumptions
14.44494916,9.59003568,989.22733312,9.97382342,9.51475556,19.59754168,11856.38038595,21.49768423,14.444949156025874,9.590035681552903,989.227333121359,10000.0,False,COMPRESSOR_GT_EVAPORATOR_CAPACITY,,,,,BIOCHAR_CS_CA_LA_OA,,,,,,,literature_core_properties_plus_screening_assumptions
20.8904655,13.15361213,429.31795897,6.07354267,11.56123232,19.98937811,3947.81504751,39.53209151,20.890465499009128,13.153612133261596,429.3179589700714,10000.0,False,EVAPORATOR_AIRFLOW_RATIO_OUT_OF_RANGE,,,,,BIOCHAR_CS_CA_LA_OA,,,,,,,literature_core_properties_plus_screening_assumptions
7.26297753,17.68188802,593.89248598,8.79802381,9.27176114,11.18972301,5839.25380284,28.45145069,7.262977534861216,17.681888019206603,593.8924859792698,10000.0,False,ROOM_T_LIMIT,,0,0.2,nan,BIOCHAR_CS_CA_LA_OA,,,,,,,literature_core_properties_plus_screening_assumptions
11.87808693,15.57771937,786.39138435,4.25000315,9.3837316,8.09512906,5362.45241475,22.50214913,11.878086926429479,15.577719366113362,786.3913843545588,10000.0,False,ROOM_T_LIMIT,,0,0.21141379370671468,nan,BIOCHAR_CS_CA_LA_OA,,,,,,,literature_core_properties_plus_screening_assumptions
12.42402738,34.85754637,981.89410064,4.19144322,10.71021142,6.40278588,3825.43263421,14.89925469,12.424027384455458,34.857546374229635,981.8941006405416,10000.0,False,EVAPORATOR_AIRFLOW_RATIO_OUT_OF_RANGE,,,,,BIOCHAR_CS_CA_LA_OA,,,,,,,literature_core_properties_plus_screening_assumptions
21.42562475,13.39195173,991.4962596,9.99222267,11.99277257,14.2318125,4482.50452837,22.46004324,21.425624745601702,13.391951727408852,991.4962595991685,10000.0,False,EVAPORATOR_AIRFLOW_RATIO_OUT_OF_RANGE,,,,,BIOCHAR_CS_CA_LA_OA,,,,,,,literature_core_properties_plus_screening_assumptions
17.0784888,24.77677175,895.99052482,5.41197932,5.17869815,15.10753457,6333.22271634,24.8881707,17.078488803137024,24.7767717515564,895.9905248241834,10000.0,False,COMPRESSOR_GT_EVAPORATOR_CAPACITY,,,,,BIOCHAR_CS_CA_LA_OA,,,,,,,literature_core_properties_plus_screening_assumptions
13.7886505,9.59003568,875.0351495,9.97382342,9.43931496,19.77949895,11856.38038595,21.7845606,13.788650504442387,9.590035681552903,875.035149502315,10000.0,False,COMPRESSOR_GT_EVAPORATOR_CAPACITY,,,,,BIOCHAR_CS_CA_LA_OA,,,,,,,literature_core_properties_plus_screening_assumptions
14.23446948,30.03436053,731.43919238,6.57028114,11.74449459,12.41128007,6944.20508726,38.73849075,14.234469482561845,30.034360527823964,731.4391923829389,7140.996293700823,False,POST_SIM_CONSTRAINT,16.184044705620742,16.0,0.20000000000000004,0.2082034324517844,BIOCHAR_CS_CA_LA_OA,3.1,1.853,104900.0,6.49,0.977,180.0,literature_core_properties_plus_screening_assumptions
18.0,30.0,630.5122733,10.0,11.97158452,19.26851867,12000.0,40.0,18.0,30.0,630.5122732978305,6621.291432857781,True,,1.0732037480920553e-13,0,0.35775689580707853,0.27016004974984253,BIOCHAR_CS_CA_LA_OA,3.1,1.853,104900.0,6.49,0.977,180.0,literature_core_properties_plus_screening_assumptions
23.26521209,34.88263043,322.41855859,8.63280159,9.72843196,18.7885802,5937.95649232,37.5321191,23.265212092056473,34.88263043042718,322.41855859272357,6557.239697096195,False,POST_SIM_CONSTRAINT,1.709850039333105e-13,0,0.5822721423294538,0.04673418960233289,BIOCHAR_CS_CA_LA_OA,3.1,1.853,104900.0,6.49,0.977,180.0,literature_core_properties_plus_screening_assumptions
21.08229282,7.51881729,944.36718415,9.80775427,6.19194613,18.13060899,8383.37054623,32.08289451,21.082292819651805,7.518817294192804,944.3671841480948,10000.0,False,COMPRESSOR_GT_EVAPORATOR_CAPACITY,,,,,BIOCHAR_CS_CA_LA_OA,,,,,,,literature_core_properties_plus_screening_assumptions
13.29359737,12.38325259,827.44975005,7.46063224,12.0,17.83900482,8869.61964215,27.2000633,13.293597370159281,12.38325259097221,827.449750050552,10000.0,False,ROOM_T_LIMIT,,0,0.2,nan,BIOCHAR_CS_CA_LA_OA,,,,,,,literature_core_properties_plus_screening_assumptions
4.35337298,13.40877672,874.38524683,3.94950877,10.8010284,14.47956408,10254.32136774,28.90953266,4.353372978284473,13.40877672458483,874.3852468288449,10000.0,False,ROOM_T_LIMIT,,0,0.2,nan,BIOCHAR_CS_CA_LA_OA,,,,,,,literature_core_properties_plus_screening_assumptions
20.01168192,34.53218965,1000.0,9.39863512,12.0,18.0,12000.0,40.0,20.011681920734944,34.53218964693467,1000.0,6646.9313097150225,True,,6.33008312433958e-13,0,0.5455924832521144,0.37810431703688463,BIOCHAR_CS_CA_LA_OA,3.1,1.853,104900.0,6.49,0.977,180.0,literature_core_properties_plus_screening_assumptions
7.63209026,18.00297862,593.89248598,7.60819668,9.4269579,19.77620351,10051.66363293,36.7718634,7.632090263247049,18.0029786239187,593.8924859792698,10000.0,False,ROOM_T_LIMIT,,0,0.229122204054769,nan,BIOCHAR_CS_CA_LA_OA,,,,,,,literature_core_properties_plus_screening_assumptions
16.04520453,30.26729273,1000.0,4.29065165,9.05101189,18.0,3500.06176101,16.11921933,16.04520453358545,30.267292729117326,1000.0,10000.0,False,EVAPORATOR_AIRFLOW_RATIO_OUT_OF_RANGE,,,,,BIOCHAR_CS_CA_LA_OA,,,,,,,literature_core_properties_plus_screening_assumptions
11.71792477,6.19826693,558.36992552,5.68338424,5.98891026,9.04666477,5965.00710491,13.97398191,11.717924773774033,6.198266926176171,558.3699255203746,10000.0,False,ROOM_T_LIMIT,,0,0.36602033169036846,nan,BIOCHAR_CS_CA_LA_OA,,,,,,,literature_core_properties_plus_screening_assumptions
21.91498462,17.21997523,688.26529778,8.15621766,9.49424802,17.56529867,5509.34169896,16.87864942,21.91498461695514,17.219975232664673,688.2652977791986,6265.52754036767,False,POST_SIM_CONSTRAINT,9.554014259397345,6.0,0.2,0.3506913149112837,BIOCHAR_CS_CA_LA_OA,3.1,1.853,104900.0,6.49,0.977,180.0,literature_core_properties_plus_screening_assumptions
14.13157857,34.76405166,337.20300573,9.87912527,11.49429211,18.62722216,9434.47173133,30.26858029,14.131578574148392,34.76405165720547,337.2030057341288,6381.4768481170395,False,POST_SIM_CONSTRAINT,3.510649548843503e-13,0,0.32423014845636927,0.0665371177285421,BIOCHAR_CS_CA_LA_OA,3.1,1.853,104900.0,6.49,0.977,180.0,literature_core_properties_plus_screening_assumptions
7.0476533,19.21651337,380.08130691,6.88284158,4.54411656,6.29300438,10803.13439116,38.87419331,7.047653298107919,19.21651336713088,380.0813069122488,10000.0,False,COMPRESSOR_GT_EVAPORATOR_CAPACITY,,,,,BIOCHAR_CS_CA_LA_OA,,,,,,,literature_core_properties_plus_screening_assumptions
19.59394965,34.39367189,464.10816205,6.97441788,7.27396178,18.38479993,9760.74617154,13.95299043,19.593949654079935,34.39367189085129,464.10816205219754,10000.0,False,EVAPORATOR_AIRFLOW_RATIO_OUT_OF_RANGE,,,,,BIOCHAR_CS_CA_LA_OA,,,,,,,literature_core_properties_plus_screening_assumptions
11.62995922,10.93216961,378.64017307,6.95593981,11.49943374,19.97800629,11999.4603157,39.99176372,11.629959220350756,10.93216961119273,378.6401730730943,10000.0,False,ROOM_T_LIMIT,,0,0.31871530451869284,nan,BIOCHAR_CS_CA_LA_OA,,,,,,,literature_core_properties_plus_screening_assumptions
7.71098163,20.47908868,659.36167195,3.34794833,8.19116741,13.84666122,6603.79532126,38.2203539,7.7109816312637545,20.479088684334307,659.3616719473605,10000.0,False,ROOM_T_LIMIT,,0,0.21410996597739906,nan,BIOCHAR_CS_CA_LA_OA,,,,,,,literature_core_properties_plus_screening_assumptions
18.0,30.25022355,982.62193111,4.36793903,10.61342744,19.04669503,3806.60231338,39.9674734,18.0,30.250223549703435,982.6219311145769,10000.0,False,EVAPORATOR_AIRFLOW_RATIO_OUT_OF_RANGE,,,,,BIOCHAR_CS_CA_LA_OA,,,,,,,literature_core_properties_plus_screening_assumptions
4.77806291,5.44721943,453.86771365,5.69120392,8.27490877,8.77059201,5965.00710491,13.97398191,4.778062909118088,5.447219432649986,453.86771364846237,10000.0,False,ROOM_T_LIMIT,,0,0.2,nan,BIOCHAR_CS_CA_LA_OA,,,,,,,literature_core_properties_plus_screening_assumptions
18.0,30.0,1000.0,7.33646588,10.3752654,19.55623054,12000.0,39.9674734,18.0,30.0,1000.0,7198.698479881214,True,,1.407897798344493e-12,0,0.2775711907993338,0.37810431703688463,BIOCHAR_CS_CA_LA_OA,3.1,1.853,104900.0,6.49,0.977,180.0,literature_core_properties_plus_screening_assumptions
6.79102622,13.06681658,550.69318837,5.95868344,8.31513113,11.82969996,11942.7567307,36.64801957,6.7910262196590105,13.066816581185867,550.6931883663302,10000.0,False,EVAPORATOR_AIRFLOW_RATIO_OUT_OF_RANGE,,,,,BIOCHAR_CS_CA_LA_OA,,,,,,,literature_core_properties_plus_screening_assumptions
8.28607755,13.55213767,657.28372964,5.34634751,9.51466153,6.57267743,7350.40168288,11.65698188,8.286077547567189,13.552137671273124,657.2837296427838,10000.0,False,ROOM_T_LIMIT,,0,0.2888572238421372,nan,BIOCHAR_CS_CA_LA_OA,,,,,,,literature_core_properties_plus_screening_assumptions
7.82575657,29.99184274,627.28530687,9.22197953,12.0,18.45584495,10985.8936555,40.0,7.825756568690508,29.991842738834215,627.2853068744171,10000.0,False,ROOM_T_LIMIT,,0,0.2139912660732114,nan,BIOCHAR_CS_CA_LA_OA,,,,,,,literature_core_properties_plus_screening_assumptions
18.2827965,30.0,1000.0,10.0,12.0,17.47058632,5149.56097945,36.04611429,18.282796496396266,30.0,1000.0,6362.291304893047,True,,1.3460521586239337e-13,0,0.4050259253838415,0.37810431703688496,BIOCHAR_CS_CA_LA_OA,3.1,1.853,104900.0,6.49,0.977,180.0,literature_core_properties_plus_screening_assumptions
7.26297753,17.68188802,593.89248598,5.59831022,9.60924882,11.75523982,8731.60470618,34.4036925,7.262977534861216,17.681888019206603,593.8924859792698,10000.0,False,ROOM_T_LIMIT,,0,0.20000000000000004,nan,BIOCHAR_CS_CA_LA_OA,,,,,,,literature_core_properties_plus_screening_assumptions
12.02088573,13.81888316,783.93592469,4.25000315,7.1700493,6.08154433,5362.45241475,22.63566443,12.020885725683497,13.818883163265893,783.9359246944189,10000.0,False,ROOM_T_LIMIT,,0,0.20000000000000004,nan,BIOCHAR_CS_CA_LA_OA,,,,,,,literature_core_properties_plus_screening_assumptions
14.13243218,22.23960183,887.22347542,9.94373657,11.76987264,19.07769039,8529.70403907,35.8935064,14.132432181719242,22.23960183170743,887.2234754152717,6167.839273326959,False,POST_SIM_CONSTRAINT,145.8490551023898,48.0,0.2,0.013356350407114914,BIOCHAR_CS_CA_LA_OA,3.1,1.853,104900.0,6.49,0.977,180.0,literature_core_properties_plus_screening_assumptions
19.95466944,35.0,1000.0,9.43187007,11.1567311,20.0,12000.0,40.0,19.954669440014477,35.0,1000.0,6607.186568342146,True,,3.4924596548080445e-13,0,0.5499061184431657,0.37810431703688463,BIOCHAR_CS_CA_LA_OA,3.1,1.853,104900.0,6.49,0.977,180.0,literature_core_properties_plus_screening_assumptions
13.72196668,13.75821408,422.06873176,6.39642774,7.0103784,14.71753476,7491.28829778,10.11645907,13.721966683508086,13.758214076630365,422.0687317558101,10000.0,False,ROOM_T_LIMIT,,0,0.2,nan,BIOCHAR_CS_CA_LA_OA,,,,,,,literature_core_properties_plus_screening_assumptions
18.07135796,24.56671438,951.69756501,9.45550106,11.94835057,9.34674318,10093.71058574,39.09491866,18.071357955933284,24.566714383359532,951.697565012279,6661.855932848258,False,POST_SIM_CONSTRAINT,5.465426008902061,0,0.3308300090593971,0.3719203369692441,BIOCHAR_CS_CA_LA_OA,3.1,1.853,104900.0,6.49,0.977,180.0,literature_core_properties_plus_screening_assumptions
14.25280535,30.0,874.04190071,9.9349004,12.0,18.0,10823.47804055,40.0,14.25280534744962,30.0,874.0419007121762,6027.739384743468,True,,1.2732925824820997e-13,0,0.254393483470311,0.3605463208450779,BIOCHAR_CS_CA_LA_OA,3.1,1.853,104900.0,6.49,0.977,180.0,literature_core_properties_plus_screening_assumptions
18.0,26.32309947,988.99970328,8.38172147,6.97999037,18.0214882,4310.2949016,16.8106315,18.0,26.32309946899206,988.9997032803574,10000.0,False,COMPRESSOR_GT_EVAPORATOR_CAPACITY,,,,,BIOCHAR_CS_CA_LA_OA,,,,,,,literature_core_properties_plus_screening_assumptions
23.35053732,34.00775142,322.91548076,8.64110081,9.73998241,18.7885802,9009.82150476,37.42737936,23.35053732306202,34.007751423318226,322.9154807550698,6513.087122503688,False,POST_SIM_CONSTRAINT,1.800799509510398e-13,0,0.607707944424671,0.04421794791708822,BIOCHAR_CS_CA_LA_OA,3.1,1.853,104900.0,6.49,0.977,180.0,literature_core_properties_plus_screening_assumptions
24.28644704,34.76405166,329.76808372,8.78556138,11.42565978,18.74139756,9434.47173133,30.26858029,24.286447038815115,34.76405165720547,329.76808372178965,6968.070575593648,False,POST_SIM_CONSTRAINT,5.347828846424818e-13,0,0.5721657131768073,0.0666087890867546,BIOCHAR_CS_CA_LA_OA,3.1,1.853,104900.0,6.49,0.977,180.0,literature_core_properties_plus_screening_assumptions
25.0,24.52141962,1000.0,10.0,11.87963474,20.0,12000.0,40.0,25.0,24.52141962260851,1000.0,6171.386873772439,True,,1.8371792975813152e-13,0,0.5619746474088345,0.37810431703688463,BIOCHAR_CS_CA_LA_OA,3.1,1.853,104900.0,6.49,0.977,180.0,literature_core_properties_plus_screening_assumptions
4.35337298,13.40877672,448.54772931,4.93443238,10.79235617,18.15614812,10126.69711575,28.96048043,4.353372978284473,13.40877672458483,448.5477293066491,10000.0,False,ROOM_T_LIMIT,,0,0.2,nan,BIOCHAR_CS_CA_LA_OA,,,,,,,literature_core_properties_plus_screening_assumptions
10.12956406,34.63478594,895.99052482,5.41197932,5.33940663,15.98922485,6433.43639376,25.11408851,10.129564064132827,34.63478593782658,895.9905248241834,10000.0,False,COMPRESSOR_GT_EVAPORATOR_CAPACITY,,,,,BIOCHAR_CS_CA_LA_OA,,,,,,,literature_core_properties_plus_screening_assumptions
8.58371704,28.57147284,625.94626154,9.2086535,9.07518972,8.1160455,9810.08126887,27.43617259,8.583717043155243,28.571472837652163,625.9462615376019,10000.0,False,COMPRESSOR_GT_EVAPORATOR_CAPACITY,,,,,BIOCHAR_CS_CA_LA_OA,,,,,,,literature_core_properties_plus_screening_assumptions
8.78387765,34.00196671,460.87247599,6.98691055,8.48392906,7.90834154,7111.51652294,13.10224839,8.783877647287184,34.00196670847919,460.8724759861493,10000.0,False,ROOM_T_LIMIT,,0,0.2151761897877822,nan,BIOCHAR_CS_CA_LA_OA,,,,,,,literature_core_properties_plus_screening_assumptions
14.0,29.88461773,817.67716778,9.8012466,11.77636057,17.80556876,11869.14176084,24.58338704,14.0,29.884617729885655,817.6771677776112,5841.138580275658,False,POST_SIM_CONSTRAINT,0.2977644771036691,2.0,0.2367814982983869,0.3509382976114307,BIOCHAR_CS_CA_LA_OA,3.1,1.853,104900.0,6.49,0.977,180.0,literature_core_properties_plus_screening_assumptions
11.4428252,13.98176725,380.08130691,6.95838654,11.74117654,6.26272684,10790.97115683,38.87419331,11.442825198401941,13.981767250320228,380.0813069122488,10000.0,False,ROOM_T_LIMIT,,0,0.2,nan,BIOCHAR_CS_CA_LA_OA,,,,,,,literature_core_properties_plus_screening_assumptions
11.71792477,4.59091769,558.36992552,5.68338424,5.85873736,9.04666477,5965.00710491,13.97398191,11.717924773774033,4.590917690799541,558.3699255203746,10000.0,False,ROOM_T_LIMIT,,0,0.2,nan,BIOCHAR_CS_CA_LA_OA,,,,,,,literature_core_properties_plus_screening_assumptions
16.0,30.0,1000.0,10.0,12.0,18.00039874,12000.0,37.59031735,16.0,30.0,1000.0,5908.744767366393,True,,1.2369127944111825e-13,0,0.3125997606416907,0.37810431703688463,BIOCHAR_CS_CA_LA_OA,3.1,1.853,104900.0,6.49,0.977,180.0,literature_core_properties_plus_screening_assumptions
13.74082376,29.85137635,992.74882565,9.8012466,12.0,17.77402477,11869.14176084,25.28129668,13.740823755978601,29.8513763500793,992.7488256473864,5715.982385357384,False,POST_SIM_CONSTRAINT,0.8519522940905583,6.0,0.2,0.3772143480959774,BIOCHAR_CS_CA_LA_OA,3.1,1.853,104900.0,6.49,0.977,180.0,literature_core_properties_plus_screening_assumptions
21.85301694,28.26286085,448.4634697,8.40151823,11.99591357,18.09042445,4274.50750324,39.9928303,21.853016937838504,28.26286085368463,448.4634696983303,10000.0,False,EVAPORATOR_AIRFLOW_RATIO_OUT_OF_RANGE,,,,,BIOCHAR_CS_CA_LA_OA,,,,,,,literature_core_properties_plus_screening_assumptions
24.17284896,34.91147492,322.91548076,8.63280159,9.72843196,18.7885802,5660.41237639,37.5244532,24.17284896031291,34.911474919697305,322.9154807550698,6671.44200209878,False,POST_SIM_CONSTRAINT,1.9826984498649836e-13,0,0.5270879368040567,0.04772191940881654,BIOCHAR_CS_CA_LA_OA,3.1,1.853,104900.0,6.49,0.977,180.0,literature_core_properties_plus_screening_assumptions
24.38702914,34.64499033,654.64050054,8.77359057,9.06106481,18.62722216,9799.65582342,30.26858029,24.387029140741056,34.64499033187523,654.6405005419006,6779.914442479336,True,,7.548806024715304e-13,0,0.5367244240297282,0.2729897610584344,BIOCHAR_CS_CA_LA_OA,3.1,1.853,104900.0,6.49,0.977,180.0,literature_core_properties_plus_screening_assumptions
24.80788277,24.62932315,999.92702235,4.19144322,10.6151729,6.40278588,3825.43263421,39.49690591,24.80788276940425,24.629323145327536,999.9270223493676,10000.0,False,EVAPORATOR_AIRFLOW_RATIO_OUT_OF_RANGE,,,,,BIOCHAR_CS_CA_LA_OA,,,,,,,literature_core_properties_plus_screening_assumptions
23.47855541,33.97908524,322.89908321,8.64110081,9.84623963,18.61083625,9009.82150476,37.42737936,23.478555412391657,33.97908524402194,322.89908321331626,6514.760940384483,False,POST_SIM_CONSTRAINT,1.8189894035458566e-13,0,0.6097741663325182,0.04418810326134892,BIOCHAR_CS_CA_LA_OA,3.1,1.853,104900.0,6.49,0.977,180.0,literature_core_properties_plus_screening_assumptions
14.25604618,30.0,876.09050991,9.9349004,12.0,18.0,10311.38787585,40.0,14.256046176722037,30.0,876.0905099105494,6066.412028558713,True,,1.291482476517558e-13,0,0.25873080098577883,0.36087225762835984,BIOCHAR_CS_CA_LA_OA,3.1,1.853,104900.0,6.49,0.977,180.0,literature_core_properties_plus_screening_assumptions
11.59828799,29.18464092,329.22081943,3.3308896,11.34590282,9.04559081,7215.92321106,39.98614601,11.598287990190256,29.184640918473995,329.22081942775156,10000.0,False,ROOM_T_LIMIT,,0,0.39631375981760447,nan,BIOCHAR_CS_CA_LA_OA,,,,,,,literature_core_properties_plus_screening_assumptions
22.93922917,32.37015243,688.26529778,9.97157545,9.8563795,17.43568815,5509.34169896,16.87864942,22.9392291694213,32.370152426037336,688.2652977791986,10000.0,False,COMPRESSOR_GT_EVAPORATOR_CAPACITY,,,,,BIOCHAR_CS_CA_LA_OA,,,,,,,literature_core_properties_plus_screening_assumptions
24.14030257,13.47189383,991.4962596,9.99222267,11.99637955,14.2318125,4731.9761545,22.46004324,24.140302573209407,13.47189382854299,991.4962595991685,10000.0,False,EVAPORATOR_AIRFLOW_RATIO_OUT_OF_RANGE,,,,,BIOCHAR_CS_CA_LA_OA,,,,,,,literature_core_properties_plus_screening_assumptions
10.14994385,30.0818009,997.32034946,4.24052215,5.24579795,15.98922485,3747.83835508,25.62027082,10.149943851432226,30.08180089706783,997.3203494643991,10000.0,False,ROOM_T_LIMIT,,0,0.2,nan,BIOCHAR_CS_CA_LA_OA,,,,,,,literature_core_properties_plus_screening_assumptions
18.0,27.09874796,970.33197325,5.95922106,9.01388959,8.22485716,3940.85545047,23.32244339,18.0,27.098747956557762,970.3319732518521,6834.827272662019,False,POST_SIM_CONSTRAINT,148.8801969725727,0,0.3006147346937356,0.35146536527174577,BIOCHAR_CS_CA_LA_OA,3.1,1.853,104900.0,6.49,0.977,180.0,literature_core_properties_plus_screening_assumptions
19.86532385,34.99251749,980.05540356,9.58210618,10.71021142,6.40278588,3825.43263421,14.89925469,19.86532385379166,34.9925174947616,980.0554035580155,10000.0,False,EVAPORATOR_AIRFLOW_RATIO_OUT_OF_RANGE,,,,,BIOCHAR_CS_CA_LA_OA,,,,,,,literature_core_properties_plus_screening_assumptions
8.71726807,34.63478594,895.99052482,5.5572288,11.86357317,15.10753457,6433.43639376,25.83827485,8.717268068751828,34.63478593782658,895.9905248241834,10000.0,False,ROOM_T_LIMIT,,0,0.2406076916348748,nan,BIOCHAR_CS_CA_LA_OA,,,,,,,literature_core_properties_plus_screening_assumptions
18.0,30.0,998.63169313,7.34251917,10.3752654,19.11321941,6687.59493752,39.97634231,18.0,30.0,998.6316931327549,7023.872025020899,True,,4.1927705751731994e-13,0,0.3498863827378559,0.37793736753748886,BIOCHAR_CS_CA_LA_OA,3.1,1.853,104900.0,6.49,0.977,180.0,literature_core_properties_plus_screening_assumptions
20.0,30.0,998.91802133,10.0,12.0,18.0,12000.0,40.0,20.0,30.0,998.9180213277571,6052.225611641258,True,,1.3096723705530166e-13,0,0.4897145737890717,0.37797234076278585,BIOCHAR_CS_CA_LA_OA,3.1,1.853,104900.0,6.49,0.977,180.0,literature_core_properties_plus_screening_assumptions
24.42662596,34.97839838,322.41855859,8.63280159,11.98814663,19.42776385,9971.00009227,37.5321191,24.42662596083717,34.97839837816837,322.41855859272357,6606.23835397239,False,POST_SIM_CONSTRAINT,1.8553691916167735e-13,0,0.5684218240766485,0.04870436026511715,BIOCHAR_CS_CA_LA_OA,3.1,1.853,104900.0,6.49,0.977,180.0,literature_core_properties_plus_screening_assumptions
12.42779931,28.77052603,617.25568604,9.2086535,9.07518972,6.45109811,3848.99187341,27.34702544,12.427799305504399,28.7705260261725,617.255686036681,10000.0,False,COMPRESSOR_GT_EVAPORATOR_CAPACITY,,,,,BIOCHAR_CS_CA_LA_OA,,,,,,,literature_core_properties_plus_screening_assumptions
16.30710966,29.93999107,896.28425344,8.27389934,7.77706676,11.42208264,6918.99269446,18.44998006,16.307109660290774,29.939991067601962,896.2842534423211,10000.0,False,COMPRESSOR_GT_EVAPORATOR_CAPACITY,,,,,BIOCHAR_CS_CA_LA_OA,,,,,,,literature_core_properties_plus_screening_assumptions
23.74572693,34.76405166,985.73674411,8.81091645,11.48220646,18.62722216,9434.47173133,30.26858029,23.745726925550812,34.76405165720547,985.736744112526,7009.2117441239125,True,,7.421476766467094e-13,0,0.5083044760377161,0.37634127643117765,BIOCHAR_CS_CA_LA_OA,3.1,1.853,104900.0,6.49,0.977,180.0,literature_core_properties_plus_screening_assumptions
24.92256226,33.6641927,652.82697181,8.87773486,11.48220646,18.62722216,7405.26193452,30.26858029,24.922562260557555,33.66419269897739,652.8269718113457,6641.07478222271,True,,2.291926648467779e-13,0,0.4800616546793093,0.2332402264243969,BIOCHAR_CS_CA_LA_OA,3.1,1.853,104900.0,6.49,0.977,180.0,literature_core_properties_plus_screening_assumptions
19.72797324,35.0,1000.0,9.99399266,11.93498938,20.0,12000.0,40.0,19.727973236918686,35.0,1000.0,6046.902941724669,True,,5.293259164318442e-13,0,0.5474525971795804,0.37810431703688463,BIOCHAR_CS_CA_LA_OA,3.1,1.853,104900.0,6.49,0.977,180.0,literature_core_properties_plus_screening_assumptions
18.0,30.0,994.57001304,10.0,11.97158452,19.58334067,12000.0,39.96969066,18.0,30.0,994.5700130376214,6018.259280733177,True,,1.1459633242338896e-13,0,0.35775689580707853,0.3774390903786333,BIOCHAR_CS_CA_LA_OA,3.1,1.853,104900.0,6.49,0.977,180.0,literature_core_properties_plus_screening_assumptions
17.76642356,7.51881729,943.75839143,7.33476851,10.09469341,7.30680591,8730.4145392,39.82669262,17.76642355547477,7.518817294192804,943.7583914258726,7121.422118211819,False,POST_SIM_CONSTRAINT,1121.6444940650015,294.0,0.2,0.07453936457676835,BIOCHAR_CS_CA_LA_OA,3.1,1.853,104900.0,6.49,0.977,180.0,literature_core_properties_plus_screening_assumptions
23.35053732,33.99658165,322.91548076,9.87168778,9.73998241,18.81394756,6965.02909544,18.40544552,23.35053732306202,33.996581650019586,322.9154807550698,10000.0,False,COMPRESSOR_GT_EVAPORATOR_CAPACITY,,,,,BIOCHAR_CS_CA_LA_OA,,,,,,,literature_core_properties_plus_screening_assumptions
23.88022316,29.68422613,999.84894705,9.90474034,9.30217859,19.753363,6819.08612177,37.70088565,23.880223155620833,29.684226134609673,999.8489470510845,10000.0,False,COMPRESSOR_GT_EVAPORATOR_CAPACITY,,,,,BIOCHAR_CS_CA_LA_OA,,,,,,,literature_core_properties_plus_screening_assumptions
18.2827965,29.85153584,1000.0,10.0,12.0,17.46349287,5414.60268345,39.99292832,18.282796496396266,29.85153584308125,1000.0,6425.18391989642,True,,1.5643308870494364e-13,0,0.39929940434539546,0.37810431703688463,BIOCHAR_CS_CA_LA_OA,3.1,1.853,104900.0,6.49,0.977,180.0,literature_core_properties_plus_screening_assumptions
14.83349899,30.0,885.30124913,9.8503173,11.95666355,18.0,10601.75755304,38.26848129,14.833498987600462,30.0,885.3012491336676,6103.537482323849,True,,3.838067641481757e-13,0,0.2899089172568034,0.36231907113650774,BIOCHAR_CS_CA_LA_OA,3.1,1.853,104900.0,6.49,0.977,180.0,literature_core_properties_plus_screening_assumptions
24.91068397,15.43833434,999.87988903,10.0,11.99997065,19.97885067,4478.86497421,40.0,24.910683972003966,15.438334343232176,999.8798890310942,10000.0,False,EVAPORATOR_AIRFLOW_RATIO_OUT_OF_RANGE,,,,,BIOCHAR_CS_CA_LA_OA,,,,,,,literature_core_properties_plus_screening_assumptions
12.22322574,29.97350277,1000.0,10.0,6.11986917,8.08096663,12000.0,39.99913911,12.223225735322755,29.9735027724218,1000.0,10000.0,False,COMPRESSOR_GT_EVAPORATOR_CAPACITY,,,,,BIOCHAR_CS_CA_LA_OA,,,,,,,literature_core_properties_plus_screening_assumptions
9.33305126,34.63478594,885.06263059,5.41197932,11.4311049,18.67817063,6585.84258718,30.48732541,9.333051256981317,34.63478593782658,885.0626305906269,10000.0,False,ROOM_T_LIMIT,,0,0.21767922242205606,nan,BIOCHAR_CS_CA_LA_OA,,,,,,,literature_core_properties_plus_screening_assumptions
21.57878298,13.15361213,429.31795897,6.12545543,11.56123232,19.98937811,4464.78524775,39.53209151,21.578782977710176,13.153612133261596,429.3179589700714,10000.0,False,EVAPORATOR_AIRFLOW_RATIO_OUT_OF_RANGE,,,,,BIOCHAR_CS_CA_LA_OA,,,,,,,literature_core_properties_plus_screening_assumptions
14.68472876,5.79611993,810.32900081,5.47286006,11.84022852,19.02798572,11959.74962269,16.09281125,14.68472875937451,5.796119934201924,810.3290008106991,7234.24758073746,False,POST_SIM_CONSTRAINT,2635.3686609304204,990.0,0.2,0.05314119376628135,BIOCHAR_CS_CA_LA_OA,3.1,1.853,104900.0,6.49,0.977,180.0,literature_core_properties_plus_screening_assumptions
17.12508467,33.51402268,550.69318837,5.95868344,8.72115935,11.82969996,11942.7567307,36.64801957,17.125084666269306,33.51402267539054,550.6931883663302,10000.0,False,EVAPORATOR_AIRFLOW_RATIO_OUT_OF_RANGE,,,,,BIOCHAR_CS_CA_LA_OA,,,,,,,literature_core_properties_plus_screening_assumptions
18.0,30.0,1000.0,10.0,12.0,18.0,10878.50685063,40.0,18.0,30.0,1000.0,6090.017352902182,True,,1.4370016288012266e-13,0,0.36177507574605694,0.37810431703688663,BIOCHAR_CS_CA_LA_OA,3.1,1.853,104900.0,6.49,0.977,180.0,literature_core_properties_plus_screening_assumptions
16.0,30.0,1000.0,9.90478502,9.59749789,17.99250781,12000.0,26.98965587,16.0,30.0,1000.0,10000.0,False,COMPRESSOR_GT_EVAPORATOR_CAPACITY,,,,,BIOCHAR_CS_CA_LA_OA,,,,,,,literature_core_properties_plus_screening_assumptions
20.2138456,34.91790118,821.21331834,9.43187007,11.1567311,20.0,12000.0,37.73808907,20.213845597607655,34.91790117591504,821.2133183431738,6447.345807670022,True,,2.9103830456733704e-13,0,0.5518605812732049,0.3515798324944306,BIOCHAR_CS_CA_LA_OA,3.1,1.853,104900.0,6.49,0.977,180.0,literature_core_properties_plus_screening_assumptions
8.39658302,11.28796907,988.50403576,9.2086535,6.54837523,6.03421263,9853.07496431,27.43617259,8.39658302117314,11.287969070669295,988.5040357649427,10000.0,False,COMPRESSOR_GT_EVAPORATOR_CAPACITY,,,,,BIOCHAR_CS_CA_LA_OA,,,,,,,literature_core_properties_plus_screening_assumptions
18.0,35.0,996.37538293,10.0,12.0,19.08367613,12000.0,40.0,18.0,35.0,996.3753829322308,6015.019026652252,True,,1.2732925824820997e-13,0,0.43729015211334327,0.3776610701532519,BIOCHAR_CS_CA_LA_OA,3.1,1.853,104900.0,6.49,0.977,180.0,literature_core_properties_plus_screening_assumptions
8.58371704,28.65916239,329.29287558,9.22062432,11.49615651,8.1160455,9444.89717678,27.43617259,8.583717043155243,28.659162389845402,329.29287557623695,10000.0,False,ROOM_T_LIMIT,,0,0.22034016660827452,nan,BIOCHAR_CS_CA_LA_OA,,,,,,,literature_core_properties_plus_screening_assumptions
12.32697531,24.52141962,981.05703259,10.0,11.87963474,20.0,12000.0,14.86993179,12.326975309671752,24.52141962260851,981.0570325916789,4290.002133824878,False,POST_SIM_CONSTRAINT,381.6494388064451,60.0,0.2,0.07280123888804413,BIOCHAR_CS_CA_LA_OA,3.1,1.853,104900.0,6.49,0.977,180.0,literature_core_properties_plus_screening_assumptions
24.28644704,34.79268831,329.78448126,8.87773486,11.37593553,18.80496611,9434.47173133,30.26858029,24.286447038815115,34.7926883061606,329.7844812635431,6954.205897655113,False,POST_SIM_CONSTRAINT,2.0190782379359007e-13,0,0.5724490985133439,0.06663261471871651,BIOCHAR_CS_CA_LA_OA,3.1,1.853,104900.0,6.49,0.977,180.0,literature_core_properties_plus_screening_assumptions
14.25305025,30.0,986.24153202,9.9349004,12.0,17.90730012,10823.47804055,40.0,14.253050254070189,30.0,986.2415320188704,6074.4022599107075,True,,1.3642420526593923e-13,0,0.26034036030649615,0.3764045419055332,BIOCHAR_CS_CA_LA_OA,3.1,1.853,104900.0,6.49,0.977,180.0,literature_core_properties_plus_screening_assumptions
14.13157857,34.7870986,605.94638985,9.87912527,6.10039505,18.09069047,9434.47173133,31.83230922,14.131578574148392,34.7870985957754,605.9463898467028,10000.0,False,COMPRESSOR_GT_EVAPORATOR_CAPACITY,,,,,BIOCHAR_CS_CA_LA_OA,,,,,,,literature_core_properties_plus_screening_assumptions
14.44494916,8.62857512,989.22733312,8.1245233,9.51475556,19.59754168,11856.38038595,21.49768423,14.444949156025874,8.62857511802534,989.227333121359,10000.0,False,EVAPORATOR_AIRFLOW_RATIO_OUT_OF_RANGE,,,,,BIOCHAR_CS_CA_LA_OA,,,,,,,literature_core_properties_plus_screening_assumptions
21.57170733,34.39984601,329.76808372,8.78556138,10.75945007,18.74139756,9434.47173133,30.26858029,21.571707327388793,34.399846010924946,329.76808372178965,6941.7941661712475,False,POST_SIM_CONSTRAINT,5.438778316602111e-13,0,0.4852673322492986,0.0666087890867546,BIOCHAR_CS_CA_LA_OA,3.1,1.853,104900.0,6.49,0.977,180.0,literature_core_properties_plus_screening_assumptions
16.02482475,34.7853438,898.76411499,5.46210882,9.11037121,18.0,6186.00917869,16.11921933,16.024824747723514,34.78534380258617,898.7641149877693,6847.7469970810935,False,POST_SIM_CONSTRAINT,217.8043831447141,0,0.24852735253082722,0.3875257922066452,BIOCHAR_CS_CA_LA_OA,3.1,1.853,104900.0,6.49,0.977,180.0,literature_core_properties_plus_screening_assumptions
7.02952892,17.54006864,508.01927586,4.11349831,4.40522688,19.93791864,6908.40967535,16.09623673,7.029528924221306,17.540068643430388,508.01927585947,10000.0,False,EVAPORATOR_AIRFLOW_RATIO_OUT_OF_RANGE,,,,,BIOCHAR_CS_CA_LA_OA,,,,,,,literature_core_properties_plus_screening_assumptions
12.57038528,34.53218965,999.98513637,3.99254535,12.0,18.0,12000.0,40.0,12.570385284573483,34.53218964693467,999.9851363707589,6597.157499618842,False,POST_SIM_CONSTRAINT,6285.332154504414,14.0,0.2,0.09376228923030405,BIOCHAR_CS_CA_LA_OA,3.1,1.853,104900.0,6.49,0.977,180.0,literature_core_properties_plus_screening_assumptions
18.5504531,30.0,1000.0,9.76365077,5.39477788,18.0,12000.0,38.99095988,18.550453100128966,30.0,1000.0,10000.0,False,COMPRESSOR_GT_EVAPORATOR_CAPACITY,,,,,BIOCHAR_CS_CA_LA_OA,,,,,,,literature_core_properties_plus_screening_assumptions
16.30710966,29.93999107,883.81448746,8.26784606,7.77706676,11.58994126,11718.39956719,18.51850703,16.307109660290774,29.939991067601962,883.8144874581104,10000.0,False,COMPRESSOR_GT_EVAPORATOR_CAPACITY,,,,,BIOCHAR_CS_CA_LA_OA,,,,,,,literature_core_properties_plus_screening_assumptions
18.0,30.0,609.56957451,10.0,11.97158452,19.26851867,11796.40754917,40.0,18.0,30.0,609.5695745122678,6647.011838457547,True,,1.3096723705530166e-13,0,0.3584360318378956,0.24316333678891322,BIOCHAR_CS_CA_LA_OA,3.1,1.853,104900.0,6.49,0.977,180.0,literature_core_properties_plus_screening_assumptions
23.21437707,29.60290045,980.82172399,9.27598176,9.61206361,18.0,5926.80105126,40.0,23.214377072732514,29.602900452109882,980.8217239937251,6940.18333957669,True,,6.257323548197746e-13,0,0.4269350815134662,0.3757218705521881,BIOCHAR_CS_CA_LA_OA,3.1,1.853,104900.0,6.49,0.977,180.0,literature_core_properties_plus_screening_assumptions
8.57994512,34.83371313,987.12508133,4.19144322,10.71021142,8.06778632,9788.40011969,15.72421335,8.579945122319375,34.833713132243616,987.1250813264658,10000.0,False,ROOM_T_LIMIT,,0,0.21578157531459544,nan,BIOCHAR_CS_CA_LA_OA,,,,,,,literature_core_properties_plus_screening_assumptions
10.12956406,34.63478594,885.1322732,5.41197932,5.39814621,14.83324591,6433.43639376,25.18261547,10.129564064132827,34.63478593782658,885.1322732046234,10000.0,False,COMPRESSOR_GT_EVAPORATOR_CAPACITY,,,,,BIOCHAR_CS_CA_LA_OA,,,,,,,literature_core_properties_plus_screening_assumptions
14.60676105,29.97389952,330.89144823,9.7874527,12.0,17.81541415,11873.1600582,39.94018158,14.60676104727225,29.973899517502026,330.8914482320406,6367.055783882275,False,POST_SIM_CONSTRAINT,4.4383341446518897e-13,0,0.2886734516231104,0.044386925873800664,BIOCHAR_CS_CA_LA_OA,3.1,1.853,104900.0,6.49,0.977,180.0,literature_core_properties_plus_screening_assumptions
6.58660409,14.39106243,334.57447276,5.34634751,9.51466153,6.57267743,9379.61147962,11.65698188,6.5866040893911,14.391062433609267,334.57447275529125,10000.0,False,ROOM_T_LIMIT,,0,0.2621071186816186,nan,BIOCHAR_CS_CA_LA_OA,,,,,,,literature_core_properties_plus_screening_assumptions
24.79589638,35.0,1000.0,9.42384102,11.20595264,20.0,12000.0,40.0,24.795896375251942,35.0,1000.0,6727.81220415378,True,,6.803020369261503e-13,0,0.5348266529530444,0.37810431703688463,BIOCHAR_CS_CA_LA_OA,3.1,1.853,104900.0,6.49,0.977,180.0,literature_core_properties_plus_screening_assumptions
18.0,30.0,728.2116987,7.33646588,10.3752654,19.26809587,12000.0,39.99718723,18.0,30.0,728.2116986981345,6922.844168368716,True,,1.1350493878126144e-12,0,0.32382727748507895,0.3326355988659755,BIOCHAR_CS_CA_LA_OA,3.1,1.853,104900.0,6.49,0.977,180.0,literature_core_properties_plus_screening_assumptions
21.31586926,30.0,1000.0,5.57576973,6.29388708,19.5199942,12000.0,34.61025112,21.31586926253964,30.0,1000.0,10000.0,False,EVAPORATOR_AIRFLOW_RATIO_OUT_OF_RANGE,,,,,BIOCHAR_CS_CA_LA_OA,,,,,,,literature_core_properties_plus_screening_assumptions
13.50791809,26.36123579,887.22347542,8.60004165,11.76987264,19.05232302,8336.69212781,37.52717813,13.507918093380292,26.36123579334344,887.2234754152717,6707.8714261917385,False,POST_SIM_CONSTRAINT,17.295140280008212,18.0,0.2,0.35847682217644206,BIOCHAR_CS_CA_LA_OA,3.1,1.853,104900.0,6.49,0.977,180.0,literature_core_properties_plus_screening_assumptions
16.0,19.44451586,988.07363799,9.86008535,9.25321235,18.0,12000.0,36.01527129,16.0,19.44451585883895,988.0736379881379,10000.0,False,COMPRESSOR_GT_EVAPORATOR_CAPACITY,,,,,BIOCHAR_CS_CA_LA_OA,,,,,,,literature_core_properties_plus_screening_assumptions
20.01168192,34.66465622,1000.0,9.39863512,12.0,18.60468051,12000.0,25.26480834,20.011681920734944,34.66465622449901,1000.0,6184.601430399113,True,,6.33008312433958e-13,0,0.5470021987648529,0.37810431703688463,BIOCHAR_CS_CA_LA_OA,3.1,1.853,104900.0,6.49,0.977,180.0,literature_core_properties_plus_screening_assumptions
22.76896422,34.91147492,317.4545999,8.71329079,9.72301779,19.62038848,5990.36681238,39.94416064,22.7689642178836,34.911474919697305,317.4545998965634,6419.913687985974,False,POST_SIM_CONSTRAINT,4.238245310261846e-13,0,0.5547343397289028,0.04042905648981121,BIOCHAR_CS_CA_LA_OA,3.1,1.853,104900.0,6.49,0.977,180.0,literature_core_properties_plus_screening_assumptions
20.83867643,28.33126367,991.413843,9.99222267,11.99244017,13.94750799,11844.62531122,22.46004324,20.838676434807116,28.331263672224132,991.4138430025802,5596.339401979047,False,POST_SIM_CONSTRAINT,6.602931534871459e-13,0,0.4766504507632162,0.37704908131231585,BIOCHAR_CS_CA_LA_OA,3.1,1.853,104900.0,6.49,0.977,180.0,literature_core_properties_plus_screening_assumptions
16.04876397,29.27317401,597.6306415,3.69835668,11.7166307,18.94651839,7215.92321106,39.98719946,16.048763970860936,29.273174011298973,597.6306414961336,6385.463243917107,False,POST_SIM_CONSTRAINT,5274.932941340134,0,0.23390432972811384,0.08997830086264536,BIOCHAR_CS_CA_LA_OA,3.1,1.853,104900.0,6.49,0.977,180.0,literature_core_properties_plus_screening_assumptions
24.7313265,34.76405166,342.44424634,8.78556138,5.32760842,16.05245052,9282.06553315,24.89534339,24.731326500964705,34.76405165720547,342.44424633998125,10000.0,False,COMPRESSOR_GT_EVAPORATOR_CAPACITY,,,,,BIOCHAR_CS_CA_LA_OA,,,,,,,literature_core_properties_plus_screening_assumptions
24.32565497,24.52141962,1000.0,10.0,11.9333424,7.08600264,3695.22904796,40.0,24.325654968948303,24.52141962260851,1000.0,10000.0,False,EVAPORATOR_AIRFLOW_RATIO_OUT_OF_RANGE,,,,,BIOCHAR_CS_CA_LA_OA,,,,,,,literature_core_properties_plus_screening_assumptions
7.66617117,14.13307136,1000.0,10.0,12.0,20.0,12000.0,40.0,7.666171166110893,14.133071364874688,1000.0,10000.0,False,ROOM_T_LIMIT,,0,0.2,nan,BIOCHAR_CS_CA_LA_OA,,,,,,,literature_core_properties_plus_screening_assumptions
24.37579173,30.0,976.85523638,8.82949757,11.97745037,16.76887527,11922.36389531,39.72121948,24.375791727146755,30.0,976.855236384261,7124.758366072212,True,,9.64064383879304e-13,0,0.45390950337065844,0.375217458806266,BIOCHAR_CS_CA_LA_OA,3.1,1.853,104900.0,6.49,0.977,180.0,literature_core_properties_plus_screening_assumptions
14.2562176,30.0,987.49017723,9.9349004,11.56002653,18.0,10823.47804055,40.0,14.256217604595193,30.0,987.4901772289687,6071.057630910087,True,,1.4915713109076024e-13,0,0.26101733755707457,0.3765607578540421,BIOCHAR_CS_CA_LA_OA,3.1,1.853,104900.0,6.49,0.977,180.0,literature_core_properties_plus_screening_assumptions
7.02952892,19.22987613,493.41910987,3.81858103,4.4505573,8.47433748,6908.40967535,37.55331731,7.029528924221306,19.229876132026035,493.41910986660696,10000.0,False,EVAPORATOR_AIRFLOW_RATIO_OUT_OF_RANGE,,,,,BIOCHAR_CS_CA_LA_OA,,,,,,,literature_core_properties_plus_screening_assumptions
17.0784888,24.77677175,869.23659587,5.41197932,5.17333773,15.10753457,6333.22271634,24.94350006,17.078488803137024,24.7767717515564,869.2365958711589,10000.0,False,COMPRESSOR_GT_EVAPORATOR_CAPACITY,,,,,BIOCHAR_CS_CA_LA_OA,,,,,,,literature_core_properties_plus_screening_assumptions
14.15801788,29.51496644,895.99052482,5.41197932,5.39814621,14.21026358,10867.32601806,22.61282991,14.158017877836265,29.514966438613808,895.9905248241834,10000.0,False,COMPRESSOR_GT_EVAPORATOR_CAPACITY,,,,,BIOCHAR_CS_CA_LA_OA,,,,,,,literature_core_properties_plus_screening_assumptions
20.87790416,30.36864814,1000.0,8.35755785,12.0,20.0,12000.0,40.0,20.8779041579178,30.368648142013697,1000.0,7211.901775859042,True,,1.406078808940947e-12,0,0.3672910770727349,0.37810431703688463,BIOCHAR_CS_CA_LA_OA,3.1,1.853,104900.0,6.49,0.977,180.0,literature_core_properties_plus_screening_assumptions
14.2192552,5.79611993,807.11912436,5.47286006,11.99571311,6.10239172,3988.08140393,16.09281125,14.219255197086305,5.796119934201924,807.1191243557613,10000.0,False,EVAPORATOR_AIRFLOW_RATIO_OUT_OF_RANGE,,,,,BIOCHAR_CS_CA_LA_OA,,,,,,,literature_core_properties_plus_screening_assumptions
23.26521209,34.88263043,322.41855859,8.8343797,9.72843196,18.75668184,5937.95649232,26.08732025,23.265212092056473,34.88263043042718,322.41855859272357,5982.95733416692,False,POST_SIM_CONSTRAINT,4.220055416226387e-13,0,0.5802385567596223,0.07593479666479397,BIOCHAR_CS_CA_LA_OA,3.1,1.853,104900.0,6.49,0.977,180.0,literature_core_properties_plus_screening_assumptions
14.16090014,31.39458339,862.06676946,8.97520975,11.73769569,19.07769039,6911.6538879,18.45874259,14.160900144122802,31.394583386803188,862.0667694631094,6328.55617525975,False,POST_SIM_CONSTRAINT,17.730707750078,16.0,0.2141073416669662,0.3690849047530511,BIOCHAR_CS_CA_LA_OA,3.1,1.853,104900.0,6.49,0.977,180.0,literature_core_properties_plus_screening_assumptions
10.22435153,34.93583147,874.04190071,9.9349004,12.0,18.0,6389.4611725,40.0,10.224351533762105,34.93583147336956,874.0419007121762,10000.0,False,ROOM_T_LIMIT,,0,0.2,nan,BIOCHAR_CS_CA_LA_OA,,,,,,,literature_core_properties_plus_screening_assumptions
9.68827961,33.97819704,885.1322732,5.41197932,5.46662183,14.83324591,6424.27959187,18.47037697,9.688279609502786,33.97819703848687,885.1322732046234,10000.0,False,ROOM_T_LIMIT,,0,0.21093090165567283,nan,BIOCHAR_CS_CA_LA_OA,,,,,,,literature_core_properties_plus_screening_assumptions
24.6977685,34.99339337,698.58730006,8.78556138,11.46444885,18.62722216,9434.47173133,17.71429994,24.697768499208898,34.993393370917566,698.587300063536,6470.690484054677,True,,7.548806024715304e-13,0,0.5117302944155627,0.34676708668056766,BIOCHAR_CS_CA_LA_OA,3.1,1.853,104900.0,6.49,0.977,180.0,literature_core_properties_plus_screening_assumptions
25.0,24.52141962,967.2728336,9.90521302,11.96893905,19.99446478,11920.18233802,38.40567345,25.0,24.52141962260851,967.2728335996013,6245.95189418033,True,,2.346496330574155e-13,0,0.43200747821044777,0.3739818186600329,BIOCHAR_CS_CA_LA_OA,3.1,1.853,104900.0,6.49,0.977,180.0,literature_core_properties_plus_screening_assumptions
19.66401207,30.0,728.2116987,7.33646588,10.30302497,19.26809587,12000.0,39.99718723,19.66401207194387,30.0,728.2116986981345,6950.832408287064,True,,1.1714291758835316e-12,0,0.3715498038604032,0.3326355988659755,BIOCHAR_CS_CA_LA_OA,3.1,1.853,104900.0,6.49,0.977,180.0,literature_core_properties_plus_screening_assumptions
14.78604318,35.0,1000.0,9.43187007,11.1567311,20.0,12000.0,38.31118507,14.786043183475815,35.0,1000.0,6415.001828339562,True,,3.3651303965598344e-13,0,0.3693120865285702,0.37810431703688463,BIOCHAR_CS_CA_LA_OA,3.1,1.853,104900.0,6.49,0.977,180.0,literature_core_properties_plus_screening_assumptions
16.0,30.38220489,1000.0,10.0,12.0,19.92880653,12000.0,40.0,16.0,30.38220489364835,1000.0,5969.1947943953855,True,,1.2369127944111825e-13,0,0.32010252627655644,0.37810431703688463,BIOCHAR_CS_CA_LA_OA,3.1,1.853,104900.0,6.49,0.977,180.0,literature_core_properties_plus_screening_assumptions
24.45892291,30.05214853,1000.0,9.42158825,12.0,18.01583615,12000.0,37.59031735,24.458922905795188,30.052148532328456,1000.0,6655.614956138079,True,,1.2696546036750077e-12,0,0.46156340365244103,0.37810431703688463,BIOCHAR_CS_CA_LA_OA,3.1,1.853,104900.0,6.49,0.977,180.0,literature_core_properties_plus_screening_assumptions
22.0,30.0,1000.0,9.93850583,12.0,17.9886153,12000.0,40.0,22.0,30.0,1000.0,6154.268497663341,True,,4.18367562815547e-13,0,0.5149683460735139,0.37810431703688463,BIOCHAR_CS_CA_LA_OA,3.1,1.853,104900.0,6.49,0.977,180.0,literature_core_properties_plus_screening_assumptions
16.08897284,29.88461773,999.48106901,9.28915282,9.0987187,17.77402477,11869.14176084,25.03863644,16.088972839657156,29.884617729885655,999.4810690108482,10000.0,False,COMPRESSOR_GT_EVAPORATOR_CAPACITY,,,,,BIOCHAR_CS_CA_LA_OA,,,,,,,literature_core_properties_plus_screening_assumptions
18.01798824,34.64499033,979.41516584,8.77903982,9.06106481,18.62722216,9799.65582342,30.15200028,18.017988244403522,34.64499033187523,979.4151658380066,6885.024941903712,True,,6.402842700481414e-13,0,0.4400367021884174,0.375543468169103,BIOCHAR_CS_CA_LA_OA,3.1,1.853,104900.0,6.49,0.977,180.0,literature_core_properties_plus_screening_assumptions
18.27429764,30.0,621.3068291,10.0,11.97323763,17.4737948,12000.0,40.0,18.27429764286525,30.0,621.3068290983829,6647.806188672359,True,,1.1823431123048067e-13,0,0.3606629252884567,0.2593912564658306,BIOCHAR_CS_CA_LA_OA,3.1,1.853,104900.0,6.49,0.977,180.0,literature_core_properties_plus_screening_assumptions
23.90516875,34.91063253,996.30449646,9.97177145,11.97158452,18.59892281,12000.0,39.96969066,23.90516875024552,34.91063253478471,996.3044964563496,6171.633848872834,True,,1.6370904631912708e-13,0,0.6209458018873195,0.3776523694534718,BIOCHAR_CS_CA_LA_OA,3.1,1.853,104900.0,6.49,0.977,180.0,literature_core_properties_plus_screening_assumptions
19.04950806,30.0,999.93471783,10.0,12.0,18.0,4828.65676189,28.24472832,19.049508064260092,30.0,999.9347178328211,6215.568414486881,True,,1.546140993013978e-13,0,0.4172973570243266,0.37809636222137577,BIOCHAR_CS_CA_LA_OA,3.1,1.853,104900.0,6.49,0.977,180.0,literature_core_properties_plus_screening_assumptions
23.74572693,34.76405166,985.73674411,8.81091645,10.38280365,18.62722216,9446.04726551,39.9229007,23.745726925550812,34.76405165720547,985.736744112526,7159.389338929903,True,,8.440110832452774e-13,0,0.4917945106897025,0.37634127643117876,BIOCHAR_CS_CA_LA_OA,3.1,1.853,104900.0,6.49,0.977,180.0,literature_core_properties_plus_screening_assumptions
14.25629501,30.0,988.3804672,9.9349004,12.0,18.0,10823.47804055,40.0,14.25629501298395,30.0,988.3804671971934,6070.732551214037,True,,1.3642420526593923e-13,0,0.2610743601423231,0.3766718996281725,BIOCHAR_CS_CA_LA_OA,3.1,1.853,104900.0,6.49,0.977,180.0,literature_core_properties_plus_screening_assumptions
23.21437707,34.97928267,970.56246163,9.27414575,9.61206361,17.88825086,5926.80105126,40.0,23.214377072732514,34.97928266758822,970.5624616297914,6933.582734656978,True,,8.658389560878276e-13,0,0.5015919689851513,0.3744087616608681,BIOCHAR_CS_CA_LA_OA,3.1,1.853,104900.0,6.49,0.977,180.0,literature_core_properties_plus_screening_assumptions
18.0,30.0,1000.0,7.33646588,10.33411707,19.10360024,12000.0,39.9674734,18.0,30.0,1000.0,7198.698479881214,True,,1.3769749784842134e-12,0,0.2775711907993338,0.37810431703688463,BIOCHAR_CS_CA_LA_OA,3.1,1.853,104900.0,6.49,0.977,180.0,literature_core_properties_plus_screening_assumptions
18.0,30.0,609.56957451,9.99536348,11.9337956,19.26856167,11796.40754917,39.99825136,18.0,30.0,609.5695745122678,6646.991557534408,True,,1.089574652723968e-12,0,0.3584360318378956,0.24316333678891322,BIOCHAR_CS_CA_LA_OA,3.1,1.853,104900.0,6.49,0.977,180.0,literature_core_properties_plus_screening_assumptions
14.25305025,29.20053423,986.24153202,9.99969296,12.0,17.90119578,11980.30450859,40.0,14.253050254070189,29.200534229880414,986.2415320188704,5948.260742207198,True,,2.419255906715989e-13,0,0.2717221874892489,0.37640454190553174,BIOCHAR_CS_CA_LA_OA,3.1,1.853,104900.0,6.49,0.977,180.0,literature_core_properties_plus_screening_assumptions
14.25604618,30.0,989.77264747,9.9349004,12.0,18.0,10311.38787585,40.0,14.256046176722037,30.0,989.7726474708306,6105.477144820052,True,,1.418811734765768e-13,0,0.2544542445160751,0.3768452956304854,BIOCHAR_CS_CA_LA_OA,3.1,1.853,104900.0,6.49,0.977,180.0,literature_core_properties_plus_screening_assumptions
18.0,35.0,1000.0,10.0,12.0,20.0,12000.0,39.65830609,18.0,35.0,1000.0,5998.959639721752,True,,1.2732925824820997e-13,0,0.43729015211334327,0.37810431703688463,BIOCHAR_CS_CA_LA_OA,3.1,1.853,104900.0,6.49,0.977,180.0,literature_core_properties_plus_screening_assumptions
24.81902011,30.82910705,989.02115625,9.95591745,11.49573617,20.0,12000.0,40.0,24.819020114056368,30.8291070488866,989.021156248607,6214.305927606958,True,,4.329194780439138e-13,0,0.52400055268558,0.37675175803361727,BIOCHAR_CS_CA_LA_OA,3.1,1.853,104900.0,6.49,0.977,180.0,literature_core_properties_plus_screening_assumptions
23.03769529,35.0,1000.0,10.0,12.0,20.0,12000.0,40.0,23.037695289709507,35.0,1000.0,6127.956849578331,True,,1.3096723705530166e-13,0,0.5832738020243493,0.37810431703688463,BIOCHAR_CS_CA_LA_OA,3.1,1.853,104900.0,6.49,0.977,180.0,literature_core_properties_plus_screening_assumptions
18.0,30.0,1000.0,7.33646588,10.44059195,19.57382851,12000.0,39.9674734,18.0,30.0,1000.0,7198.698479881214,True,,1.3860699255019427e-12,0,0.2775711907993338,0.37810431703688463,BIOCHAR_CS_CA_LA_OA,3.1,1.853,104900.0,6.49,0.977,180.0,literature_core_properties_plus_screening_assumptions
10.12956406,34.63478594,885.1322732,5.48686996,5.48873667,14.77868164,6433.43639376,25.18261547,10.129564064132827,34.63478593782658,885.1322732046234,10000.0,False,ROOM_T_LIMIT,,0,0.2,nan,BIOCHAR_CS_CA_LA_OA,,,,,,,literature_core_properties_plus_screening_assumptions
18.2827965,29.85153584,1000.0,10.0,12.0,17.46308779,4883.90612707,36.02797419,18.282796496396266,29.85153584308125,1000.0,6340.109117995015,True,,1.3278622645884751e-13,0,0.4059183070225175,0.3781043170368845,BIOCHAR_CS_CA_LA_OA,3.1,1.853,104900.0,6.49,0.977,180.0,literature_core_properties_plus_screening_assumptions
24.48247717,27.52142899,976.85523638,7.84907598,11.97745037,18.0,10823.47804055,39.44518961,24.482477165117086,27.52142898892958,976.855236384261,7291.468551006703,True,,1.2405507732182742e-12,0,0.34691620564955383,0.37521745880626733,BIOCHAR_CS_CA_LA_OA,3.1,1.853,104900.0,6.49,0.977,180.0,literature_core_properties_plus_screening_assumptions
24.38702914,34.64499033,654.64050054,8.78394834,9.06106481,18.62722216,8476.20161372,30.16176979,24.387029140741056,34.64499033187523,654.6405005419006,6709.041510566026,True,,3.128661774098873e-13,0,0.5427650170862048,0.2536605891228598,BIOCHAR_CS_CA_LA_OA,3.1,1.853,104900.0,6.49,0.977,180.0,literature_core_properties_plus_screening_assumptions
18.00088665,30.0,1000.0,10.0,12.0,19.16469304,5149.56097945,26.81538762,18.00088664643715,30.0,1000.0,6194.108345968033,True,,1.3460521586239337e-13,0,0.4020392488432977,0.37810431703688496,BIOCHAR_CS_CA_LA_OA,3.1,1.853,104900.0,6.49,0.977,180.0,literature_core_properties_plus_screening_assumptions
18.2974758,30.0,1000.0,7.33646588,10.51249741,19.51305629,12000.0,37.57863994,18.29747579546204,30.0,1000.0,7186.266048665083,True,,1.3769749784842134e-12,0,0.2861213511731288,0.37810431703688463,BIOCHAR_CS_CA_LA_OA,3.1,1.853,104900.0,6.49,0.977,180.0,literature_core_properties_plus_screening_assumptions
24.35793026,34.97839838,322.41855859,8.40533654,11.98814663,19.42776385,9971.00009227,37.5321191,24.357930261194753,34.97839837816837,322.41855859272357,6607.048924916168,False,POST_SIM_CONSTRAINT,2.8558133635669947e-13,0,0.5673606292167274,0.04870436026511715,BIOCHAR_CS_CA_LA_OA,3.1,1.853,104900.0,6.49,0.977,180.0,literature_core_properties_plus_screening_assumptions
18.19562533,27.01967567,970.19055793,10.0,12.0,18.00996807,12000.0,40.0,18.19562532603287,27.01967566731155,970.1905579293019,6018.278673727919,True,,1.2732925824820997e-13,0,0.41747687977703674,0.3743606393898755,BIOCHAR_CS_CA_LA_OA,3.1,1.853,104900.0,6.49,0.977,180.0,literature_core_properties_plus_screening_assumptions
23.72931523,30.0,630.5122733,9.99270647,11.9973898,19.26851867,12000.0,40.0,23.729315230240488,30.0,630.5122732978305,6821.009226686264,True,,4.674802767112851e-13,0,0.5374388528623818,0.27016004974984253,BIOCHAR_CS_CA_LA_OA,3.1,1.853,104900.0,6.49,0.977,180.0,literature_core_properties_plus_screening_assumptions
14.19710013,34.88263043,322.41855859,8.83909856,9.72843196,18.75668184,11046.65449939,26.08732025,14.197100129294608,34.88263043042718,322.41855859272357,6947.285632184767,False,POST_SIM_CONSTRAINT,3.7653080653399227e-13,0,0.28266882018822437,0.07148582639259149,BIOCHAR_CS_CA_LA_OA,3.1,1.853,104900.0,6.49,0.977,180.0,literature_core_properties_plus_screening_assumptions
18.0,30.0,994.50834759,8.93214488,11.97158452,19.58334067,11921.33494586,39.96969066,18.0,30.0,994.508347585492,6935.089920375895,True,,7.221387932077051e-13,0,0.35801682674876484,0.37743149405699616,BIOCHAR_CS_CA_LA_OA,3.1,1.853,104900.0,6.49,0.977,180.0,literature_core_properties_plus_screening_assumptions
14.83349899,28.12625212,885.30124913,9.8503173,11.95666355,19.07910662,10601.75755304,38.4258218,14.833498987600462,28.126252120941658,885.3012491336676,6104.621887825073,True,,3.80168785341084e-13,0,0.27412158000517856,0.36231907113650774,BIOCHAR_CS_CA_LA_OA,3.1,1.853,104900.0,6.49,0.977,180.0,literature_core_properties_plus_screening_assumptions
24.17284896,34.91147492,324.21741898,8.63280159,11.89127466,18.84137573,5660.41237639,37.5244532,24.17284896031291,34.911474919697305,324.21741897816275,6545.509963211636,False,POST_SIM_CONSTRAINT,1.673470251262188e-13,0,0.5900099249380276,0.04656758713134157,BIOCHAR_CS_CA_LA_OA,3.1,1.853,104900.0,6.49,0.977,180.0,literature_core_properties_plus_screening_assumptions
14.25280535,30.0,874.04190071,9.9349004,12.0,18.0,4506.93790671,39.99609855,14.25280534744962,30.0,874.0419007121762,10000.0,False,EVAPORATOR_AIRFLOW_RATIO_OUT_OF_RANGE,,,,,BIOCHAR_CS_CA_LA_OA,,,,,,,literature_core_properties_plus_screening_assumptions
24.63730652,34.65317034,322.91548076,9.87168778,9.67152913,18.81394756,6974.18589733,25.11768403,24.637306516874713,34.653170343761474,322.9154807550698,10000.0,False,COMPRESSOR_GT_EVAPORATOR_CAPACITY,,,,,BIOCHAR_CS_CA_LA_OA,,,,,,,literature_core_properties_plus_screening_assumptions
21.93199321,30.83257688,321.26536841,8.1548563,9.51196841,17.43568815,5509.34169896,29.43293191,21.931993205844982,30.832576880788796,321.26536840559754,6058.952172921192,False,POST_SIM_CONSTRAINT,3.8835423765704035e-13,0,0.5538098070787177,0.0627902703918416,BIOCHAR_CS_CA_LA_OA,3.1,1.853,104900.0,6.49,0.977,180.0,literature_core_properties_plus_screening_assumptions
24.37579173,30.0,999.73886267,8.83035612,11.99080558,16.52654152,11999.43693871,39.99580681,24.375791727146755,30.0,999.7388626669227,7119.3122430344865,True,,3.7653080653399227e-13,0,0.4552756524461368,0.3780724904878723,BIOCHAR_CS_CA_LA_OA,3.1,1.853,104900.0,6.49,0.977,180.0,literature_core_properties_plus_screening_assumptions
17.70853198,29.85153584,1000.0,10.0,12.0,17.46349287,5414.60268345,39.99292832,17.708531980896996,29.85153584308125,1000.0,6405.967241048538,True,,1.5643308870494364e-13,0,0.3931851359857661,0.37810431703688463,BIOCHAR_CS_CA_LA_OA,3.1,1.853,104900.0,6.49,0.977,180.0,literature_core_properties_plus_screening_assumptions
20.00212524,30.0,885.30124913,9.8503173,11.95666355,18.0,10601.75755304,39.92240136,20.002125240404727,30.0,885.3012491336676,6287.5603697810575,True,,4.18367562815547e-13,0,0.49654323821077684,0.36231907113650774,BIOCHAR_CS_CA_LA_OA,3.1,1.853,104900.0,6.49,0.977,180.0,literature_core_properties_plus_screening_assumptions
20.87790416,29.98644325,1000.0,8.35755785,12.0,18.03007169,12000.0,40.0,20.8779041579178,29.986443248365347,1000.0,7211.901775859042,True,,1.406078808940947e-12,0,0.3604094989114974,0.37810431703688463,BIOCHAR_CS_CA_LA_OA,3.1,1.853,104900.0,6.49,0.977,180.0,literature_core_properties_plus_screening_assumptions
16.26605002,34.8440706,1000.0,9.98970349,11.20595264,19.94282882,12000.0,40.0,16.2660500166728,34.84407059610509,1000.0,5990.960933540741,True,,7.457856554538012e-14,0,0.4017831814639148,0.37810431703688463,BIOCHAR_CS_CA_LA_OA,3.1,1.853,104900.0,6.49,0.977,180.0,literature_core_properties_plus_screening_assumptions
14.25280535,30.0,853.95821563,9.99516742,12.0,19.9749472,10823.47804055,40.0,14.25280534744962,30.0,853.9582156343208,5986.162549798593,True,,2.4010660126805307e-13,0,0.2532054692887404,0.35726820229247935,BIOCHAR_CS_CA_LA_OA,3.1,1.853,104900.0,6.49,0.977,180.0,literature_core_properties_plus_screening_assumptions
14.86166482,30.26729273,807.17023165,4.77763387,11.89180209,18.0,3500.06176101,16.36187974,14.861664823843642,30.267292729117326,807.1702316481446,10000.0,False,EVAPORATOR_AIRFLOW_RATIO_OUT_OF_RANGE,,,,,BIOCHAR_CS_CA_LA_OA,,,,,,,literature_core_properties_plus_screening_assumptions
24.36297645,30.0,668.49151759,9.96878391,11.68474683,18.0,12000.0,39.87421758,24.362976452977808,30.0,668.4915175905485,6741.804094394534,True,,1.9281287677586078e-13,0,0.5480331923372926,0.31146531118395715,BIOCHAR_CS_CA_LA_OA,3.1,1.853,104900.0,6.49,0.977,180.0,literature_core_properties_plus_screening_assumptions
18.00849885,30.0,997.01173688,10.0,11.99781461,19.26530814,5149.56097945,36.04611429,18.008498853531016,30.0,997.0117368813334,6348.479758669809,True,,1.509761204943061e-13,0,0.402119895902463,0.37773912169562496,BIOCHAR_CS_CA_LA_OA,3.1,1.853,104900.0,6.49,0.977,180.0,literature_core_properties_plus_screening_assumptions
19.11098905,35.0,1000.0,10.0,12.0,20.0,12000.0,40.0,19.11098904748778,35.0,1000.0,6032.855641318715,True,,1.2732925824820997e-13,0,0.540759713623623,0.37810431703688463,BIOCHAR_CS_CA_LA_OA,3.1,1.853,104900.0,6.49,0.977,180.0,literature_core_properties_plus_screening_assumptions
18.37797548,29.84887082,313.45581724,8.88236974,11.48220646,19.61163721,9434.47173133,30.26858029,18.37797548323924,29.848870818766354,313.4558172390868,6304.948523886249,False,POST_SIM_CONSTRAINT,3.838067641481757e-13,0,0.4129931706323568,0.062255190791065784,BIOCHAR_CS_CA_LA_OA,3.1,1.853,104900.0,6.49,0.977,180.0,literature_core_properties_plus_screening_assumptions
21.47147188,30.0,998.96224214,10.0,12.0,17.46349287,11972.95361693,38.3517665,21.47147187612572,30.0,998.962242139239,6046.078251201079,True,,1.4915713109076024e-13,0,0.5084157335226865,0.3779777402760136,BIOCHAR_CS_CA_LA_OA,3.1,1.853,104900.0,6.49,0.977,180.0,literature_core_properties_plus_screening_assumptions
18.0,30.0,1000.0,7.33646588,11.47466777,19.58291787,11934.53023955,30.96233086,18.0,30.0,1000.0,7132.476941763766,True,,1.4915713109076022e-12,0,0.2775893685744571,0.3781043170368841,BIOCHAR_CS_CA_LA_OA,3.1,1.853,104900.0,6.49,0.977,180.0,literature_core_properties_plus_screening_assumptions
14.25621367,30.0,987.49017723,9.9349004,11.56002653,18.0,10823.47804055,40.0,14.25621367495385,30.0,987.4901772289687,6071.057803199761,True,,1.4915713109076024e-13,0,0.26101657126321787,0.3765607578540421,BIOCHAR_CS_CA_LA_OA,3.1,1.853,104900.0,6.49,0.977,180.0,literature_core_properties_plus_screening_assumptions
20.2138456,29.21755099,821.21331834,9.43370608,11.1567311,19.99399964,12000.0,37.73808907,20.213845597607655,29.217550990143813,821.2133183431738,6447.345807670021,True,,6.857590051367879e-13,0,0.4811115680719303,0.3515798324944306,BIOCHAR_CS_CA_LA_OA,3.1,1.853,104900.0,6.49,0.977,180.0,literature_core_properties_plus_screening_assumptions
14.16090014,30.0019508,887.22347542,9.83239816,11.81006756,19.53032068,6911.6538879,18.51407196,14.160900144122802,30.001950802011468,887.2234754152717,5887.129132837614,False,POST_SIM_CONSTRAINT,3.637978807091713e-13,0,0.30742721594722144,0.3721803375605125,BIOCHAR_CS_CA_LA_OA,3.1,1.853,104900.0,6.49,0.977,180.0,literature_core_properties_plus_screening_assumptions
18.0,31.01533164,998.63169313,7.23252081,10.3968967,19.1131764,6687.59493752,39.97764466,18.0,31.015331640393697,998.6316931327549,7027.858725218052,True,,2.582964953035116e-13,0,0.36819027217414574,0.37793736753748886,BIOCHAR_CS_CA_LA_OA,3.1,1.853,104900.0,6.49,0.977,180.0,literature_core_properties_plus_screening_assumptions
18.0,35.0,996.37538293,9.93376977,12.0,19.08978046,10817.03983416,40.0,18.0,35.0,996.3753829322308,6150.467766323707,True,,5.857145879417658e-13,0,0.4409411109725448,0.3776610701532517,BIOCHAR_CS_CA_LA_OA,3.1,1.853,104900.0,6.49,0.977,180.0,literature_core_properties_plus_screening_assumptions
14.25629108,30.0,874.5153446,9.9349004,10.94819442,18.0,10993.4618239,40.0,14.256291083342607,30.0,874.5153445965618,6003.334421111374,True,,1.6916601452976465e-13,0,0.2577561694551341,0.36062178208502715,BIOCHAR_CS_CA_LA_OA,3.1,1.853,104900.0,6.49,0.977,180.0,literature_core_properties_plus_screening_assumptions
18.0,30.0,1000.0,10.0,12.0,18.0,10231.13633991,40.0,18.0,30.0,1000.0,6151.0764252269455,True,,1.255102688446641e-13,0,0.36444141201871094,0.3781043170368854,BIOCHAR_CS_CA_LA_OA,3.1,1.853,104900.0,6.49,0.977,180.0,literature_core_properties_plus_screening_assumptions
22.0824196,33.6641927,656.60655905,8.89892565,11.97606753,18.62722216,7405.26193452,30.26858029,22.08241960012473,33.66419269897739,656.6065590486589,6618.241117827961,True,,1.509761204943061e-13,0,0.5089363271295383,0.23695002540439902,BIOCHAR_CS_CA_LA_OA,3.1,1.853,104900.0,6.49,0.977,180.0,literature_core_properties_plus_screening_assumptions
18.0,35.0,996.37538293,10.0,11.90300138,19.09276549,12000.0,40.0,18.0,35.0,996.3753829322308,6015.019026652252,True,,1.2732925824820997e-13,0,0.43729015211334327,0.3776610701532519,BIOCHAR_CS_CA_LA_OA,3.1,1.853,104900.0,6.49,0.977,180.0,literature_core_properties_plus_screening_assumptions
16.0,30.0,1000.0,10.0,11.77363985,18.054564,12000.0,40.0,16.0,30.0,1000.0,5969.1947943953855,True,,1.1823431123048067e-13,0,0.3125997060516497,0.37810431703688463,BIOCHAR_CS_CA_LA_OA,3.1,1.853,104900.0,6.49,0.977,180.0,literature_core_properties_plus_screening_assumptions
18.2827965,32.99885183,1000.0,10.0,12.0,17.4709914,5408.8599611,39.93085893,18.282796496396266,32.99885182774528,1000.0,6424.35466374079,True,,1.1823431123048067e-13,0,0.44849701741981807,0.3781043170368854,BIOCHAR_CS_CA_LA_OA,3.1,1.853,104900.0,6.49,0.977,180.0,literature_core_properties_plus_screening_assumptions
22.93922917,32.37015243,688.26529778,9.95129629,9.8563795,17.43568815,5523.76203868,16.98546232,22.9392291694213,32.370152426037336,688.2652977791986,10000.0,False,COMPRESSOR_GT_EVAPORATOR_CAPACITY,,,,,BIOCHAR_CS_CA_LA_OA,,,,,,,literature_core_properties_plus_screening_assumptions
16.64728267,30.0,998.63169313,7.34251917,10.3752654,17.41201825,6687.59493752,39.38137751,16.647282666171755,30.0,998.6316931327549,6981.409488608468,True,,4.156390787102282e-13,0,0.30163332164151174,0.37793736753748886,BIOCHAR_CS_CA_LA_OA,3.1,1.853,104900.0,6.49,0.977,180.0,literature_core_properties_plus_screening_assumptions
16.0,30.0,1000.0,10.0,12.0,18.04355621,12000.0,39.94851721,16.0,30.0,1000.0,5966.040547906983,True,,1.2369127944111825e-13,0,0.31259970721796415,0.37810431703688463,BIOCHAR_CS_CA_LA_OA,3.1,1.853,104900.0,6.49,0.977,180.0,literature_core_properties_plus_screening_assumptions
19.80437467,30.07907229,998.88854351,6.05374595,6.97999037,19.94805783,3940.85545047,16.91311485,19.80437467396712,30.07907228923869,998.8885435111248,6773.413128580431,False,POST_SIM_CONSTRAINT,6.129994289949537e-13,0,0.35869649517867674,0.3938803357385433,BIOCHAR_CS_CA_LA_OA,3.1,1.853,104900.0,6.49,0.977,180.0,literature_core_properties_plus_screening_assumptions
18.40937904,13.47189383,991.4962596,9.99937184,11.97053104,14.2318125,4326.4076958,22.46004324,18.409379037379477,13.47189382854299,991.4962595991685,10000.0,False,EVAPORATOR_AIRFLOW_RATIO_OUT_OF_RANGE,,,,,BIOCHAR_CS_CA_LA_OA,,,,,,,literature_core_properties_plus_screening_assumptions
23.32004717,30.0,986.24153202,9.92721447,11.73360585,17.90730012,5713.68024298,40.0,23.320047169448078,30.0,986.2415320188704,6640.773329028095,True,,1.4370016288012266e-13,0,0.5224109765828172,0.37640454190553196,BIOCHAR_CS_CA_LA_OA,3.1,1.853,104900.0,6.49,0.977,180.0,literature_core_properties_plus_screening_assumptions
24.37579173,30.0,976.91677097,9.86641132,11.87750045,17.43968128,11999.04402184,39.97405209,24.375791727146755,30.0,976.9167709699746,6289.6017385954765,True,,1.1386873666197062e-12,0,0.49540674597513834,0.37522531532486714,BIOCHAR_CS_CA_LA_OA,3.1,1.853,104900.0,6.49,0.977,180.0,literature_core_properties_plus_screening_assumptions
14.3844067,30.0019508,887.22347542,9.83239816,11.76987264,17.99858376,6911.6538879,18.31670161,14.384406700790318,30.001950802011468,887.2234754152717,5878.590068705449,False,POST_SIM_CONSTRAINT,3.7289282772690056e-13,0,0.3135694804811808,0.3733213872674167,BIOCHAR_CS_CA_LA_OA,3.1,1.853,104900.0,6.49,0.977,180.0,literature_core_properties_plus_screening_assumptions
14.0,29.88461773,818.40099695,9.8012466,9.79168553,17.91750773,11869.14176084,25.28129668,14.0,29.884617729885655,818.4009969521708,10000.0,False,COMPRESSOR_GT_EVAPORATOR_CAPACITY,,,,,BIOCHAR_CS_CA_LA_OA,,,,,,,literature_core_properties_plus_screening_assumptions
21.57878298,13.15361213,429.31795897,6.12545543,11.56123232,19.98937811,10780.9165007,39.52084598,21.578782977710176,13.153612133261596,429.3179589700714,7462.772028907817,False,POST_SIM_CONSTRAINT,180.1059814851273,22.0,0.2,0.015241614095310108,BIOCHAR_CS_CA_LA_OA,3.1,1.853,104900.0,6.49,0.977,180.0,literature_core_properties_plus_screening_assumptions
18.27863005,29.85692072,728.2116987,7.36648431,10.46156463,19.24150103,5631.86863184,39.99718723,18.27863005451962,29.85692071831251,728.2116986981345,6863.45105144681,True,,3.6743585951626303e-13,0,0.3118671949239239,0.2716994440339885,BIOCHAR_CS_CA_LA_OA,3.1,1.853,104900.0,6.49,0.977,180.0,literature_core_properties_plus_screening_assumptions
13.92162387,29.99731112,630.5122733,9.81106867,11.83114948,17.79777672,12000.0,38.86731732,13.921623872544984,29.99731112085536,630.5122732978305,6447.671839496964,True,,1.5643308870494364e-13,0,0.26749226443279506,0.1894967932600391,BIOCHAR_CS_CA_LA_OA,3.1,1.853,104900.0,6.49,0.977,180.0,literature_core_properties_plus_screening_assumptions
11.33597186,29.3030466,597.6306415,3.06384526,11.79527365,9.04559081,7215.92321106,39.98657622,11.335971858769648,29.303046597837607,597.6306414961336,10000.0,False,ROOM_T_LIMIT,,0,0.2,nan,BIOCHAR_CS_CA_LA_OA,,,,,,,literature_core_properties_plus_screening_assumptions
18.00416644,29.99461512,1000.0,9.9147917,11.88291787,17.49008567,11652.35965858,39.99292832,18.004166441876645,29.994615124768742,1000.0,6110.832169290734,True,,5.893525667488575e-13,0,0.35887368209286785,0.3781043170368843,BIOCHAR_CS_CA_LA_OA,3.1,1.853,104900.0,6.49,0.977,180.0,literature_core_properties_plus_screening_assumptions
15.61708743,29.88730661,817.67716778,9.98638111,11.99923997,19.26308688,11869.14176084,25.50079321,15.617087426624295,29.887306609030293,817.6771677776112,5823.334729782265,True,,5.729816621169448e-13,0,0.30063080792425934,0.3509382976114307,BIOCHAR_CS_CA_LA_OA,3.1,1.853,104900.0,6.49,0.977,180.0,literature_core_properties_plus_screening_assumptions
24.86921497,23.3527912,1000.0,9.19544823,5.98635552,20.0,12000.0,39.99929435,24.869214967282687,23.352791197256025,1000.0,10000.0,False,COMPRESSOR_GT_EVAPORATOR_CAPACITY,,,,,BIOCHAR_CS_CA_LA_OA,,,,,,,literature_core_properties_plus_screening_assumptions
18.28300584,32.986063,613.83255177,10.0,12.0,17.4709914,5289.30464064,39.93085893,18.28300583599173,32.98606300242391,613.8325517676193,6357.263543797123,True,,8.549250196665525e-14,0,0.44959878911791173,0.13212620407461817,BIOCHAR_CS_CA_LA_OA,3.1,1.853,104900.0,6.49,0.977,180.0,literature_core_properties_plus_screening_assumptions
18.0,34.98617486,996.37538293,8.89001982,11.90300138,19.09276549,7428.23310447,40.0,18.0,34.98617485939059,996.3753829322308,6911.6839539581115,True,,1.1132215149700641e-12,0,0.45640971476714004,0.3776610701532519,BIOCHAR_CS_CA_LA_OA,3.1,1.853,104900.0,6.49,0.977,180.0,literature_core_properties_plus_screening_assumptions
14.25280535,30.0,993.84945842,9.99516742,12.0,19.57223769,10723.78242274,40.0,14.25280534744962,30.0,993.8494584195241,6030.7402261434345,True,,2.2191670723259449e-13,0,0.25942327363056983,0.3773502693010886,BIOCHAR_CS_CA_LA_OA,3.1,1.853,104900.0,6.49,0.977,180.0,literature_core_properties_plus_screening_assumptions
17.9626209,34.84843032,998.69889193,9.9990056,12.0,18.01131237,11935.03339233,40.0,17.962620903903375,34.84843032099894,998.6988919260319,6007.228264194844,True,,4.5656634029001e-13,0,0.4350583381702132,0.3779455772563448,BIOCHAR_CS_CA_LA_OA,3.1,1.853,104900.0,6.49,0.977,180.0,literature_core_properties_plus_screening_assumptions
16.26605002,34.91139684,1000.0,9.99032399,11.20595264,19.94282882,12000.0,40.0,16.2660500166728,34.91139683863231,1000.0,5990.960933540741,True,,2.9103830456733704e-13,0,0.40276136927205836,0.37810431703688463,BIOCHAR_CS_CA_LA_OA,3.1,1.853,104900.0,6.49,0.977,180.0,literature_core_properties_plus_screening_assumptions
18.0,35.0,1000.0,10.0,12.0,17.2874063,11938.99572604,39.74493745,18.0,35.0,1000.0,6000.688223574375,True,,1.509761204943061e-13,0,0.43746272008058396,0.37810431703688463,BIOCHAR_CS_CA_LA_OA,3.1,1.853,104900.0,6.49,0.977,180.0,literature_core_properties_plus_screening_assumptions
17.82219689,30.0,999.99861203,10.0,11.69334547,18.0,11954.68942298,40.0,17.82219688822564,30.0,999.9986120269236,6025.28718782892,True,,1.2732925824820997e-13,0,0.35602253275504064,0.3781041479192663,BIOCHAR_CS_CA_LA_OA,3.1,1.853,104900.0,6.49,0.977,180.0,literature_core_properties_plus_screening_assumptions
18.06998416,30.0,630.5122733,10.0,11.97222057,19.17661967,12000.0,40.0,18.06998416001122,30.0,630.5122732978305,6631.563690792356,True,,1.1823431123048067e-13,0,0.3584983386794917,0.27016004974984253,BIOCHAR_CS_CA_LA_OA,3.1,1.853,104900.0,6.49,0.977,180.0,literature_core_properties_plus_screening_assumptions
16.0,30.38220489,1000.0,10.0,12.0,19.92880653,12000.0,39.0210172,16.0,30.38220489364835,1000.0,5937.351721119191,True,,1.2369127944111825e-13,0,0.3201025481758749,0.37810431703688463,BIOCHAR_CS_CA_LA_OA,3.1,1.853,104900.0,6.49,0.977,180.0,literature_core_properties_plus_screening_assumptions
17.99009396,30.0,1000.0,10.0,12.0,18.0,11897.06428798,40.0,17.990093958365364,30.0,1000.0,6015.224839431068,True,,1.3642420526593923e-13,0,0.3579927276733046,0.3781043170368855,BIOCHAR_CS_CA_LA_OA,3.1,1.853,104900.0,6.49,0.977,180.0,literature_core_properties_plus_screening_assumptions
14.30730443,29.90858049,871.58724417,9.9349004,10.94819442,18.05538385,11984.40696799,40.0,14.307304427316225,29.90858048579105,871.5872441671064,5952.993527547496,True,,1.709850039333105e-13,0,0.27632010160217935,0.36015376447142067,BIOCHAR_CS_CA_LA_OA,3.1,1.853,104900.0,6.49,0.977,180.0,literature_core_properties_plus_screening_assumptions
17.70853198,30.02035554,1000.0,10.0,12.0,17.46349287,5413.56191237,39.99936691,17.708531980896996,30.020355539604402,1000.0,6405.932969457475,True,,1.2732925824820997e-13,0,0.39612875166491596,0.37810431703688463,BIOCHAR_CS_CA_LA_OA,3.1,1.853,104900.0,6.49,0.977,180.0,literature_core_properties_plus_screening_assumptions
16.03392785,30.0,986.24153202,9.9349004,12.0,17.90730012,10815.85933483,40.0,16.0339278470877,30.0,986.2415320188704,6112.868415025076,True,,1.3278622645884751e-13,0,0.32123808610409693,0.3764045419055322,BIOCHAR_CS_CA_LA_OA,3.1,1.853,104900.0,6.49,0.977,180.0,literature_core_properties_plus_screening_assumptions
18.2827965,30.0,1000.0,10.0,12.0,17.46349287,5303.60996545,26.81538762,18.282796496396266,30.0,1000.0,6216.6643736801825,True,,1.3460521586239337e-13,0,0.40315346452952955,0.3781043170368854,BIOCHAR_CS_CA_LA_OA,3.1,1.853,104900.0,6.49,0.977,180.0,literature_core_properties_plus_screening_assumptions
18.2827965,30.0,1000.0,9.86334291,12.0,17.47058632,10729.88965768,36.04611429,18.282796496396266,30.0,1000.0,6147.204220708152,True,,2.837623469531536e-13,0,0.474087313127347,0.37810431703688396,BIOCHAR_CS_CA_LA_OA,3.1,1.853,104900.0,6.49,0.977,180.0,literature_core_properties_plus_screening_assumptions
22.99367552,35.0,1000.0,10.0,12.0,20.0,12000.0,37.6444259,22.993675521411923,35.0,1000.0,6045.216274584407,True,,1.3096723705530166e-13,0,0.5834486539312133,0.37810431703688463,BIOCHAR_CS_CA_LA_OA,3.1,1.853,104900.0,6.49,0.977,180.0,literature_core_properties_plus_screening_assumptions
13.92162387,29.99731112,991.55895665,9.91451609,11.74451699,17.79777672,11824.40523374,38.86731732,13.921623872544984,29.99731112085536,991.5589566537992,5995.24976620574,False,POST_SIM_CONSTRAINT,0.2977644771037823,2.0,0.23241846203105884,0.37706706748862184,BIOCHAR_CS_CA_LA_OA,3.1,1.853,104900.0,6.49,0.977,180.0,literature_core_properties_plus_screening_assumptions
16.0,29.85907246,999.95199364,10.0,10.60036165,18.04355621,4990.33790855,36.29656537,16.0,29.85907246090524,999.9519936376453,6253.70838992365,True,,1.3278622645884751e-13,0,0.3803457898024679,0.3780984674277592,BIOCHAR_CS_CA_LA_OA,3.1,1.853,104900.0,6.49,0.977,180.0,literature_core_properties_plus_screening_assumptions
18.0,35.0,996.37538293,9.99958802,11.90300138,19.10328192,10745.56432994,40.0,18.0,35.0,996.3753829322308,6092.281268936905,True,,4.547473508864641e-13,0,0.4411841729114876,0.3776610701532517,BIOCHAR_CS_CA_LA_OA,3.1,1.853,104900.0,6.49,0.977,180.0,literature_core_properties_plus_screening_assumptions
21.47147188,28.12216824,998.96224214,10.0,11.99773782,18.70936857,11972.95361693,38.42395108,21.47147187612572,28.122168239445937,998.962242139239,6046.468709568061,True,,1.4915713109076024e-13,0,0.4813005202723592,0.3779777402760136,BIOCHAR_CS_CA_LA_OA,3.1,1.853,104900.0,6.49,0.977,180.0,literature_core_properties_plus_screening_assumptions
17.50308142,30.06054777,1000.0,10.0,12.0,17.46308779,4883.90612707,36.29658593,17.503081424185048,30.060547768788027,1000.0,6317.098249469096,True,,1.3460521586239337e-13,0,0.40121041493377785,0.3781043170368845,BIOCHAR_CS_CA_LA_OA,3.1,1.853,104900.0,6.49,0.977,180.0,literature_core_properties_plus_screening_assumptions
16.0,30.0,1000.0,10.0,11.99840097,18.01133745,12000.0,36.97922032,16.0,30.0,1000.0,5888.1298830407495,True,,1.6552803572267293e-13,0,0.31259977448576026,0.37810431703688463,BIOCHAR_CS_CA_LA_OA,3.1,1.853,104900.0,6.49,0.977,180.0,literature_core_properties_plus_screening_assumptions
16.0,30.38553778,997.68266992,10.0,11.67056912,19.92880653,12000.0,40.0,16.0,30.38553777614391,997.6826699222607,5969.593068371417,True,,1.1641532182693482e-13,0,0.3201671190651961,0.377821306726855,BIOCHAR_CS_CA_LA_OA,3.1,1.853,104900.0,6.49,0.977,180.0,literature_core_properties_plus_screening_assumptions
16.0,30.0,1000.0,10.0,12.0,19.02816927,12000.0,39.9989962,16.0,30.0,1000.0,5969.1884379163475,True,,1.2369127944111825e-13,0,0.31259970607439,0.37810431703688463,BIOCHAR_CS_CA_LA_OA,3.1,1.853,104900.0,6.49,0.977,180.0,literature_core_properties_plus_screening_assumptions
23.10555773,35.0,884.22827635,10.0,12.0,20.0,12000.0,38.20667224,23.105557728425996,35.0,884.2282763487893,6127.4316791984,True,,1.2369127944111825e-13,0,0.5840082774700476,0.36215208006371635,BIOCHAR_CS_CA_LA_OA,3.1,1.853,104900.0,6.49,0.977,180.0,literature_core_properties_plus_screening_assumptions
20.37197088,34.91790118,816.97857817,9.43187007,11.16538359,20.0,12000.0,37.70333573,20.371970876806415,34.91790117591504,816.9785781651622,6443.295360701459,True,,2.837623469531536e-13,0,0.5535760210589524,0.3508109016025207,BIOCHAR_CS_CA_LA_OA,3.1,1.853,104900.0,6.49,0.977,180.0,literature_core_properties_plus_screening_assumptions
18.44206624,30.01511707,996.38715567,9.99978059,12.0,17.47058632,11295.88749353,39.88674451,18.44206623833492,30.015117071059628,996.3871556724702,6076.364265279562,True,,4.0745362639427186e-13,0,0.47348323193315245,0.3776625150351295,BIOCHAR_CS_CA_LA_OA,3.1,1.853,104900.0,6.49,0.977,180.0,literature_core_properties_plus_screening_assumptions
19.04950806,30.0,933.92486705,10.0,11.99880875,18.56661279,4828.65676189,38.73709358,19.049508064260092,30.0,933.924867050777,6307.252949871113,True,,1.5279510989785195e-13,0,0.4172973570243266,0.3694840543756961,BIOCHAR_CS_CA_LA_OA,3.1,1.853,104900.0,6.49,0.977,180.0,literature_core_properties_plus_screening_assumptions
14.25629108,30.0,874.5153446,6.88878736,10.39658407,18.0,10993.4618239,39.9994329,14.256291083342607,30.0,874.5153445965618,6959.148115463249,False,POST_SIM_CONSTRAINT,15.540355815194488,16.0,0.2,0.36062178208502715,BIOCHAR_CS_CA_LA_OA,3.1,1.853,104900.0,6.49,0.977,180.0,literature_core_properties_plus_screening_assumptions
22.0824196,34.90181716,656.60655905,8.89892565,11.97606753,19.91745136,7405.26193452,30.09483269,22.08241960012473,34.90181715604923,656.6065590486589,6616.307691149925,True,,1.509761204943061e-13,0,0.5233173193349396,0.23729267969878487,BIOCHAR_CS_CA_LA_OA,3.1,1.853,104900.0,6.49,0.977,180.0,literature_core_properties_plus_screening_assumptions
18.0,30.0,994.57001304,9.90361966,11.50316541,19.58334067,12000.0,39.96969066,18.0,30.0,994.5700130376214,6089.286242835106,True,,9.276845958083867e-14,0,0.35775689580707853,0.3774390903786333,BIOCHAR_CS_CA_LA_OA,3.1,1.853,104900.0,6.49,0.977,180.0,literature_core_properties_plus_screening_assumptions
17.44912653,25.05407966,1000.0,10.0,11.25687291,17.46349287,5149.56097945,38.02035332,17.44912652621478,25.054079658952414,1000.0,6365.442874477398,True,,1.4006218407303095e-13,0,0.3369961066417224,0.37810431703688496,BIOCHAR_CS_CA_LA_OA,3.1,1.853,104900.0,6.49,0.977,180.0,literature_core_properties_plus_screening_assumptions
24.37579173,30.0,999.71086377,8.83035612,11.99965895,16.61657212,11999.43693871,39.99973081,24.375791727146755,30.0,999.7108637656818,7119.353524313146,True,,3.292370820418e-13,0,0.45527050681401043,0.37806907708845183,BIOCHAR_CS_CA_LA_OA,3.1,1.853,104900.0,6.49,0.977,180.0,literature_core_properties_plus_screening_assumptions
16.0,30.09766792,1000.0,10.0,12.0,18.0,5251.91218195,40.0,16.0,30.09766791966554,1000.0,6323.867953525085,True,,1.8371792975813152e-13,0,0.38132353399404706,0.3781043170368854,BIOCHAR_CS_CA_LA_OA,3.1,1.853,104900.0,6.49,0.977,180.0,literature_core_properties_plus_screening_assumptions
14.07979833,30.0,999.65639577,9.94230125,12.0,20.0,11975.43553338,40.0,14.07979832538699,30.0,999.656395767486,5987.067992799487,False,POST_SIM_CONSTRAINT,0.29776447710402526,2.0,0.23985362139498104,0.37806243624340385,BIOCHAR_CS_CA_LA_OA,3.1,1.853,104900.0,6.49,0.977,180.0,literature_core_properties_plus_screening_assumptions
18.2740883,30.01278877,973.6528396,10.0,11.97323763,17.4737948,11932.27951337,40.0,18.274088303269785,30.012788765669097,973.652839602735,6031.239973328745,True,,1.1459633242338896e-13,0,0.4683421491706428,0.3748072180428592,BIOCHAR_CS_CA_LA_OA,3.1,1.853,104900.0,6.49,0.977,180.0,literature_core_properties_plus_screening_assumptions
24.92256226,33.64022277,652.82697181,9.9644457,11.48220646,18.62722216,11880.60182475,30.26858029,24.922562260557555,33.64022276724492,652.8269718113457,6635.290478000183,True,,2.8740032576024533e-13,0,0.6206150235507452,0.29390536854206184,BIOCHAR_CS_CA_LA_OA,3.1,1.853,104900.0,6.49,0.977,180.0,literature_core_properties_plus_screening_assumptions
18.0,30.0,853.95770581,10.0,11.97158452,19.98288999,11986.6841581,39.96969066,18.0,30.0,853.9577058051451,6060.389057574249,True,,1.218722900375724e-13,0,0.35780068536687537,0.3572681171204565,BIOCHAR_CS_CA_LA_OA,3.1,1.853,104900.0,6.49,0.977,180.0,literature_core_properties_plus_screening_assumptions
14.29359277,30.04759579,991.00294927,9.93439786,11.56002653,19.94677051,10865.27642705,40.0,14.293592771049594,30.047595785923207,991.0029492658289,6055.657696015554,True,,7.457856554538012e-14,0,0.2699450298038967,0.3769981243429916,BIOCHAR_CS_CA_LA_OA,3.1,1.853,104900.0,6.49,0.977,180.0,literature_core_properties_plus_screening_assumptions
16.0,30.0,1000.0,9.99918754,11.77363985,18.054564,12000.0,40.0,16.0,30.0,1000.0,5969.194794395385,True,,8.985807653516531e-13,0,0.31259970605164994,0.37810431703688463,BIOCHAR_CS_CA_LA_OA,3.1,1.853,104900.0,6.49,0.977,180.0,literature_core_properties_plus_screening_assumptions
14.0131537,30.0,874.04190071,9.9349004,12.0,19.99976964,10861.13866584,39.99989682,14.013153699490093,30.0,874.0419007121762,6012.751965664089,False,POST_SIM_CONSTRAINT,0.5490065234288731,4.0,0.21123446396525056,0.36054632084507576,BIOCHAR_CS_CA_LA_OA,3.1,1.853,104900.0,6.49,0.977,180.0,literature_core_properties_plus_screening_assumptions
20.17780311,30.0,998.84701783,10.0,12.0,18.0,10239.29584515,40.0,20.17780311177401,30.0,998.8470178335759,6191.591253268312,True,,1.2005330063402653e-13,0,0.5007268974744316,0.3779636699921475,BIOCHAR_CS_CA_LA_OA,3.1,1.853,104900.0,6.49,0.977,180.0,literature_core_properties_plus_screening_assumptions
21.93001581,30.0,1000.0,10.0,11.99878855,19.9996814,12000.0,40.0,21.930015814084545,30.0,1000.0,6101.193743772224,True,,1.2369127944111825e-13,0,0.5140846637234637,0.37810431703688463,BIOCHAR_CS_CA_LA_OA,3.1,1.853,104900.0,6.49,0.977,180.0,literature_core_properties_plus_screening_assumptions
20.00990604,30.0,1000.0,10.0,12.0,17.64776905,12000.0,40.0,20.009906041634622,30.0,1000.0,6048.617311908017,True,,1.3096723705530166e-13,0,0.48983965623283393,0.37810431703688463,BIOCHAR_CS_CA_LA_OA,3.1,1.853,104900.0,6.49,0.977,180.0,literature_core_properties_plus_screening_assumptions
17.94898666,34.94888528,997.35385538,10.0,12.0,19.02829228,10986.04377718,40.0,17.948986656025504,34.94888528267845,997.3538553792017,6081.941415082137,True,,1.291482476517558e-13,0,0.43922001009980616,0.37778104284670144,BIOCHAR_CS_CA_LA_OA,3.1,1.853,104900.0,6.49,0.977,180.0,literature_core_properties_plus_screening_assumptions
14.25629108,29.8311803,988.3804672,9.9349004,12.0,18.0,10824.25754894,39.99343289,14.256291083342607,29.83118030347685,988.3804671971934,6070.710390874157,True,,1.8553691916167735e-13,0,0.25755502533634717,0.3766718996281718,BIOCHAR_CS_CA_LA_OA,3.1,1.853,104900.0,6.49,0.977,180.0,literature_core_properties_plus_screening_assumptions
14.21912241,30.0,1000.0,10.0,12.0,18.0,11981.10002521,40.0,14.219122406982487,30.0,1000.0,5950.070598862423,True,,1.2732925824820997e-13,0,0.275843512299354,0.3781043170368861,BIOCHAR_CS_CA_LA_OA,3.1,1.853,104900.0,6.49,0.977,180.0,literature_core_properties_plus_screening_assumptions
25.0,35.0,1000.0,10.0,12.0,20.0,11707.3044946,40.0,25.0,35.0,1000.0,6199.365707769846,True,,1.546140993013978e-13,0,0.5757252752488003,0.37810431703688463,BIOCHAR_CS_CA_LA_OA,3.1,1.853,104900.0,6.49,0.977,180.0,literature_core_properties_plus_screening_assumptions
18.0,30.0,1000.0,10.0,12.0,18.0,5297.75905071,40.0,18.0,30.0,1000.0,6406.109999548227,True,,1.9281287677586078e-13,0,0.40022717867110214,0.3781043170368851,BIOCHAR_CS_CA_LA_OA,3.1,1.853,104900.0,6.49,0.977,180.0,literature_core_properties_plus_screening_assumptions
16.04392933,24.46815973,1000.0,10.0,12.0,18.00039874,12000.0,39.89710415,16.043929333244517,24.468159732190763,1000.0,5982.6188645343245,False,POST_SIM_CONSTRAINT,24.73695291315741,20.0,0.2,0.37810431703688463,BIOCHAR_CS_CA_LA_OA,3.1,1.853,104900.0,6.49,0.977,180.0,literature_core_properties_plus_screening_assumptions
23.32004717,30.0,619.3609505,9.82376705,11.82992861,17.90730012,5757.8942619,40.0,23.320047169448078,30.0,619.3609504958254,6496.542988474727,True,,3.16504156216979e-13,0,0.4898741942097057,0.14932987411500287,BIOCHAR_CS_CA_LA_OA,3.1,1.853,104900.0,6.49,0.977,180.0,literature_core_properties_plus_screening_assumptions
18.00849885,30.0,996.9923892,10.0,11.65032322,19.26530814,11727.8028329,39.65608483,18.008498853531016,30.0,996.9923891988617,6013.556471732613,True,,1.673470251262188e-13,0,0.3587596429856914,0.37773675008735863,BIOCHAR_CS_CA_LA_OA,3.1,1.853,104900.0,6.49,0.977,180.0,literature_core_properties_plus_screening_assumptions
14.25629108,30.0,988.3804672,9.70785929,12.0,17.98948356,11999.96281031,40.0,14.256291083342607,30.0,988.3804671971934,6162.084848545461,True,,8.549250196665525e-14,0,0.2767515917294016,0.37667189962817194,BIOCHAR_CS_CA_LA_OA,3.1,1.853,104900.0,6.49,0.977,180.0,literature_core_properties_plus_screening_assumptions
14.83349899,30.00408388,885.30124913,9.8503173,11.95806655,19.07910662,10601.75755304,38.35363723,14.833498987600462,30.004083881495713,885.3012491336676,6104.123898690787,True,,3.9108272176235914e-13,0,0.28999318221885184,0.36231907113650774,BIOCHAR_CS_CA_LA_OA,3.1,1.853,104900.0,6.49,0.977,180.0,literature_core_properties_plus_screening_assumptions
18.19562533,26.81066374,970.19055793,9.91106623,12.0,18.00996807,12000.0,39.65857609,18.19562532603287,26.810663741585703,970.1905579293019,6091.792609203534,True,,9.822542779147626e-13,0,0.41360224222363207,0.3743606393898755,BIOCHAR_CS_CA_LA_OA,3.1,1.853,104900.0,6.49,0.977,180.0,literature_core_properties_plus_screening_assumptions
18.27429764,30.0,621.3068291,10.0,11.97431503,17.46285609,12000.0,40.0,18.27429764286525,30.0,621.3068290983829,6647.806188672359,True,,1.673470251262188e-13,0,0.3606629252884567,0.2593912564658306,BIOCHAR_CS_CA_LA_OA,3.1,1.853,104900.0,6.49,0.977,180.0,literature_core_properties_plus_screening_assumptions
18.0,29.99666712,618.52604943,10.0,11.56358225,19.26851867,12000.0,40.0,18.0,29.99666711750444,618.5260494331715,6639.154635442073,True,,1.418811734765768e-13,0,0.3576950381021199,0.25607544220954515,BIOCHAR_CS_CA_LA_OA,3.1,1.853,104900.0,6.49,0.977,180.0,literature_core_properties_plus_screening_assumptions
20.0,30.0,998.91802133,10.0,12.0,17.99972938,12000.0,39.94842027,20.0,30.0,998.9180213277571,6049.067077105159,True,,1.3096723705530166e-13,0,0.4897145737890717,0.37797234076278585,BIOCHAR_CS_CA_LA_OA,3.1,1.853,104900.0,6.49,0.977,180.0,literature_core_properties_plus_screening_assumptions
19.88680671,35.0,1000.0,9.43187007,11.1567311,20.0,12000.0,40.0,19.886806705567388,35.0,1000.0,6607.047031314742,True,,3.4924596548080445e-13,0,0.5491716370908649,0.37810431703688463,BIOCHAR_CS_CA_LA_OA,3.1,1.853,104900.0,6.49,0.977,180.0,literature_core_properties_plus_screening_assumptions
13.92162387,29.99731112,634.74701335,9.81106867,11.82248148,17.79777672,12000.0,38.90207066,13.921623872544984,29.99731112085536,634.747013345301,6446.836574796848,True,,1.6370904631912708e-13,0,0.26749226443279495,0.1948705540812241,BIOCHAR_CS_CA_LA_OA,3.1,1.853,104900.0,6.49,0.977,180.0,literature_core_properties_plus_screening_assumptions
23.90516875,34.84546934,999.84250665,9.98399689,11.97158452,19.643985,5733.23641524,36.06986564,23.90516875024552,34.84546934258596,999.8425066502542,6579.108303962462,True,,7.548806024715304e-13,0,0.5844671290606509,0.37808512426050844,BIOCHAR_CS_CA_LA_OA,3.1,1.853,104900.0,6.49,0.977,180.0,literature_core_properties_plus_screening_assumptions
18.0,30.0,609.56957451,10.0,11.97219948,17.96467031,11796.40754917,28.29790907,18.0,30.0,609.5695745122678,6488.138624297045,True,,1.2732925824820997e-13,0,0.3584360318378956,0.24531685060741393,BIOCHAR_CS_CA_LA_OA,3.1,1.853,104900.0,6.49,0.977,180.0,literature_core_properties_plus_screening_assumptions
18.95216842,31.01533164,998.63169313,9.94685946,10.94850706,19.1131764,6687.59493752,39.97774199,18.952168419766117,31.015331640393697,998.6316931327549,6532.586470120095,True,,1.7280399333685637e-13,0,0.4131998865799986,0.37793736753748886,BIOCHAR_CS_CA_LA_OA,3.1,1.853,104900.0,6.49,0.977,180.0,literature_core_properties_plus_screening_assumptions
16.26605002,33.29667062,1000.0,9.98970349,11.20595264,18.64698924,12000.0,39.89895394,16.2660500166728,33.29667062339847,1000.0,5987.466296670978,True,,7.457856554538012e-14,0,0.3782106167679263,0.37810431703688463,BIOCHAR_CS_CA_LA_OA,3.1,1.853,104900.0,6.49,0.977,180.0,literature_core_properties_plus_screening_assumptions
24.996957,29.46733996,967.2728336,9.90521302,11.96924495,19.99446478,11920.18233802,27.19722744,24.99695699545448,29.467339959472298,967.2728335996013,5830.85752035272,True,,2.3283064365386963e-13,0,0.5211431973636711,0.3739818186600329,BIOCHAR_CS_CA_LA_OA,3.1,1.853,104900.0,6.49,0.977,180.0,literature_core_properties_plus_screening_assumptions
20.0,28.84218744,1000.0,9.87109633,12.0,17.46131045,12000.0,40.0,20.0,28.842187436268322,1000.0,6165.851803709563,True,,2.8558133635669947e-13,0,0.47266281701581847,0.37810431703688463,BIOCHAR_CS_CA_LA_OA,3.1,1.853,104900.0,6.49,0.977,180.0,literature_core_properties_plus_screening_assumptions
18.0,35.0,996.39810908,9.40668345,11.99095819,18.993639,12000.0,39.99599509,18.0,35.0,996.3981090805609,6561.430394393109,True,,4.547473508864641e-13,0,0.43729012948506923,0.3776638593287869,BIOCHAR_CS_CA_LA_OA,3.1,1.853,104900.0,6.49,0.977,180.0,literature_core_properties_plus_screening_assumptions
18.2827965,32.90118385,1000.0,10.0,12.0,17.4709914,11944.63305156,39.95573647,18.282796496396266,32.9011838518333,1000.0,6027.957399668081,True,,1.382431946694851e-13,0,0.5075595397664757,0.3781043170368855,BIOCHAR_CS_CA_LA_OA,3.1,1.853,104900.0,6.49,0.977,180.0,literature_core_properties_plus_screening_assumptions
22.17620769,30.0,868.84192888,9.99153292,12.0,19.10678,10296.28499609,40.0,22.17620768917905,30.0,868.841928882017,6203.005427669516,True,,1.9281287677586078e-13,0,0.5256453621265857,0.35971209867463494,BIOCHAR_CS_CA_LA_OA,3.1,1.853,104900.0,6.49,0.977,180.0,literature_core_properties_plus_screening_assumptions
17.97462195,30.01491811,1000.0,10.0,12.0,17.52221588,5087.7617972,35.89914901,17.97462194696688,30.01491810727792,1000.0,6343.745311908522,True,,1.255102688446641e-13,0,0.4027876413886128,0.3781043170368854,BIOCHAR_CS_CA_LA_OA,3.1,1.853,104900.0,6.49,0.977,180.0,literature_core_properties_plus_screening_assumptions
23.32004717,31.61024804,999.66770934,9.96770554,11.73360585,17.90730012,5713.68024298,40.0,23.320047169448078,31.610248043262096,999.6677093417959,6638.06184235402,True,,5.875335773453117e-13,0,0.5422905674934175,0.3780638156760684,BIOCHAR_CS_CA_LA_OA,3.1,1.853,104900.0,6.49,0.977,180.0,literature_core_properties_plus_screening_assumptions
14.31766918,30.03681241,851.6615692,10.0,12.0,20.0,10784.1860367,40.0,14.31766918274992,30.03681241346444,851.6615692014998,5981.840723583014,True,,1.1641532182693482e-13,0,0.2668915462249798,0.35688349080884596,BIOCHAR_CS_CA_LA_OA,3.1,1.853,104900.0,6.49,0.977,180.0,literature_core_properties_plus_screening_assumptions
17.91030227,30.0,611.37456944,10.0,11.97158452,18.9898447,11796.40754917,40.0,17.91030226565523,30.0,611.3745694384829,6646.6023809938015,True,,1.3096723705530166e-13,0,0.35748573471650635,0.24538840314951293,BIOCHAR_CS_CA_LA_OA,3.1,1.853,104900.0,6.49,0.977,180.0,literature_core_properties_plus_screening_assumptions
18.24791504,32.98952272,999.99916035,9.91738575,12.0,18.00574235,5655.15043993,40.0,18.247915036619432,32.98952271827668,999.9991603541735,6490.894708566963,True,,2.091837814077735e-13,0,0.44550768238889,0.3781042147302712,BIOCHAR_CS_CA_LA_OA,3.1,1.853,104900.0,6.49,0.977,180.0,literature_core_properties_plus_screening_assumptions
24.52136884,30.0,1000.0,9.97110346,11.99102462,19.16469304,5149.56097945,26.82731959,24.52136884420642,30.0,1000.0,6368.232212596702,True,,3.9472070056945085e-13,0,0.6020121380787605,0.37810431703688496,BIOCHAR_CS_CA_LA_OA,3.1,1.853,104900.0,6.49,0.977,180.0,literature_core_properties_plus_screening_assumptions
18.30817455,34.87972257,1000.0,10.0,12.0,19.89693993,11900.69278904,39.97875629,18.308174549429385,34.87972257327529,1000.0,6029.326055993388,True,,1.4370016288012266e-13,0,0.531089965696278,0.3781043170368853,BIOCHAR_CS_CA_LA_OA,3.1,1.853,104900.0,6.49,0.977,180.0,literature_core_properties_plus_screening_assumptions
19.11098905,35.0,1000.0,10.0,12.0,20.0,10801.8046966,40.0,19.11098904748778,35.0,1000.0,6112.350325240712,True,,1.4551915228366852e-13,0,0.5456930138189892,0.37810431703688663,BIOCHAR_CS_CA_LA_OA,3.1,1.853,104900.0,6.49,0.977,180.0,literature_core_properties_plus_screening_assumptions
22.97246409,34.85875651,998.36054039,9.99516742,12.0,19.9749472,11992.85053002,40.0,22.972464089951202,34.85875651384246,998.3605403869558,6135.511373323931,True,,2.6557245291769503e-13,0,0.5812503994223636,0.3779042294136731,BIOCHAR_CS_CA_LA_OA,3.1,1.853,104900.0,6.49,0.977,180.0,literature_core_properties_plus_screening_assumptions
16.08969773,30.0,986.80311165,10.0,11.95227042,18.054564,10978.76358155,40.0,16.08969773434477,30.0,986.8031116526579,6055.660553384967,True,,1.4370016288012266e-13,0,0.3216310210929306,0.37647484910679774,BIOCHAR_CS_CA_LA_OA,3.1,1.853,104900.0,6.49,0.977,180.0,literature_core_properties_plus_screening_assumptions
20.03488146,30.00932905,998.80587917,10.0,12.0,17.46524905,11624.44412458,39.93085893,20.03488145977683,30.009329049677504,998.8058791685759,6076.891503589034,True,,1.582520781084895e-13,0,0.49200198077715057,0.37795864567657855,BIOCHAR_CS_CA_LA_OA,3.1,1.853,104900.0,6.49,0.977,180.0,literature_core_properties_plus_screening_assumptions
16.0,30.38669338,1000.0,10.0,12.0,18.37255852,12000.0,40.0,16.0,30.38669337846691,1000.0,5969.1947943953855,True,,1.2369127944111825e-13,0,0.32018951558311814,0.37810431703688463,BIOCHAR_CS_CA_LA_OA,3.1,1.853,104900.0,6.49,0.977,180.0,literature_core_properties_plus_screening_assumptions
22.91112572,35.0,884.22827635,9.93385407,12.0,20.0,10309.91957219,39.95652562,22.911125718373665,35.0,884.2282763487893,6296.5651182528,True,,2.746673999354243e-13,0,0.5890842247806818,0.36215208006371713,BIOCHAR_CS_CA_LA_OA,3.1,1.853,104900.0,6.49,0.977,180.0,literature_core_properties_plus_screening_assumptions
18.00324693,28.22589971,994.4553365,10.0,12.0,20.0,12000.0,39.64674304,18.003246926705984,28.22589970674448,994.4553364979992,5999.003605359466,True,,1.2732925824820997e-13,0,0.3355842424411908,0.37742496307937223,BIOCHAR_CS_CA_LA_OA,3.1,1.853,104900.0,6.49,0.977,180.0,literature_core_properties_plus_screening_assumptions
16.0,30.38553778,999.60729731,10.0,11.99471206,17.95933563,12000.0,40.0,16.0,30.38553777614391,999.607297314858,5969.329217983484,True,,1.2005330063402653e-13,0,0.32016712136277475,0.37805644944391714,BIOCHAR_CS_CA_LA_OA,3.1,1.853,104900.0,6.49,0.977,180.0,literature_core_properties_plus_screening_assumptions
17.98643673,30.0,573.99545175,9.99980929,11.99935529,17.95379757,11990.39317307,40.0,17.98643672933247,30.0,573.9954517474806,6708.838911108806,True,,9.822542779147625e-14,0,0.3576447841966092,0.19851974775896386,BIOCHAR_CS_CA_LA_OA,3.1,1.853,104900.0,6.49,0.977,180.0,literature_core_properties_plus_screening_assumptions
14.31766918,30.03681241,845.99668453,10.0,12.0,20.0,10784.1860367,40.0,14.31766918274992,30.03681241346444,845.9966845276676,6003.156421455696,True,,1.1641532182693482e-13,0,0.26659119078896903,0.3559256396127749,BIOCHAR_CS_CA_LA_OA,3.1,1.853,104900.0,6.49,0.977,180.0,literature_core_properties_plus_screening_assumptions
17.93849319,29.85311634,1000.0,9.50952423,11.20595264,19.94282882,12000.0,35.85548629,17.938493189454743,29.853116343915612,1000.0,6361.095432248165,True,,2.1464074961841105e-13,0,0.35436281625541927,0.37810431703688463,BIOCHAR_CS_CA_LA_OA,3.1,1.853,104900.0,6.49,0.977,180.0,literature_core_properties_plus_screening_assumptions
14.25065123,30.0,989.91364439,9.93575668,11.98927421,18.02625863,11979.17907475,40.0,14.250651233029302,30.0,989.913644391787,5983.616862481338,True,,5.111360223963857e-13,0,0.2767220017615004,0.37686282960459894,BIOCHAR_CS_CA_LA_OA,3.1,1.853,104900.0,6.49,0.977,180.0,literature_core_properties_plus_screening_assumptions
17.99703382,29.90109662,970.19055793,10.0,12.0,18.00996807,12000.0,39.99986286,17.997033819525463,29.901096623016926,970.1905579293019,6004.89585765195,True,,1.2732925824820997e-13,0,0.35588387072662675,0.3743606393898755,BIOCHAR_CS_CA_LA_OA,3.1,1.853,104900.0,6.49,0.977,180.0,literature_core_properties_plus_screening_assumptions
15.51807816,30.0,1000.0,10.0,11.99921538,18.02894125,12000.0,37.59031735,15.51807816138353,30.0,1000.0,5878.394102325541,True,,1.1459633242338896e-13,0,0.299409700521286,0.37810431703688463,BIOCHAR_CS_CA_LA_OA,3.1,1.853,104900.0,6.49,0.977,180.0,literature_core_properties_plus_screening_assumptions
18.2827965,29.85153584,1000.0,9.71269362,12.0,17.42593952,11830.31458601,36.02797419,18.282796496396266,29.85153584308125,1000.0,6189.127099306755,True,,3.2378011383116244e-13,0,0.46650749488273224,0.3781043170368855,BIOCHAR_CS_CA_LA_OA,3.1,1.853,104900.0,6.49,0.977,180.0,literature_core_properties_plus_screening_assumptions
17.70853198,30.0205843,1000.0,10.0,12.0,18.00028268,4341.58446945,39.99936691,17.708531980896996,30.02058430108608,1000.0,10000.0,False,EVAPORATOR_AIRFLOW_RATIO_OUT_OF_RANGE,,,,,BIOCHAR_CS_CA_LA_OA,,,,,,,literature_core_properties_plus_screening_assumptions
18.2827965,32.95718605,1000.0,10.0,12.0,17.96308208,11944.63305156,39.95573647,18.282796496396266,32.957186046232565,1000.0,6027.957399668081,True,,1.382431946694851e-13,0,0.5082510120707429,0.3781043170368855,BIOCHAR_CS_CA_LA_OA,3.1,1.853,104900.0,6.49,0.977,180.0,literature_core_properties_plus_screening_assumptions
17.94898666,34.94888528,909.86912347,10.0,12.0,17.9379216,10986.04377718,40.0,17.948986656025504,34.94888528267845,909.869123474473,6077.902764141743,True,,1.2005330063402653e-13,0,0.43922001009980616,0.36603496563273963,BIOCHAR_CS_CA_LA_OA,3.1,1.853,104900.0,6.49,0.977,180.0,literature_core_properties_plus_screening_assumptions
15.89210643,30.0,998.89485515,10.0,12.0,18.045165,11818.90101897,39.94851696,15.892106428901595,30.0,998.8948551522552,5976.536063610333,True,,1.1095835361629724e-13,0,0.3107508681468357,0.3779695119023059,BIOCHAR_CS_CA_LA_OA,3.1,1.853,104900.0,6.49,0.977,180.0,literature_core_properties_plus_screening_assumptions
15.19933068,30.0,990.88625337,10.0,11.54096542,18.03128476,11721.6829839,40.0,15.199330678568348,30.0,990.8862533703524,5946.9304625022105,True,,1.3460521586239337e-13,0,0.30434288500074774,0.3769836446041883,BIOCHAR_CS_CA_LA_OA,3.1,1.853,104900.0,6.49,0.977,180.0,literature_core_properties_plus_screening_assumptions
18.2949511,34.98565758,996.37538293,10.0,11.90300138,19.09276549,12000.0,39.03577162,18.294951096546733,34.985657580753816,996.3753829322308,5987.16420993484,True,,1.3096723705530166e-13,0,0.531724235888459,0.3776610701532519,BIOCHAR_CS_CA_LA_OA,3.1,1.853,104900.0,6.49,0.977,180.0,literature_core_properties_plus_screening_assumptions
25.0,31.43774336,1000.0,10.0,12.0,20.0,12000.0,40.0,25.0,31.43774335688695,1000.0,6171.386873772439,True,,1.3278622645884751e-13,0,0.6395281829821237,0.37810431703688463,BIOCHAR_CS_CA_LA_OA,3.1,1.853,104900.0,6.49,0.977,180.0,literature_core_properties_plus_screening_assumptions
18.14121326,32.99885183,1000.0,10.0,11.8220931,17.49033474,5362.64624342,39.93085893,18.14121326280337,32.99885182774528,1000.0,6414.126072597434,True,,1.2732925824820997e-13,0,0.44762380595328854,0.3781043170368852,BIOCHAR_CS_CA_LA_OA,3.1,1.853,104900.0,6.49,0.977,180.0,literature_core_properties_plus_screening_assumptions
16.26605002,33.47464147,1000.0,9.98946394,11.20595264,18.64698924,12000.0,39.9982119,16.2660500166728,33.47464146949039,1000.0,5990.949805119839,True,,7.221387932077051e-13,0,0.38103267410038977,0.37810431703688463,BIOCHAR_CS_CA_LA_OA,3.1,1.853,104900.0,6.49,0.977,180.0,literature_core_properties_plus_screening_assumptions
21.44648108,30.0,984.24845177,10.0,11.99989094,20.0,12000.0,40.0,21.44648107911581,30.0,984.2484517746411,6096.50717933794,True,,1.709850039333105e-13,0,0.5079791251208182,0.3761543699986991,BIOCHAR_CS_CA_LA_OA,3.1,1.853,104900.0,6.49,0.977,180.0,literature_core_properties_plus_screening_assumptions
18.93828215,30.01278877,974.3197406,10.0,11.97323763,17.47062181,5204.01014516,36.02277011,18.938282153999893,30.012788765669097,974.3197405978085,6378.0279084984095,True,,1.418811734765768e-13,0,0.4115145814529547,0.37489287314966735,BIOCHAR_CS_CA_LA_OA,3.1,1.853,104900.0,6.49,0.977,180.0,literature_core_properties_plus_screening_assumptions
17.82219689,30.0,999.99861203,9.99820625,11.69476363,18.0,10804.29187614,40.0,17.82219688822564,30.0,999.9986120269236,6103.524337832631,True,,4.838511813431978e-13,0,0.36018296114618414,0.3781041479192684,BIOCHAR_CS_CA_LA_OA,3.1,1.853,104900.0,6.49,0.977,180.0,literature_core_properties_plus_screening_assumptions
15.98412832,30.0,1000.0,10.0,12.0,18.0,10221.72739181,40.0,15.984128323298572,30.0,1000.0,6082.641869920762,True,,1.1823431123048067e-13,0,0.3242309627704101,0.3781043170368854,BIOCHAR_CS_CA_LA_OA,3.1,1.853,104900.0,6.49,0.977,180.0,literature_core_properties_plus_screening_assumptions
20.17780311,30.0,998.84701783,10.0,12.0,18.0,10223.57885014,38.86557017,20.17780311177401,30.0,998.8470178335759,6178.71635776052,True,,1.2005330063402653e-13,0,0.5008142291653511,0.3779636699921475,BIOCHAR_CS_CA_LA_OA,3.1,1.853,104900.0,6.49,0.977,180.0,literature_core_properties_plus_screening_assumptions
15.99088673,29.86010988,1000.0,10.0,12.0,19.90058315,4797.78974512,37.90442775,15.990886727894747,29.86010988003805,1000.0,10000.0,False,EVAPORATOR_AIRFLOW_RATIO_OUT_OF_RANGE,,,,,BIOCHAR_CS_CA_LA_OA,,,,,,,literature_core_properties_plus_screening_assumptions
18.06270708,30.0,986.24153202,9.9349004,12.0,17.90730012,10466.30035705,40.0,18.062707080945753,30.0,986.2415320188704,6173.125336806086,True,,1.6916601452976465e-13,0,0.36410429547400935,0.37640454190553263,BIOCHAR_CS_CA_LA_OA,3.1,1.853,104900.0,6.49,0.977,180.0,literature_core_properties_plus_screening_assumptions
18.28286017,32.7907451,999.55793256,9.85540439,12.0,17.4709914,5408.8599611,39.93085893,18.28286017058751,32.7907451037487,999.5579325614758,6486.1451167150335,True,,2.382876118645072e-13,0,0.44554020840522607,0.37805042958046886,BIOCHAR_CS_CA_LA_OA,3.1,1.853,104900.0,6.49,0.977,180.0,literature_core_properties_plus_screening_assumptions
18.00088665,30.0,1000.0,10.0,11.76051592,19.16469304,5149.56097945,26.81538762,18.00088664643715,30.0,1000.0,6194.108345968033,True,,1.4915713109076024e-13,0,0.4020392488432978,0.37810431703688496,BIOCHAR_CS_CA_LA_OA,3.1,1.853,104900.0,6.49,0.977,180.0,literature_core_properties_plus_screening_assumptions
19.75942716,34.96854728,1000.0,9.98994115,10.66431202,19.85035188,12000.0,39.99835392,19.759427159249455,34.96854728358732,1000.0,6049.5283874082015,True,,3.9835867937654257e-13,0,0.5474631746477172,0.37810431703688463,BIOCHAR_CS_CA_LA_OA,3.1,1.853,104900.0,6.49,0.977,180.0,literature_core_properties_plus_screening_assumptions
18.0,30.0,995.13090248,10.0,11.99984212,19.57803356,12000.0,37.98775972,18.0,30.0,995.1309024831868,5961.244804208254,True,,1.218722900375724e-13,0,0.35775689580707853,0.37750814091026497,BIOCHAR_CS_CA_LA_OA,3.1,1.853,104900.0,6.49,0.977,180.0,literature_core_properties_plus_screening_assumptions
24.88282156,29.0112607,1000.0,10.0,11.97265247,17.45709278,11504.27817942,40.0,24.882821556125794,29.011260702700863,1000.0,6215.664970940956,True,,1.4733814168721438e-13,0,0.5000613053878944,0.3781043170368862,BIOCHAR_CS_CA_LA_OA,3.1,1.853,104900.0,6.49,0.977,180.0,literature_core_properties_plus_screening_assumptions
18.0,28.99845734,853.95770581,10.0,11.97158452,19.992495,11995.53130383,39.96969066,18.0,28.99845734183993,853.9577058051451,6060.704862037314,True,,1.7462298274040223e-13,0,0.3385437679205939,0.3572681171204568,BIOCHAR_CS_CA_LA_OA,3.1,1.853,104900.0,6.49,0.977,180.0,literature_core_properties_plus_screening_assumptions
14.25629108,30.0,684.3946709,9.99242339,12.0,17.98948356,5349.03706523,39.93177145,14.256291083342607,30.0,684.3946709043455,6225.604813601272,True,,7.330527296289802e-13,0,0.2663058211804568,0.10076200076491804,BIOCHAR_CS_CA_LA_OA,3.1,1.853,104900.0,6.49,0.977,180.0,literature_core_properties_plus_screening_assumptions
16.0,28.63748257,1000.0,10.0,12.0,17.47238271,11567.2237307,37.59031735,16.0,28.637482565809762,1000.0,5947.925366000159,True,,1.418811734765768e-13,0,0.3120400688043233,0.37810431703688496,BIOCHAR_CS_CA_LA_OA,3.1,1.853,104900.0,6.49,0.977,180.0,literature_core_properties_plus_screening_assumptions
14.25280535,34.81674307,884.26880189,9.9349004,12.0,17.98212393,10823.47804055,39.96121251,14.25280534744962,34.81674307103127,884.268801893906,6048.943473937886,True,,1.3278622645884751e-13,0,0.31119478193465683,0.36215839457798404,BIOCHAR_CS_CA_LA_OA,3.1,1.853,104900.0,6.49,0.977,180.0,literature_core_properties_plus_screening_assumptions
18.0,30.87337757,630.5122733,10.0,11.97048231,19.45478919,5156.32025328,40.0,18.0,30.87337756835607,630.5122732978305,6329.457245380997,True,,1.0550138540565968e-13,0,0.4164445656680892,0.14652642005448213,BIOCHAR_CS_CA_LA_OA,3.1,1.853,104900.0,6.49,0.977,180.0,literature_core_properties_plus_screening_assumptions
18.0,29.20758335,1000.0,10.0,12.0,19.97008713,12000.0,40.0,18.0,29.207583348824183,1000.0,6009.555902639115,True,,1.2732925824820997e-13,0,0.34265245080502477,0.37810431703688463,BIOCHAR_CS_CA_LA_OA,3.1,1.853,104900.0,6.49,0.977,180.0,literature_core_properties_plus_screening_assumptions
14.25604618,34.52206802,876.09050991,9.9992785,12.0,18.0,11965.57217864,38.2123727,14.256046176722037,34.52206802307491,876.0905099105494,5920.835566436997,True,,8.36735125631094e-14,0,0.31113174660642173,0.36087225762835895,BIOCHAR_CS_CA_LA_OA,3.1,1.853,104900.0,6.49,0.977,180.0,literature_core_properties_plus_screening_assumptions
18.27105072,34.884939,617.98164434,10.0,11.97323763,17.42711804,12000.0,39.05295542,18.271050716159266,34.88493900381409,617.9816443352211,6648.942813502765,True,,1.1823431123048067e-13,0,0.43818572052139754,0.2554228126996423,BIOCHAR_CS_CA_LA_OA,3.1,1.853,104900.0,6.49,0.977,180.0,literature_core_properties_plus_screening_assumptions
14.25280535,30.0,952.82743635,9.98502408,11.66842955,19.9459958,10823.47804055,40.0,14.25280534744962,30.0,952.8274363525263,6027.211574063478,True,,5.875335773453117e-13,0,0.2586559436712113,0.3720721485238292,BIOCHAR_CS_CA_LA_OA,3.1,1.853,104900.0,6.49,0.977,180.0,literature_core_properties_plus_screening_assumptions
16.04749112,30.0,986.03953106,9.93121145,11.97162874,19.22202105,10786.46470797,40.0,16.047491117755225,30.0,986.0395310630597,6111.649747480387,True,,4.05634636990726e-13,0,0.3218164968665613,0.37637923273413465,BIOCHAR_CS_CA_LA_OA,3.1,1.853,104900.0,6.49,0.977,180.0,literature_core_properties_plus_screening_assumptions
18.0,30.0,1000.0,10.0,12.0,18.42284571,10631.35322069,40.0,18.0,30.0,1000.0,6110.477268544713,True,,8.731149137020111e-14,0,0.36275989831393773,0.37810431703688485,BIOCHAR_CS_CA_LA_OA,3.1,1.853,104900.0,6.49,0.977,180.0,literature_core_properties_plus_screening_assumptions
16.30217877,34.90840217,1000.0,10.0,12.0,17.52221588,5087.7617972,39.94419892,16.30217877418494,34.90840217311913,1000.0,6324.705576718087,True,,1.2369127944111825e-13,0,0.4592904744273166,0.3781043170368854,BIOCHAR_CS_CA_LA_OA,3.1,1.853,104900.0,6.49,0.977,180.0,literature_core_properties_plus_screening_assumptions
18.00539494,30.0,938.6171298,9.90276339,11.5033677,19.55705446,10289.06807169,39.96969066,18.00539494369175,30.0,938.6171297997688,6247.685509256698,True,,3.892637323588133e-13,0,0.3642482161263409,0.37013622983825534,BIOCHAR_CS_CA_LA_OA,3.1,1.853,104900.0,6.49,0.977,180.0,literature_core_properties_plus_screening_assumptions
18.19859151,27.11857904,994.57001304,10.0,11.97158452,19.58334067,12000.0,39.96840111,18.198591506507405,27.118579044292026,994.5700130376214,6023.803719024014,True,,1.1459633242338896e-13,0,0.41933117250401614,0.3774390903786333,BIOCHAR_CS_CA_LA_OA,3.1,1.853,104900.0,6.49,0.977,180.0,literature_core_properties_plus_screening_assumptions
18.06998416,30.0,630.5122733,10.0,11.97242498,19.14807714,12000.0,40.0,18.06998416001122,30.0,630.5122732978305,6631.563690792356,True,,1.0913936421275138e-13,0,0.3584983386794917,0.27016004974984253,BIOCHAR_CS_CA_LA_OA,3.1,1.853,104900.0,6.49,0.977,180.0,literature_core_properties_plus_screening_assumptions
13.22533936,30.0,866.62752022,9.98917773,12.0,18.02663183,4903.69825357,40.0,13.225339364915369,30.0,866.627520216634,6055.676073059933,False,POST_SIM_CONSTRAINT,1.202272608358146,8.0,0.2,0.17734034000446464,BIOCHAR_CS_CA_LA_OA,3.1,1.853,104900.0,6.49,0.977,180.0,literature_core_properties_plus_screening_assumptions
20.0,29.99977124,1000.0,10.0,12.0,17.46321019,11998.8793379,40.0,20.0,29.999771238518324,1000.0,6046.1668169352215,True,,1.709850039333105e-13,0,0.48971634259471375,0.3781043170368855,BIOCHAR_CS_CA_LA_OA,3.1,1.853,104900.0,6.49,0.977,180.0,literature_core_properties_plus_screening_assumptions
18.00088665,29.94399773,1000.0,10.0,12.0,19.22383195,5149.56097945,26.81538762,18.00088664643715,29.94399772956639,1000.0,6194.108345968033,True,,1.3460521586239337e-13,0,0.40108084681408535,0.37810431703688496,BIOCHAR_CS_CA_LA_OA,3.1,1.853,104900.0,6.49,0.977,180.0,literature_core_properties_plus_screening_assumptions
14.25629501,30.0,988.48353313,9.9349004,12.0,18.31496692,10823.47804055,40.0,14.25629501298395,30.0,988.4835331309789,6070.695296321752,True,,1.3642420526593923e-13,0,0.26107920989507954,0.37668475322037853,BIOCHAR_CS_CA_LA_OA,3.1,1.853,104900.0,6.49,0.977,180.0,literature_core_properties_plus_screening_assumptions
20.10789357,31.44548866,999.9901098,10.0,12.0,17.99812059,12000.0,39.94842051,20.107893570626114,31.445488658778878,999.9901097966442,6052.346646714662,True,,1.3096723705530166e-13,0,0.5105404039135952,0.3781031119545434,BIOCHAR_CS_CA_LA_OA,3.1,1.853,104900.0,6.49,0.977,180.0,literature_core_properties_plus_screening_assumptions
14.29359277,29.84089024,999.88801982,9.93439786,11.99805751,19.90146447,10865.27642705,40.0,14.293592771049594,29.840890242927355,999.8880198178324,6065.375332289708,True,,8.36735125631094e-14,0,0.26605208510484535,0.3780906713000267,BIOCHAR_CS_CA_LA_OA,3.1,1.853,104900.0,6.49,0.977,180.0,literature_core_properties_plus_screening_assumptions
17.98805474,32.92838683,613.83255177,10.0,12.0,17.4709914,5289.30464064,39.99956376,17.988054739444998,32.92838682744117,613.8325517676193,6354.512873972886,True,,9.276845958083867e-14,0,0.445937390258363,0.13202493997088893,BIOCHAR_CS_CA_LA_OA,3.1,1.853,104900.0,6.49,0.977,180.0,literature_core_properties_plus_screening_assumptions
16.0,34.94306351,988.89149336,10.0,12.0,19.92880653,12000.0,39.0210172,16.0,34.9430635117497,988.8914933634808,5942.798561833561,True,,1.2369127944111825e-13,0,0.39696869369985505,0.37673560460858735,BIOCHAR_CS_CA_LA_OA,3.1,1.853,104900.0,6.49,0.977,180.0,literature_core_properties_plus_screening_assumptions
18.0,35.0,1000.0,10.0,12.0,19.92786592,11896.4163843,40.0,18.0,35.0,1000.0,6015.09543495033,True,,1.4915713109076024e-13,0,0.4375841027603729,0.37810431703688463,BIOCHAR_CS_CA_LA_OA,3.1,1.853,104900.0,6.49,0.977,180.0,literature_core_properties_plus_screening_assumptions
18.0,29.82202293,1000.0,9.99991182,12.0,18.0,12000.0,39.8985353,18.0,29.82202292815855,1000.0,6006.143236341849,True,,3.292370820418e-13,0,0.35443432869824987,0.37810431703688463,BIOCHAR_CS_CA_LA_OA,3.1,1.853,104900.0,6.49,0.977,180.0,literature_core_properties_plus_screening_assumptions
18.06998416,30.0,638.78189294,10.0,11.97091275,19.17661967,12000.0,40.0,18.06998416001122,30.0,638.7818929428238,6617.735420542464,True,,1.0913936421275138e-13,0,0.3584983386794917,0.27957049975221315,BIOCHAR_CS_CA_LA_OA,3.1,1.853,104900.0,6.49,0.977,180.0,literature_core_properties_plus_screening_assumptions
18.2740776,30.0,998.80285684,10.0,12.0,17.47375931,11784.67975662,39.93497889,18.27407759580524,30.0,998.8028568373402,6030.035439417656,True,,1.382431946694851e-13,0,0.46882235321407806,0.3779582765392475,BIOCHAR_CS_CA_LA_OA,3.1,1.853,104900.0,6.49,0.977,180.0,literature_core_properties_plus_screening_assumptions
16.0,29.08185429,1000.0,10.0,11.77363985,18.054564,12000.0,40.0,16.0,29.081854291821415,1000.0,5969.195020118121,True,,1.1823431123048067e-13,0,0.3060976721962831,0.37810431703688463,BIOCHAR_CS_CA_LA_OA,3.1,1.853,104900.0,6.49,0.977,180.0,literature_core_properties_plus_screening_assumptions
14.25629501,30.0,988.3804672,9.93533247,11.99214139,18.0,11962.97611895,40.0,14.25629501298395,30.0,988.3804671971934,5983.511072708724,True,,3.16504156216979e-13,0,0.2769752245635558,0.37667189962817205,BIOCHAR_CS_CA_LA_OA,3.1,1.853,104900.0,6.49,0.977,180.0,literature_core_properties_plus_screening_assumptions
18.01587168,30.38553778,997.68266992,10.0,11.67056912,19.92880653,11970.20018892,40.0,18.01587167670143,30.38553777614391,997.6826699222607,6013.649209112555,True,,1.3278622645884751e-13,0,0.36508372382782794,0.377821306726855,BIOCHAR_CS_CA_LA_OA,3.1,1.853,104900.0,6.49,0.977,180.0,literature_core_properties_plus_screening_assumptions
18.29190977,30.37363086,1000.0,10.0,12.0,17.46308779,11908.57076299,38.64409647,18.29190976850152,30.373630856691552,1000.0,5990.894759080504,True,,1.1095835361629724e-13,0,0.47397147669692125,0.3781043170368862,BIOCHAR_CS_CA_LA_OA,3.1,1.853,104900.0,6.49,0.977,180.0,literature_core_properties_plus_screening_assumptions
15.97122077,35.0,1000.0,10.0,12.0,20.0,11958.26952852,39.65830609,15.971220766141942,35.0,1000.0,5950.333915997733,True,,1.382431946694851e-13,0,0.3973426915769374,0.37810431703688496,BIOCHAR_CS_CA_LA_OA,3.1,1.853,104900.0,6.49,0.977,180.0,literature_core_properties_plus_screening_assumptions
17.99993633,30.23845826,994.91144944,9.90284567,11.50316541,19.58334067,12000.0,39.96969066,17.999936325808754,30.238458259670963,994.9114494430588,6095.229954695642,True,,1.964508555829525e-13,0,0.36214658043598824,0.37748113353649204,BIOCHAR_CS_CA_LA_OA,3.1,1.853,104900.0,6.49,0.977,180.0,literature_core_properties_plus_screening_assumptions
20.0,30.0,1000.0,10.0,12.0,18.0,11822.20666386,40.0,20.0,30.0,1000.0,6059.017410084403,True,,1.4551915228366852e-13,0,0.49051731579443086,0.37810431703688663,BIOCHAR_CS_CA_LA_OA,3.1,1.853,104900.0,6.49,0.977,180.0,literature_core_properties_plus_screening_assumptions
16.50662286,29.62165488,998.91802133,9.99955415,11.98478866,17.99972938,12000.0,39.94899742,16.50662285737805,29.62165488280548,998.9180213277571,5998.286297666304,True,,5.638867150992155e-13,0,0.31902480654953197,0.37797234076278585,BIOCHAR_CS_CA_LA_OA,3.1,1.853,104900.0,6.49,0.977,180.0,literature_core_properties_plus_screening_assumptions
22.99367552,35.0,999.34778361,10.0,11.97055774,19.994768,12000.0,39.60601203,22.993675521411923,35.0,999.3477836102901,6115.938376263087,True,,1.3278622645884751e-13,0,0.5827973743355686,0.3780247959799111,BIOCHAR_CS_CA_LA_OA,3.1,1.853,104900.0,6.49,0.977,180.0,literature_core_properties_plus_screening_assumptions
18.27429764,30.0032683,621.3068291,10.0,11.99975926,19.95964261,12000.0,40.0,18.27429764286525,30.003268301278368,621.3068290983829,6647.806188672359,True,,1.1459633242338896e-13,0,0.3607232544734225,0.2593912564658306,BIOCHAR_CS_CA_LA_OA,3.1,1.853,104900.0,6.49,0.977,180.0,literature_core_properties_plus_screening_assumptions
18.28300584,32.986063,988.11347674,9.70930426,12.0,17.4709914,11837.97886682,39.99766049,18.28300583599173,32.98606300242391,988.1134767376456,6282.634059988129,True,,8.203642209991813e-13,0,0.509048023873641,0.3766385901625433,BIOCHAR_CS_CA_LA_OA,3.1,1.853,104900.0,6.49,0.977,180.0,literature_core_properties_plus_screening_assumptions
17.70853198,30.02035554,1000.0,10.0,12.0,17.9915089,5337.83567793,39.99936691,17.708531980896996,30.020355539604402,1000.0,6404.342213350764,True,,1.546140993013978e-13,0,0.39701442179426744,0.37810431703688485,BIOCHAR_CS_CA_LA_OA,3.1,1.853,104900.0,6.49,0.977,180.0,literature_core_properties_plus_screening_assumptions
23.10555773,30.08068595,874.00137517,10.0,12.0,19.9708989,12000.0,38.2074783,23.105557728425996,30.080685950301675,874.0013751670596,6137.287300260713,True,,1.218722900375724e-13,0,0.5299622405690227,0.3605398577657285,BIOCHAR_CS_CA_LA_OA,3.1,1.853,104900.0,6.49,0.977,180.0,literature_core_properties_plus_screening_assumptions
18.2827965,30.0,1000.0,10.0,11.99985509,17.27712205,11848.35142431,26.05913002,18.282796496396266,30.0,1000.0,5634.047955219773,True,,1.4733814168721438e-13,0,0.4686423494681032,0.3781043170368845,BIOCHAR_CS_CA_LA_OA,3.1,1.853,104900.0,6.49,0.977,180.0,literature_core_properties_plus_screening_assumptions
18.0,30.0,994.98597195,10.0,11.97158452,19.58334067,12000.0,36.95416918,18.0,30.0,994.985971949137,5926.995634089389,True,,1.1459633242338896e-13,0,0.35775689580707853,0.37749030611490575,BIOCHAR_CS_CA_LA_OA,3.1,1.853,104900.0,6.49,0.977,180.0,literature_core_properties_plus_screening_assumptions
18.7594217,30.0,999.1417661,10.0,11.71744842,16.26956521,11796.40754917,39.36722614,18.759421701640573,30.0,999.1417660973001,6021.242073463681,True,,1.3642420526593923e-13,0,0.47492937661190743,0.37799965586220896,BIOCHAR_CS_CA_LA_OA,3.1,1.853,104900.0,6.49,0.977,180.0,literature_core_properties_plus_screening_assumptions
14.29359277,30.06994383,998.1593245,9.93439786,11.56002653,19.92954321,10865.27642705,40.0,14.293592771049594,30.069943832057557,998.1593244986586,6062.661630624705,True,,7.639755494892598e-14,0,0.2707003645450059,0.3778796267816569,BIOCHAR_CS_CA_LA_OA,3.1,1.853,104900.0,6.49,0.977,180.0,literature_core_properties_plus_screening_assumptions
18.84645414,30.0,998.7957712,10.0,12.0,18.00023704,12000.0,40.0,18.846454144912137,30.0,998.7957712026057,6040.622464886258,True,,1.2732925824820997e-13,0,0.4751135038994217,0.3779574111149935,BIOCHAR_CS_CA_LA_OA,3.1,1.853,104900.0,6.49,0.977,180.0,literature_core_properties_plus_screening_assumptions
14.25629108,30.0,564.93670646,9.70785929,11.97371574,17.99194097,11999.96281031,28.69965031,14.256291083342607,30.0,564.9367064579685,6382.5530669728205,True,,6.548361852765083e-14,0,0.27675590943634476,0.142663379260639,BIOCHAR_CS_CA_LA_OA,3.1,1.853,104900.0,6.49,0.977,180.0,literature_core_properties_plus_screening_assumptions
16.0,30.36318973,991.16955696,10.0,11.67056912,19.94603384,12000.0,40.0,16.0,30.363189730009555,991.1695569586316,5966.043738806853,True,,1.1641532182693482e-13,0,0.31973370605754686,0.3770187912791694,BIOCHAR_CS_CA_LA_OA,3.1,1.853,104900.0,6.49,0.977,180.0,literature_core_properties_plus_screening_assumptions
18.19562533,27.01967567,970.78821411,10.0,12.0,18.00973102,12000.0,40.0,18.19562532603287,27.01967566731155,970.7882141142047,6018.078736785261,True,,1.2732925824820997e-13,0,0.41747687977703674,0.3744379548013188,BIOCHAR_CS_CA_LA_OA,3.1,1.853,104900.0,6.49,0.977,180.0,literature_core_properties_plus_screening_assumptions
15.38968277,30.0,1000.0,10.0,11.9991979,18.02894125,11966.52936042,38.66196038,15.389682768550806,30.0,1000.0,5902.7657204747375,True,,1.2732925824820997e-13,0,0.2960977716224565,0.3781043170368855,BIOCHAR_CS_CA_LA_OA,3.1,1.853,104900.0,6.49,0.977,180.0,literature_core_properties_plus_screening_assumptions
18.06998416,30.0,630.5122733,10.0,11.99949424,19.13573692,10866.95787563,40.0,18.06998416001122,30.0,630.5122732978305,6579.533471247824,True,,1.1641532182693482e-13,0,0.36256166976600956,0.25843610294453223,BIOCHAR_CS_CA_LA_OA,3.1,1.853,104900.0,6.49,0.977,180.0,literature_core_properties_plus_screening_assumptions
16.30217877,34.60811335,1000.0,10.0,11.99989761,17.52221588,5087.7617972,39.99822941,16.30217877418494,34.60811334861702,1000.0,6325.038656059582,True,,1.2005330063402653e-13,0,0.4553407898257876,0.3781043170368854,BIOCHAR_CS_CA_LA_OA,3.1,1.853,104900.0,6.49,0.977,180.0,literature_core_properties_plus_screening_assumptions
15.89210643,30.58768379,970.87573534,9.21819466,12.0,18.045165,11818.90101897,39.04971602,15.892106428901595,30.58768378762813,970.875735336248,6680.531568793372,True,,6.639311322942376e-13,0,0.3222453230535035,0.37444926894148123,BIOCHAR_CS_CA_LA_OA,3.1,1.853,104900.0,6.49,0.977,180.0,literature_core_properties_plus_screening_assumptions
18.0,27.2419819,986.74917634,9.90361966,11.50316541,19.58334067,10862.73975103,39.98313673,18.0,27.24198190279322,986.7491763365863,6162.960769957185,True,,1.0186340659856796e-13,0,0.33234919955595027,0.3764681001243555,BIOCHAR_CS_CA_LA_OA,3.1,1.853,104900.0,6.49,0.977,180.0,literature_core_properties_plus_screening_assumptions
16.26605002,34.60822461,999.6197526,9.98970349,11.20595264,17.92775395,12000.0,40.0,16.2660500166728,34.60822461297776,999.61975259939,5991.089577174114,True,,7.457856554538012e-14,0,0.3983265402656568,0.378057968229527,BIOCHAR_CS_CA_LA_OA,3.1,1.853,104900.0,6.49,0.977,180.0,literature_core_properties_plus_screening_assumptions
16.0,30.03690699,999.96261759,10.0,11.67056912,19.92880653,12000.0,37.4980029,16.0,30.03690698760764,999.9626175878243,5905.332338582446,True,,1.1641532182693482e-13,0,0.3133325887988951,0.3780997620119585,BIOCHAR_CS_CA_LA_OA,3.1,1.853,104900.0,6.49,0.977,180.0,literature_core_properties_plus_screening_assumptions
18.01403471,33.74948428,613.99387634,10.0,11.99975926,19.91505945,12000.0,40.0,18.014034708585037,33.749484279727284,613.993876344933,6646.385875784644,True,,1.1823431123048067e-13,0,0.4197407038552442,0.2506071609330104,BIOCHAR_CS_CA_LA_OA,3.1,1.853,104900.0,6.49,0.977,180.0,literature_core_properties_plus_screening_assumptions
16.13463447,30.0,646.19419922,10.0,11.97222057,19.17661967,11995.8380485,40.0,16.13463446727826,30.0,646.1941992155744,6528.483111419444,True,,9.640643838793039e-14,0,0.31631036081558445,0.28776294794365287,BIOCHAR_CS_CA_LA_OA,3.1,1.853,104900.0,6.49,0.977,180.0,literature_core_properties_plus_screening_assumptions
14.35349684,30.89898601,630.5122733,9.93791312,11.97048231,19.45478919,5179.97674353,40.0,14.353496836816529,30.898986008243988,630.5122732978305,6291.4988156083755,False,POST_SIM_CONSTRAINT,1.382431946694851e-13,0,0.3428892573459476,0.10896128251647219,BIOCHAR_CS_CA_LA_OA,3.1,1.853,104900.0,6.49,0.977,180.0,literature_core_properties_plus_screening_assumptions
16.01830295,29.98631772,1000.0,9.99898361,12.0,18.37039812,12000.0,40.0,16.018302950703827,29.98631771565156,1000.0,5971.379941864015,True,,7.821654435247182e-14,0,0.31282873329669947,0.37810431703688463,BIOCHAR_CS_CA_LA_OA,3.1,1.853,104900.0,6.49,0.977,180.0,literature_core_properties_plus_screening_assumptions
14.29359277,30.06994383,998.1593245,8.94347662,11.83848953,19.92875812,11985.2180526,39.18521058,14.293592771049594,30.069943832057557,998.1593244986586,6809.5346283055815,False,POST_SIM_CONSTRAINT,16.752511888170783,16.0,0.2,0.37787962678165743,BIOCHAR_CS_CA_LA_OA,3.1,1.853,104900.0,6.49,0.977,180.0,literature_core_properties_plus_screening_assumptions
18.0,30.0,1000.0,10.0,12.0,18.16044101,10231.13633991,40.0,18.0,30.0,1000.0,6151.0764252269455,True,,1.255102688446641e-13,0,0.36444141201871094,0.3781043170368854,BIOCHAR_CS_CA_LA_OA,3.1,1.853,104900.0,6.49,0.977,180.0,literature_core_properties_plus_screening_assumptions
16.26605002,33.29667062,1000.0,9.98970349,11.20595264,18.72881833,12000.0,39.89895394,16.2660500166728,33.29667062339847,1000.0,5987.466296670978,True,,7.457856554538012e-14,0,0.3782106167679263,0.37810431703688463,BIOCHAR_CS_CA_LA_OA,3.1,1.853,104900.0,6.49,0.977,180.0,literature_core_properties_plus_screening_assumptions
17.97638653,29.99895694,573.99545175,9.99980929,11.99935529,17.97925987,11990.39317307,39.98571622,17.976386527931723,29.998956941297873,573.9954517474806,6708.827788257822,True,,9.822542779147625e-14,0,0.35751894285077934,0.19851974775896386,BIOCHAR_CS_CA_LA_OA,3.1,1.853,104900.0,6.49,0.977,180.0,literature_core_properties_plus_screening_assumptions
14.31766918,30.03681241,996.38306214,10.0,11.97108228,20.0,11989.52530316,39.96899806,14.31766918274992,30.03681241346444,996.3830621350736,5940.777283972797,True,,1.0186340659856796e-13,0,0.2792748656629049,0.3776620126344733,BIOCHAR_CS_CA_LA_OA,3.1,1.853,104900.0,6.49,0.977,180.0,literature_core_properties_plus_screening_assumptions
13.17643053,30.0,613.87438663,9.70239849,11.97371574,17.99194097,11976.82455566,39.79091116,13.176430529427837,30.0,613.8743866326795,6465.440059425952,False,POST_SIM_CONSTRAINT,17.51802382104552,16.0,0.2,0.12241184439028385,BIOCHAR_CS_CA_LA_OA,3.1,1.853,104900.0,6.49,0.977,180.0,literature_core_properties_plus_screening_assumptions
16.27724451,34.82794881,630.5122733,9.9994878,11.97040945,19.27020198,12000.0,40.0,16.27724450534804,34.82794881334407,630.5122732978305,6558.118794222067,True,,9.276845958083867e-14,0,0.40181286044247805,0.27016004974984253,BIOCHAR_CS_CA_LA_OA,3.1,1.853,104900.0,6.49,0.977,180.0,literature_core_properties_plus_screening_assumptions
18.0,35.0,984.97318156,10.0,12.0,19.67153492,12000.0,40.0,18.0,35.0,984.9731815605711,6009.412292714863,True,,1.2732925824820997e-13,0,0.43729015211334327,0.376245455344263,BIOCHAR_CS_CA_LA_OA,3.1,1.853,104900.0,6.49,0.977,180.0,literature_core_properties_plus_screening_assumptions
14.51459873,30.0,628.4389991,9.73738309,11.97371495,17.99194097,11999.96281031,28.54675457,14.514598733962377,30.0,628.4389990977959,6312.405391660781,True,,6.020854925736785e-13,0,0.283869941951323,0.22214027201186826,BIOCHAR_CS_CA_LA_OA,3.1,1.853,104900.0,6.49,0.977,180.0,literature_core_properties_plus_screening_assumptions
17.9862478,34.95073654,578.3497364,10.0,12.0,15.91028805,10986.04377718,39.69678173,17.9862477957025,34.950736535322214,578.3497363962184,6667.3211862619555,True,,1.218722900375724e-13,0,0.43958402731335666,0.19330016356981672,BIOCHAR_CS_CA_LA_OA,3.1,1.853,104900.0,6.49,0.977,180.0,literature_core_properties_plus_screening_assumptions
16.0,30.38553778,972.89709554,10.0,11.97408511,19.9839222,12000.0,40.0,16.0,30.38553777614391,972.8970955423099,5962.5370481669615,True,,1.1641532182693482e-13,0,0.3201670886994291,0.3747100102771086,BIOCHAR_CS_CA_LA_OA,3.1,1.853,104900.0,6.49,0.977,180.0,literature_core_properties_plus_screening_assumptions
20.2074261,30.0,999.93535229,10.0,11.98663599,18.0,11974.14658029,39.52357793,20.207426097208213,30.0,999.9353522909612,6042.85204377836,True,,1.218722900375724e-13,0,0.4924494162896794,0.3780964395368789,BIOCHAR_CS_CA_LA_OA,3.1,1.853,104900.0,6.49,0.977,180.0,literature_core_properties_plus_screening_assumptions
16.0,33.04494675,997.26974648,10.0,12.0,19.92880653,12000.0,39.0210172,16.0,33.04494675402692,997.2697464781793,5937.870726669433,True,,1.2369127944111825e-13,0,0.3675566238269046,0.37777073931113325,BIOCHAR_CS_CA_LA_OA,3.1,1.853,104900.0,6.49,0.977,180.0,literature_core_properties_plus_screening_assumptions
17.90753192,30.0,853.95770581,10.0,11.97158452,19.88444206,11981.48037088,39.96969066,17.907531918562285,30.0,853.9577058051451,6060.799864280542,True,,1.4006218407303095e-13,0,0.3568381743992717,0.3572681171204576,BIOCHAR_CS_CA_LA_OA,3.1,1.853,104900.0,6.49,0.977,180.0,literature_core_properties_plus_screening_assumptions
14.31766918,30.94150959,852.94433929,10.0,11.9692049,19.93824816,10922.63749018,40.0,14.31766918274992,30.94150958763725,852.9443392860428,5980.885119707727,True,,9.094947017729283e-14,0,0.2529055626001976,0.35709862305421913,BIOCHAR_CS_CA_LA_OA,3.1,1.853,104900.0,6.49,0.977,180.0,literature_core_properties_plus_screening_assumptions
18.06830104,33.01165932,652.65267078,10.0,11.97222057,17.551418,12000.0,39.9410679,18.06830103757808,33.01165932437874,652.6526707756886,6592.477733270729,True,,1.1459633242338896e-13,0,0.40920531977286856,0.29482145427802553,BIOCHAR_CS_CA_LA_OA,3.1,1.853,104900.0,6.49,0.977,180.0,literature_core_properties_plus_screening_assumptions
14.44128042,30.0,994.92871462,9.93203644,11.97168342,19.53788498,10864.52009891,40.0,14.441280418428104,30.0,994.9287146168869,6061.571542292267,True,,5.347828846424818e-13,0,0.2892085569549803,0.37748325873704125,BIOCHAR_CS_CA_LA_OA,3.1,1.853,104900.0,6.49,0.977,180.0,literature_core_properties_plus_screening_assumptions
21.93001581,27.73713323,1000.0,10.0,11.99878855,19.9974829,12000.0,40.0,21.930015814084545,27.737133227341847,1000.0,6101.193743772224,True,,1.2369127944111825e-13,0,0.4814185904301079,0.37810431703688463,BIOCHAR_CS_CA_LA_OA,3.1,1.853,104900.0,6.49,0.977,180.0,literature_core_properties_plus_screening_assumptions
15.99298896,30.04819686,991.00294927,9.99585924,11.56002653,19.94677051,10886.74748113,40.0,15.992988957497385,30.04819686146075,991.0029492658289,6047.281280273755,True,,2.4010660126805307e-13,0,0.3205667269889914,0.37699812434299207,BIOCHAR_CS_CA_LA_OA,3.1,1.853,104900.0,6.49,0.977,180.0,literature_core_properties_plus_screening_assumptions
17.99702413,30.0,998.81131821,10.0,11.99896908,18.00195664,12000.0,36.95416918,17.997024133811863,30.0,998.8113182120002,5923.165877477679,True,,1.1823431123048067e-13,0,0.35772536817605377,0.37795930997734906,BIOCHAR_CS_CA_LA_OA,3.1,1.853,104900.0,6.49,0.977,180.0,literature_core_properties_plus_screening_assumptions
18.0,34.97871903,994.61640328,10.0,11.9023345,19.09276549,12000.0,39.97015769,18.0,34.978719027072394,994.6164032816055,6018.247130063949,True,,1.2005330063402653e-13,0,0.43699982500222345,0.3774448043875902,BIOCHAR_CS_CA_LA_OA,3.1,1.853,104900.0,6.49,0.977,180.0,literature_core_properties_plus_screening_assumptions
14.29359277,29.98716716,994.57840543,9.95868551,11.90030596,19.90146447,11988.47209903,39.99997897,14.293592771049594,29.98716716077675,994.5784054280272,5976.3178576832715,True,,2.801243681460619e-13,0,0.2775764273335369,0.37744012413101735,BIOCHAR_CS_CA_LA_OA,3.1,1.853,104900.0,6.49,0.977,180.0,literature_core_properties_plus_screening_assumptions
16.19322955,30.38669338,1000.0,10.0,12.0,17.99945352,11989.42421813,40.0,16.19322954910667,30.38669337846691,1000.0,5975.594576471811,True,,1.3096723705530166e-13,0,0.325473684389405,0.37810431703688585,BIOCHAR_CS_CA_LA_OA,3.1,1.853,104900.0,6.49,0.977,180.0,literature_core_properties_plus_screening_assumptions
16.11103789,30.00470201,998.19110518,9.93439786,11.56912052,19.92954321,10865.27642705,40.0,16.111037891777233,30.00470201108984,998.1911051804191,6102.329554574631,True,,7.639755494892598e-14,0,0.32309389641508274,0.37788351325945546,BIOCHAR_CS_CA_LA_OA,3.1,1.853,104900.0,6.49,0.977,180.0,literature_core_properties_plus_screening_assumptions
18.46780301,30.0,638.78189294,10.0,11.97124965,19.94805629,12000.0,38.20850177,18.46780301297971,30.0,638.7818929428238,6616.608942588652,True,,1.1641532182693482e-13,0,0.3627130060127518,0.27957049975221315,BIOCHAR_CS_CA_LA_OA,3.1,1.853,104900.0,6.49,0.977,180.0,literature_core_properties_plus_screening_assumptions
16.24822153,30.0,1000.0,9.99994208,12.0,18.40409998,10631.35322069,40.0,16.248221527394616,30.0,1000.0,6069.473807379011,True,,4.18367562815547e-13,0,0.32841757082157635,0.37810431703688485,BIOCHAR_CS_CA_LA_OA,3.1,1.853,104900.0,6.49,0.977,180.0,literature_core_properties_plus_screening_assumptions
18.0853114,30.0,1000.0,10.0,11.99999304,16.04089015,10636.85873404,39.92664469,18.085311397933474,30.0,1000.0,6111.010835769806,True,,1.3096723705530166e-13,0,0.3636413553653709,0.3781043170368854,BIOCHAR_CS_CA_LA_OA,3.1,1.853,104900.0,6.49,0.977,180.0,literature_core_properties_plus_screening_assumptions
14.31766918,30.03681241,928.64066616,10.0,11.97233402,19.98998468,11894.96415383,40.0,14.31766918274992,30.03681241346444,928.6406661564039,5929.304469851868,True,,1.127773430198431e-13,0,0.2798484557543421,0.36874171900062225,BIOCHAR_CS_CA_LA_OA,3.1,1.853,104900.0,6.49,0.977,180.0,literature_core_properties_plus_screening_assumptions
18.27429764,30.12028806,621.3068291,10.0,11.97195544,17.4737948,12000.0,39.94481263,18.27429764286525,30.12028806233677,621.3068290983829,6647.175891928868,True,,1.673470251262188e-13,0,0.3628746819706515,0.2593912564658306,BIOCHAR_CS_CA_LA_OA,3.1,1.853,104900.0,6.49,0.977,180.0,literature_core_properties_plus_screening_assumptions
18.27105072,34.57414167,639.70490849,10.0,11.97323763,18.11911043,12000.0,39.94884749,18.271050716159266,34.57414166670805,639.7049084875725,6616.167987736187,True,,1.1641532182693482e-13,0,0.4339040811743166,0.28060581620913216,BIOCHAR_CS_CA_LA_OA,3.1,1.853,104900.0,6.49,0.977,180.0,literature_core_properties_plus_screening_assumptions
14.29359277,29.99463427,999.70041212,9.93439786,11.99805751,19.90146447,11978.21262179,40.0,14.293592771049594,29.994634268264907,999.7004121177719,5986.702800609249,True,,6.912159733474254e-14,0,0.277795617360715,0.37806780285914654,BIOCHAR_CS_CA_LA_OA,3.1,1.853,104900.0,6.49,0.977,180.0,literature_core_properties_plus_screening_assumptions
16.0,30.59810896,999.97974813,10.0,11.99471206,19.95008062,12000.0,40.0,16.0,30.598108964365426,999.9797481259146,5969.201724185831,True,,1.2005330063402653e-13,0,0.3242579545765342,0.3781018494002003,BIOCHAR_CS_CA_LA_OA,3.1,1.853,104900.0,6.49,0.977,180.0,literature_core_properties_plus_screening_assumptions
16.0,30.34863079,997.66790131,10.0,12.0,18.00039874,12000.0,38.19021565,16.0,30.348630788536266,997.6679013128711,5924.129081379033,True,,1.2369127944111825e-13,0,0.31945106343184354,0.377819498855433,BIOCHAR_CS_CA_LA_OA,3.1,1.853,104900.0,6.49,0.977,180.0,literature_core_properties_plus_screening_assumptions
18.24831767,30.03972517,621.14550452,10.0,12.0,17.48852498,5289.30464064,39.99956376,18.24831767372521,30.03972516817443,621.1455045210693,6356.539575670747,True,,8.731149137020111e-14,0,0.4036346464890757,0.1399569731960194,BIOCHAR_CS_CA_LA_OA,3.1,1.853,104900.0,6.49,0.977,180.0,literature_core_properties_plus_screening_assumptions
17.93534969,30.0,993.05877657,10.0,11.77363985,18.054564,12000.0,40.0,17.935349692732952,30.0,993.0587765744922,6011.04640854643,True,,1.2369127944111825e-13,0,0.3570719621090142,0.37725265554411813,BIOCHAR_CS_CA_LA_OA,3.1,1.853,104900.0,6.49,0.977,180.0,literature_core_properties_plus_screening_assumptions
17.94009593,30.02198735,991.00294927,9.99524312,11.56002653,19.94677051,10841.21250962,40.0,17.94009593423231,30.02198734603529,991.0029492658289,6085.715756714394,True,,6.348273018375039e-13,0,0.3616916827162346,0.37699812434299207,BIOCHAR_CS_CA_LA_OA,3.1,1.853,104900.0,6.49,0.977,180.0,literature_core_properties_plus_screening_assumptions
14.23798813,30.40037566,988.3804672,9.69296091,11.83235874,17.99164396,11999.96281031,40.0,14.237988132638781,30.40037566281535,988.3804671971934,6184.581837615231,False,POST_SIM_CONSTRAINT,0.2977644771036938,2.0,0.24218100442488166,0.37667189962817194,BIOCHAR_CS_CA_LA_OA,3.1,1.853,104900.0,6.49,0.977,180.0,literature_core_properties_plus_screening_assumptions
16.0,30.38220489,1000.0,9.99979154,11.99693466,19.92959162,10851.91420242,39.98262733,16.0,30.38220489364835,1000.0,6046.680283447113,True,,9.822542779147625e-14,0,0.3274655392331225,0.37810431703688485,BIOCHAR_CS_CA_LA_OA,3.1,1.853,104900.0,6.49,0.977,180.0,literature_core_properties_plus_screening_assumptions
16.0,28.12611596,1000.0,10.0,12.0,16.34228592,12000.0,39.94851721,16.0,28.126115960865736,1000.0,5966.041100968353,True,,1.2369127944111825e-13,0,0.2983285291064853,0.37810431703688463,BIOCHAR_CS_CA_LA_OA,3.1,1.853,104900.0,6.49,0.977,180.0,literature_core_properties_plus_screening_assumptions
18.0,29.20758335,1000.0,10.0,12.0,19.79075611,12000.0,40.0,18.0,29.207583348824183,1000.0,6009.555902639115,True,,1.2732925824820997e-13,0,0.34265245080502477,0.37810431703688463,BIOCHAR_CS_CA_LA_OA,3.1,1.853,104900.0,6.49,0.977,180.0,literature_core_properties_plus_screening_assumptions
18.0,31.57653942,630.5122733,10.0,11.68944061,19.26851867,12000.0,40.0,18.0,31.57653942286172,630.5122732978305,6621.291432857781,True,,1.0732037480920553e-13,0,0.3855532032559007,0.27016004974984253,BIOCHAR_CS_CA_LA_OA,3.1,1.853,104900.0,6.49,0.977,180.0,literature_core_properties_plus_screening_assumptions
18.30195997,30.37467392,1000.0,10.0,12.0,17.43762549,11908.57076299,38.62042578,18.30195996990227,30.374673915393675,1000.0,5990.681781457773,True,,1.1095835361629724e-13,0,0.4741126028462288,0.3781043170368862,BIOCHAR_CS_CA_LA_OA,3.1,1.853,104900.0,6.49,0.977,180.0,literature_core_properties_plus_screening_assumptions
18.0,30.0,841.91841909,10.0,11.99970302,19.58334067,10789.24641632,39.99973664,18.0,30.0,841.9184190941996,6075.182346637291,True,,1.2005330063402653e-13,0,0.3621262277561244,0.3552280868881502,BIOCHAR_CS_CA_LA_OA,3.1,1.853,104900.0,6.49,0.977,180.0,literature_core_properties_plus_screening_assumptions
19.24998431,32.986063,564.89487159,9.99705724,12.0,17.4709914,4945.69821739,28.64895565,19.249984308956925,32.98606300242391,564.8948715929082,6211.969790525022,True,,1.4733814168721438e-13,0,0.462824278507024,0.11768798245717893,BIOCHAR_CS_CA_LA_OA,3.1,1.853,104900.0,6.49,0.977,180.0,literature_core_properties_plus_screening_assumptions
17.98880551,29.98372021,1000.0,9.99001044,11.20255045,19.94027347,12000.0,40.0,17.98880551132476,29.983720211094,1000.0,6018.457621530443,True,,5.147740012034773e-13,0,0.3573359516447629,0.37810431703688463,BIOCHAR_CS_CA_LA_OA,3.1,1.853,104900.0,6.49,0.977,180.0,literature_core_properties_plus_screening_assumptions
18.28300584,32.986063,620.97611865,10.0,12.0,17.4709914,5289.30464064,39.93085893,18.28300583599173,32.98606300242391,620.9761186461238,6350.358282135936,True,,8.549250196665525e-14,0,0.44959878911791173,0.1398786227959996,BIOCHAR_CS_CA_LA_OA,3.1,1.853,104900.0,6.49,0.977,180.0,literature_core_properties_plus_screening_assumptions
17.81167651,30.0,567.00998066,9.96553501,11.97242577,19.14807714,12000.0,39.86229936,17.811676509390317,30.0,567.0099806580031,6718.428014592157,True,,8.476490620523692e-13,0,0.35576171418600805,0.18879169104028248,BIOCHAR_CS_CA_LA_OA,3.1,1.853,104900.0,6.49,0.977,180.0,literature_core_properties_plus_screening_assumptions
17.94917559,30.0,905.50955182,9.99980929,11.99935529,17.93807113,11990.39317307,40.0,17.94917558965548,30.0,905.5095518221119,6015.171435798601,True,,9.822542779147625e-14,0,0.3572500233474815,0.36539028856787736,BIOCHAR_CS_CA_LA_OA,3.1,1.853,104900.0,6.49,0.977,180.0,literature_core_properties_plus_screening_assumptions
17.86072423,30.01278877,998.34253208,10.0,11.66927783,17.4737948,11932.27951337,40.0,17.86072422523407,30.012788765669097,998.342532075958,6018.06982003409,True,,1.418811734765768e-13,0,0.3567427170275122,0.37790202794448835,BIOCHAR_CS_CA_LA_OA,3.1,1.853,104900.0,6.49,0.977,180.0,literature_core_properties_plus_screening_assumptions
14.79288763,29.08185429,998.8890043,10.0,11.78258462,18.054564,10304.3596594,40.0,14.792887626221269,29.081854291821415,998.8890043004299,6052.676202305656,True,,5.820766091346741e-14,0,0.2838088702475181,0.37796879742424583,BIOCHAR_CS_CA_LA_OA,3.1,1.853,104900.0,6.49,0.977,180.0,literature_core_properties_plus_screening_assumptions
17.98805474,34.81365301,587.61702498,10.0,12.0,17.4709914,5289.30464064,39.99956376,17.988054739444998,34.81365301443284,587.6170249767555,6395.022818447491,True,,9.276845958083867e-14,0,0.4713109146559445,0.10277316430529337,BIOCHAR_CS_CA_LA_OA,3.1,1.853,104900.0,6.49,0.977,180.0,literature_core_properties_plus_screening_assumptions
10.70908438,29.43017096,958.29982962,10.0,12.0,18.07134146,11986.30381244,40.0,10.709084383812844,29.430170958184377,958.2998296191965,5854.612824082784,False,POST_SIM_CONSTRAINT,227.1382408284755,96.0,0.2,0.08427110548428351,BIOCHAR_CS_CA_LA_OA,3.1,1.853,104900.0,6.49,0.977,180.0,literature_core_properties_plus_screening_assumptions
18.0,29.96868039,642.8423233,10.0,11.99986949,19.50720574,5016.9219482,40.0,18.0,29.96868039418326,642.8423232988788,6306.8982804679,True,,1.127773430198431e-13,0,0.403167798345291,0.15574164155129444,BIOCHAR_CS_CA_LA_OA,3.1,1.853,104900.0,6.49,0.977,180.0,literature_core_properties_plus_screening_assumptions
18.28447962,29.98719242,970.96574939,10.0,12.0,19.30721243,5408.8599611,39.99480466,18.28447961882941,29.987192424995527,970.9657493850826,6409.989113598006,True,,1.1641532182693482e-13,0,0.4017145030099928,0.3744609032103706,BIOCHAR_CS_CA_LA_OA,3.1,1.853,104900.0,6.49,0.977,180.0,literature_core_properties_plus_screening_assumptions
18.01011644,27.11857904,872.96159936,9.99971858,11.99930293,18.04542881,11935.75765464,39.9872078,18.010116435526548,27.118579044292026,872.9615993632539,6035.146362338528,True,,5.638867150992155e-13,0,0.3255400029669248,0.36037382752952896,BIOCHAR_CS_CA_LA_OA,3.1,1.853,104900.0,6.49,0.977,180.0,literature_core_properties_plus_screening_assumptions
17.26808136,29.99992028,621.3068291,10.0,11.99975926,19.96128502,12000.0,40.0,17.268081360739785,29.999920284646453,621.3068290983829,6604.7743922573545,True,,1.1459633242338896e-13,0,0.3473038056179155,0.2593912564658306,BIOCHAR_CS_CA_LA_OA,3.1,1.853,104900.0,6.49,0.977,180.0,literature_core_properties_plus_screening_assumptions
13.0657196,30.36258865,991.16955696,9.93726972,11.67056912,19.97265063,11948.11879272,40.0,13.065719595949641,30.36258865447201,991.1695569586316,5955.169393713774,False,POST_SIM_CONSTRAINT,17.75862387523572,16.0,0.2,0.37701879127916926,BIOCHAR_CS_CA_LA_OA,3.1,1.853,104900.0,6.49,0.977,180.0,literature_core_properties_plus_screening_assumptions
20.18077898,31.92614666,995.02163857,10.0,11.97203205,19.58135558,10239.29584515,40.0,20.18077897796208,31.926146662703122,995.0216385666232,6201.366675889599,True,,1.4915713109076024e-13,0,0.5257250628338965,0.3774946956429669,BIOCHAR_CS_CA_LA_OA,3.1,1.853,104900.0,6.49,0.977,180.0,literature_core_properties_plus_screening_assumptions
18.0,29.77755461,996.32899269,10.0,11.97225128,19.58334067,12000.0,39.99891026,18.0,29.7775546127366,996.3289926882466,6015.027503936811,True,,1.2005330063402653e-13,0,0.35359796994475784,0.37765537629330215,BIOCHAR_CS_CA_LA_OA,3.1,1.853,104900.0,6.49,0.977,180.0,literature_core_properties_plus_screening_assumptions
18.0,29.35572079,999.83055822,9.90361966,11.50316541,19.58334067,10844.33314411,39.96642198,18.0,29.355720791734683,999.8305582249986,6167.140706906315,True,,1.418811734765768e-13,0,0.34978125827792084,0.37808366793043724,BIOCHAR_CS_CA_LA_OA,3.1,1.853,104900.0,6.49,0.977,180.0,literature_core_properties_plus_screening_assumptions
14.06281663,32.5703755,876.09050991,9.9992785,12.0,18.373105,11999.26927604,34.17618826,14.06281662761537,32.570375500600164,876.0905099105494,5834.744187370667,True,,8.913048077374697e-14,0,0.25903184811348995,0.3608722576283585,BIOCHAR_CS_CA_LA_OA,3.1,1.853,104900.0,6.49,0.977,180.0,literature_core_properties_plus_screening_assumptions
14.1666832,30.06524182,918.9791622,10.0,11.98196485,18.0,9794.02218469,40.0,14.166683202570931,30.06524182096772,918.9791622039997,6081.674874219598,False,POST_SIM_CONSTRAINT,0.29776447710352766,2.0,0.24162091961343024,0.3673623873763181,BIOCHAR_CS_CA_LA_OA,3.1,1.853,104900.0,6.49,0.977,180.0,literature_core_properties_plus_screening_assumptions
22.8093559,30.08068595,874.00137517,10.0,11.99906078,19.19532515,12000.0,39.96102141,22.809355898668592,30.080685950301675,874.0013751670596,6157.330420107087,True,,1.127773430198431e-13,0,0.526232165486798,0.3605398577657285,BIOCHAR_CS_CA_LA_OA,3.1,1.853,104900.0,6.49,0.977,180.0,literature_core_properties_plus_screening_assumptions
18.01782849,33.29667062,1000.0,9.98933533,11.20595264,17.89580851,12000.0,39.89895394,18.017828489278184,33.29667062339847,1000.0,6017.2373702114755,True,,4.0381564758718014e-13,0,0.4130486441414316,0.37810431703688463,BIOCHAR_CS_CA_LA_OA,3.1,1.853,104900.0,6.49,0.977,180.0,literature_core_properties_plus_screening_assumptions
14.31766918,27.44543783,988.31988096,10.0,12.0,17.97713592,10784.1860367,39.9741301,14.31766918274992,27.44543783272988,988.3198809647985,6008.373600870084,True,,1.218722900375724e-13,0,0.26741348480289706,0.3766643425276647,BIOCHAR_CS_CA_LA_OA,3.1,1.853,104900.0,6.49,0.977,180.0,literature_core_properties_plus_screening_assumptions
18.26146027,34.48642531,881.32547463,9.99926695,12.0,17.46308779,11908.57076299,38.64491915,18.261460265975657,34.48642530702589,881.3254746324042,6010.923655821184,True,,4.5292836148291826e-13,0,0.5261707261490316,0.3616982682996631,BIOCHAR_CS_CA_LA_OA,3.1,1.853,104900.0,6.49,0.977,180.0,literature_core_properties_plus_screening_assumptions
18.26989913,29.99995806,999.78645081,10.0,11.99988843,19.58965616,12000.0,38.20623091,18.269899128137666,29.999958063865176,999.7864508068612,5977.647624969821,True,,1.3278622645884751e-13,0,0.4677943640946952,0.3780782916102885,BIOCHAR_CS_CA_LA_OA,3.1,1.853,104900.0,6.49,0.977,180.0,literature_core_properties_plus_screening_assumptions
16.0,30.0,854.78477197,10.0,12.0,19.97380884,12000.0,37.54949903,16.0,30.0,854.7847719705987,5976.822988466757,True,,1.1641532182693482e-13,0,0.3125991517458217,0.35740615318657054,BIOCHAR_CS_CA_LA_OA,3.1,1.853,104900.0,6.49,0.977,180.0,literature_core_properties_plus_screening_assumptions
14.28649568,30.40694247,992.36030267,9.99999198,12.0,18.0,11228.87986953,38.21155002,14.28649567924376,30.406942470340326,992.3603026729579,5966.043946580837,True,,1.8189894035458566e-13,0,0.2505181479024167,0.3771662959895521,BIOCHAR_CS_CA_LA_OA,3.1,1.853,104900.0,6.49,0.977,180.0,literature_core_properties_plus_screening_assumptions
22.63714145,34.81365301,876.95043083,10.0,11.58393268,17.4709914,5506.93177349,39.99956376,22.63714144838297,34.81365301443284,876.9504308327506,6461.0926806979205,True,,1.6189005691558122e-13,0,0.5700887644182242,0.3610086187819742,BIOCHAR_CS_CA_LA_OA,3.1,1.853,104900.0,6.49,0.977,180.0,literature_core_properties_plus_screening_assumptions
14.25629108,30.0,988.3804672,9.70785929,12.0,17.98961541,11999.96281031,40.0,14.256291083342607,30.0,988.3804671971934,6162.084848545461,True,,8.549250196665525e-14,0,0.2767515917294016,0.37667189962817194,BIOCHAR_CS_CA_LA_OA,3.1,1.853,104900.0,6.49,0.977,180.0,literature_core_properties_plus_screening_assumptions
15.51403545,30.0,999.88279597,9.93485807,11.99130144,18.054564,11998.14272498,40.0,15.514035446246295,30.0,999.8827959711592,5991.549680606308,True,,5.07498043589294e-13,0,0.2993101543163542,0.3780900346553281,BIOCHAR_CS_CA_LA_OA,3.1,1.853,104900.0,6.49,0.977,180.0,literature_core_properties_plus_screening_assumptions
16.0,30.0,974.86199191,10.0,11.97476198,19.97380884,12000.0,37.54949903,16.0,30.0,974.8619919127042,5906.531777801849,True,,1.1823431123048067e-13,0,0.3125997324054119,0.37496243221479886,BIOCHAR_CS_CA_LA_OA,3.1,1.853,104900.0,6.49,0.977,180.0,literature_core_properties_plus_screening_assumptions
16.62309791,30.0,587.61735451,9.99980929,11.99935529,17.95379757,11960.52442306,40.0,16.62309790687632,30.0,587.6173545103304,6632.212828740867,True,,8.003553375601768e-14,0,0.3298920056285194,0.21671315799169943,BIOCHAR_CS_CA_LA_OA,3.1,1.853,104900.0,6.49,0.977,180.0,literature_core_properties_plus_screening_assumptions
16.26605002,29.9522569,1000.0,9.98970349,11.20595264,18.72881833,12000.0,39.89895394,16.2660500166728,29.95225690374127,1000.0,5987.466296670978,True,,7.457856554538012e-14,0,0.31894216100047484,0.37810431703688463,BIOCHAR_CS_CA_LA_OA,3.1,1.853,104900.0,6.49,0.977,180.0,literature_core_properties_plus_screening_assumptions
18.27429764,30.00000775,621.3068291,10.0,11.99975926,19.95964261,11995.83197963,40.0,18.27429764286525,30.000007750640272,621.3068290983829,6647.679988962498,True,,1.2369127944111825e-13,0,0.36067676570180324,0.25935112811586847,BIOCHAR_CS_CA_LA_OA,3.1,1.853,104900.0,6.49,0.977,180.0,literature_core_properties_plus_screening_assumptions
14.06281663,29.97832844,905.27601592,9.99980468,12.0,17.95460961,11990.41495267,39.98524575,14.06281662761537,29.978328442787486,905.2760159162398,5921.607766078547,True,,5.566107574850321e-13,0,0.24413792571003787,0.3653555790193157,BIOCHAR_CS_CA_LA_OA,3.1,1.853,104900.0,6.49,0.977,180.0,literature_core_properties_plus_screening_assumptions
18.28300584,32.986063,630.59158218,10.0,12.0,17.48892856,5510.4636736,39.93085893,18.28300583599173,32.98606300242391,630.5915821788831,6358.621371800665,True,,7.457856554538012e-14,0,0.44725861103577036,0.15555178435308836,BIOCHAR_CS_CA_LA_OA,3.1,1.853,104900.0,6.49,0.977,180.0,literature_core_properties_plus_screening_assumptions
18.28300584,32.986063,888.94299806,10.0,12.0,17.4709914,5258.44621492,39.93085893,18.28300583599173,32.98606300242391,888.9429980553724,6318.99042136659,True,,1.2732925824820997e-13,0,0.44993654703756675,0.36288284653474356,BIOCHAR_CS_CA_LA_OA,3.1,1.853,104900.0,6.49,0.977,180.0,literature_core_properties_plus_screening_assumptions
18.27823937,30.0,638.84782115,10.0,11.97124965,19.94805629,12000.0,38.072433,18.278239368395237,30.0,638.847821151205,6602.045962278347,True,,1.1641532182693482e-13,0,0.36070468565678493,0.2796445480885069,BIOCHAR_CS_CA_LA_OA,3.1,1.853,104900.0,6.49,0.977,180.0,literature_core_properties_plus_screening_assumptions
18.06998416,30.0,638.78189294,9.99999906,11.97091275,19.17661967,12000.0,40.0,18.06998416001122,30.0,638.7818929428238,6617.735420542464,True,,3.7289282772690056e-13,0,0.3584983386794917,0.27957049975221315,BIOCHAR_CS_CA_LA_OA,3.1,1.853,104900.0,6.49,0.977,180.0,literature_core_properties_plus_screening_assumptions
16.26687529,34.83041044,999.5231535,9.98970349,11.20595264,19.94282882,12000.0,40.0,16.266875289776802,34.83041044233381,999.5231534980379,5991.1017937126535,True,,7.457856554538012e-14,0,0.4016037046341027,0.3780461880353111,BIOCHAR_CS_CA_LA_OA,3.1,1.853,104900.0,6.49,0.977,180.0,literature_core_properties_plus_screening_assumptions
18.24831767,30.04040605,631.9441988,10.0,12.0,15.91060702,11847.14312796,39.99956376,18.24831767372521,30.040406047030775,631.9441988005428,6631.544007442765,False,POST_SIM_CONSTRAINT,1.382431946694851e-13,0,0.3616402474706407,0.2703440240125967,BIOCHAR_CS_CA_LA_OA,3.1,1.853,104900.0,6.49,0.977,180.0,literature_core_properties_plus_screening_assumptions
14.29359277,26.83675144,994.41203516,9.99947897,11.56640731,19.86917588,11992.80309917,40.0,14.293592771049594,26.83675143609473,994.4120351627776,5947.5291288856615,True,,3.383320290595293e-13,0,0.2565494222516194,0.37741962782888894,BIOCHAR_CS_CA_LA_OA,3.1,1.853,104900.0,6.49,0.977,180.0,literature_core_properties_plus_screening_assumptions
14.14257396,30.03681241,893.81654654,10.0,12.0,16.23740155,10784.1860367,38.74227766,14.142573961386768,30.03681241346444,893.8165465360737,5973.769514924778,False,POST_SIM_CONSTRAINT,0.2977644771035218,2.0,0.24043270455088991,0.3636301311596123,BIOCHAR_CS_CA_LA_OA,3.1,1.853,104900.0,6.49,0.977,180.0,literature_core_properties_plus_screening_assumptions
19.4330803,32.96300451,999.92947916,9.90361966,11.52113981,17.4945968,5394.47551002,39.97029889,19.43308030179332,32.963004505583314,999.9294791645086,6506.433658046504,True,,9.094947017729283e-14,0,0.459230282649613,0.37809572382992074,BIOCHAR_CS_CA_LA_OA,3.1,1.853,104900.0,6.49,0.977,180.0,literature_core_properties_plus_screening_assumptions
15.8556273,31.86937381,640.19137795,10.0,11.97119965,19.90806476,5156.32025328,40.0,15.855627295873479,31.869373810871767,640.1913779521833,6288.359904514675,True,,1.1641532182693482e-13,0,0.41062258521192857,0.11531190638710909,BIOCHAR_CS_CA_LA_OA,3.1,1.853,104900.0,6.49,0.977,180.0,literature_core_properties_plus_screening_assumptions
14.79288763,29.95807731,982.29634925,10.0,11.56911973,18.02230031,10300.27428924,40.0,14.792887626221269,29.958077312813096,982.2963492518682,6051.364428884087,True,,1.1095835361629724e-13,0,0.3021255474676702,0.3759083579391097,BIOCHAR_CS_CA_LA_OA,3.1,1.853,104900.0,6.49,0.977,180.0,literature_core_properties_plus_screening_assumptions
19.22781551,33.00190556,1000.0,10.0,12.0,17.4709914,5455.6705487,39.92903044,19.22781550700033,33.00190556041761,1000.0,6456.862368099026,True,,1.382431946694851e-13,0,0.457150380882972,0.37810431703688485,BIOCHAR_CS_CA_LA_OA,3.1,1.853,104900.0,6.49,0.977,180.0,literature_core_properties_plus_screening_assumptions
14.66784069,34.8440706,999.89053443,9.98970349,11.20488934,19.94285367,10925.2240182,40.0,14.667840685953939,34.84407059610509,999.8905344333151,6008.058328611167,True,,6.366462912410498e-14,0,0.37008540017848646,0.37809097776082756,BIOCHAR_CS_CA_LA_OA,3.1,1.853,104900.0,6.49,0.977,180.0,literature_core_properties_plus_screening_assumptions
17.99994775,32.92838683,613.83255177,10.0,11.97009596,17.4709914,5289.30464064,39.99956376,17.999947753823797,32.92838682744117,613.8325517676193,6354.182673574262,True,,8.731149137020111e-14,0,0.4460521915289238,0.13202493997088893,BIOCHAR_CS_CA_LA_OA,3.1,1.853,104900.0,6.49,0.977,180.0,literature_core_properties_plus_screening_assumptions
14.39045225,34.69451168,587.61702498,9.87503363,11.99996984,19.87819528,5289.30464064,39.99955975,14.390452245394552,34.69451168070084,587.6170249767555,6360.623998810511,False,POST_SIM_CONSTRAINT,2.0736479200422765e-13,0,0.4004142407904669,0.10277317509445894,BIOCHAR_CS_CA_LA_OA,3.1,1.853,104900.0,6.49,0.977,180.0,literature_core_properties_plus_screening_assumptions
16.11103789,33.61315237,988.8721613,9.93439786,11.56912052,19.91521996,10865.27642705,40.0,16.111037891777233,33.613152367233376,988.8721613042325,6098.757884897452,True,,7.457856554538012e-14,0,0.3859937040980901,0.37673319585452336,BIOCHAR_CS_CA_LA_OA,3.1,1.853,104900.0,6.49,0.977,180.0,literature_core_properties_plus_screening_assumptions
17.97931309,29.99246024,587.4251787,9.99927214,11.99935223,17.97409368,11990.52793898,39.98571622,17.979313092958446,29.99246024011622,587.4251786997743,6686.745574799952,True,,7.457856554538011e-13,0,0.3574288664029134,0.2167644984394569,BIOCHAR_CS_CA_LA_OA,3.1,1.853,104900.0,6.49,0.977,180.0,literature_core_properties_plus_screening_assumptions
18.28300584,30.31711197,619.01709449,10.0,12.0,19.95850775,4749.35852029,39.93085893,18.28300583599173,30.31711196929411,619.0170944880872,10000.0,False,EVAPORATOR_AIRFLOW_RATIO_OUT_OF_RANGE,,,,,BIOCHAR_CS_CA_LA_OA,,,,,,,literature_core_properties_plus_screening_assumptions
14.29359277,30.04759579,975.51741758,9.99867063,11.58239352,19.72674222,10865.27642705,40.0,14.293592771049594,30.047595785923207,975.5174175786508,6012.83822333586,True,,9.458744898438454e-13,0,0.2692880728340008,0.37504640591084293,BIOCHAR_CS_CA_LA_OA,3.1,1.853,104900.0,6.49,0.977,180.0,literature_core_properties_plus_screening_assumptions
16.01830295,29.98591602,994.48299481,9.99464473,11.52239607,19.61576006,12000.0,40.0,16.018302950703827,29.985916022379886,994.4829948095513,5977.57590092446,True,,3.637978807091713e-13,0,0.31282074012604727,0.37742837067626334,BIOCHAR_CS_CA_LA_OA,3.1,1.853,104900.0,6.49,0.977,180.0,literature_core_properties_plus_screening_assumptions
18.28300584,32.986063,965.64761145,9.98987259,11.18234173,17.4709914,5289.30464064,38.6224193,18.28300583599173,32.98606300242391,965.6476114537004,6388.119417183544,True,,5.165929906070232e-13,0,0.44959952938282444,0.37376981678307486,BIOCHAR_CS_CA_LA_OA,3.1,1.853,104900.0,6.49,0.977,180.0,literature_core_properties_plus_screening_assumptions
16.0,29.95544643,1000.0,10.0,11.77363985,19.3400425,12000.0,40.0,16.0,29.955446426549134,1000.0,5969.1947943953855,True,,1.1823431123048067e-13,0,0.3117126433236674,0.37810431703688463,BIOCHAR_CS_CA_LA_OA,3.1,1.853,104900.0,6.49,0.977,180.0,literature_core_properties_plus_screening_assumptions
13.91355681,29.99356138,547.37522752,9.9341577,11.97371574,17.99194097,11999.96510506,39.49647067,13.913556806873059,29.99356137910733,547.3752275200189,6508.385487026577,True,,6.402842700481414e-13,0,0.26719042486246225,0.07987780192121441,BIOCHAR_CS_CA_LA_OA,3.1,1.853,104900.0,6.49,0.977,180.0,literature_core_properties_plus_screening_assumptions
16.19102123,34.54567251,876.09050991,9.9992785,11.18816249,17.9696232,11965.57217864,38.2123727,16.19102122970461,34.54567251407275,876.0905099105494,5963.382225469463,True,,8.731149137020111e-14,0,0.3957990777536419,0.36087225762835895,BIOCHAR_CS_CA_LA_OA,3.1,1.853,104900.0,6.49,0.977,180.0,literature_core_properties_plus_screening_assumptions
22.5540033,30.39265222,873.10308607,10.0,11.99906078,19.19532515,12000.0,39.96102141,22.554003298467034,30.392652216748054,873.1030860747686,6151.846913183601,True,,1.127773430198431e-13,0,0.5270347947243863,0.36039644320225994,BIOCHAR_CS_CA_LA_OA,3.1,1.853,104900.0,6.49,0.977,180.0,literature_core_properties_plus_screening_assumptions
14.35485329,30.0,988.3804672,9.70883577,12.0,17.93944479,11999.89558162,39.96798746,14.354853288109464,30.0,988.3804671971934,6156.471779271913,True,,6.366462912410497e-13,0,0.2794619443568995,0.3766718996281717,BIOCHAR_CS_CA_LA_OA,3.1,1.853,104900.0,6.49,0.977,180.0,literature_core_properties_plus_screening_assumptions
16.13463447,30.0,646.19419922,9.99981145,11.97212361,19.23752312,11990.29975847,40.0,16.13463446727826,30.0,646.1941992155744,6528.343100277068,True,,4.4565240386873483e-13,0,0.3163437723919214,0.2877116364104928,BIOCHAR_CS_CA_LA_OA,3.1,1.853,104900.0,6.49,0.977,180.0,literature_core_properties_plus_screening_assumptions
18.0,30.0,994.98597195,10.0,11.99962408,18.44124162,11513.88784646,36.95416918,18.0,30.0,994.985971949137,5956.72697270589,True,,1.2732925824820997e-13,0,0.3594137158722113,0.37749030611490664,BIOCHAR_CS_CA_LA_OA,3.1,1.853,104900.0,6.49,0.977,180.0,literature_core_properties_plus_screening_assumptions
15.51807816,30.58119754,585.84246407,10.0,11.99978263,18.13954872,12000.0,37.59031735,15.51807816138353,30.581197544349546,585.8424640665205,6511.720489169117,True,,1.0550138540565968e-13,0,0.31099585295753684,0.21475450907100424,BIOCHAR_CS_CA_LA_OA,3.1,1.853,104900.0,6.49,0.977,180.0,literature_core_properties_plus_screening_assumptions
17.17111295,30.0,638.78189294,10.0,11.71555527,19.96883531,12000.0,40.0,17.171112953035912,30.0,638.7818929428238,6590.009514172197,True,,1.1459633242338896e-13,0,0.34465147912846156,0.27957049975221315,BIOCHAR_CS_CA_LA_OA,3.1,1.853,104900.0,6.49,0.977,180.0,literature_core_properties_plus_screening_assumptions
18.16026694,30.08068595,584.66763708,10.0,11.99906078,19.19532515,10206.79447684,39.96102141,18.160266936187284,30.080685950301675,584.6676370755913,6625.399325624615,True,,1.3460521586239337e-13,0,0.3677158350957341,0.1920694449520849,BIOCHAR_CS_CA_LA_OA,3.1,1.853,104900.0,6.49,0.977,180.0,literature_core_properties_plus_screening_assumptions
16.26605002,33.29667062,1000.0,9.99617498,11.20595264,18.42815208,12000.0,39.89895394,16.2660500166728,33.29667062339847,1000.0,5984.6395101240605,True,,4.347384674474597e-13,0,0.3782106167679263,0.37810431703688463,BIOCHAR_CS_CA_LA_OA,3.1,1.853,104900.0,6.49,0.977,180.0,literature_core_properties_plus_screening_assumptions
14.25629108,27.66118077,564.93670646,9.70785929,11.97371574,17.99180911,11999.96281031,28.69965031,14.256291083342607,27.66118076522087,564.9367064579685,6385.152082269601,False,POST_SIM_CONSTRAINT,0.2977644771034665,2.0,0.24395505266212159,0.1586157529657476,BIOCHAR_CS_CA_LA_OA,3.1,1.853,104900.0,6.49,0.977,180.0,literature_core_properties_plus_screening_assumptions
14.29359277,31.53491938,999.99965109,9.47980749,11.77719848,19.01990963,10778.35752489,40.0,14.293592771049594,31.534919384510257,999.9996510852668,6531.13719681672,True,,2.8740032576024533e-13,0,0.26797613382405394,0.37810427452340334,BIOCHAR_CS_CA_LA_OA,3.1,1.853,104900.0,6.49,0.977,180.0,literature_core_properties_plus_screening_assumptions
18.2740883,30.01278877,853.5661849,10.0,11.99797296,17.4737948,11932.27951337,40.0,18.274088303269785,30.012788765669097,853.5661848971342,6075.754866558431,True,,1.127773430198431e-13,0,0.4683421491706428,0.35720267964277574,BIOCHAR_CS_CA_LA_OA,3.1,1.853,104900.0,6.49,0.977,180.0,literature_core_properties_plus_screening_assumptions
18.0,30.0,977.9250343,10.0,12.0,18.42284571,10640.18733667,40.0,18.0,30.0,977.9250342995078,6107.675119685279,True,,1.0368239600211382e-13,0,0.362724014378962,0.3753539060608656,BIOCHAR_CS_CA_LA_OA,3.1,1.853,104900.0,6.49,0.977,180.0,literature_core_properties_plus_screening_assumptions
16.01830295,33.3307303,1000.0,9.99898361,12.0,18.37039812,12000.0,40.0,16.018302950703827,33.33073030336107,1000.0,5971.379941864015,True,,7.821654435247182e-14,0,0.3726500269958069,0.37810431703688463,BIOCHAR_CS_CA_LA_OA,3.1,1.853,104900.0,6.49,0.977,180.0,literature_core_properties_plus_screening_assumptions
16.13463447,30.00326055,646.19419922,10.0,11.97222057,19.17661967,11999.91732589,38.64951787,16.13463446727826,30.003260550638096,646.1941992155744,6511.238381053033,True,,1.3642420526593923e-13,0,0.3163501796919303,0.2878007150504055,BIOCHAR_CS_CA_LA_OA,3.1,1.853,104900.0,6.49,0.977,180.0,literature_core_properties_plus_screening_assumptions
17.94917559,32.59204706,876.32404582,9.99928311,11.99935529,17.31886898,11999.23519864,33.81780699,17.94917558965548,32.592047055037256,876.3240458164215,5898.361616487161,True,,1.0186340659856797e-12,0,0.40154056168981705,0.36090931682349314,BIOCHAR_CS_CA_LA_OA,3.1,1.853,104900.0,6.49,0.977,180.0,literature_core_properties_plus_screening_assumptions
18.06998416,29.25233347,620.89680977,10.0,11.97242498,19.13013964,11645.98444336,40.0,18.06998416001122,29.252333472374115,620.8968097650713,6623.744084360072,True,,1.4915713109076024e-13,0,0.3455126240145991,0.25540318471971746,BIOCHAR_CS_CA_LA_OA,3.1,1.853,104900.0,6.49,0.977,180.0,literature_core_properties_plus_screening_assumptions
14.25604618,34.62710547,600.97921292,9.9992785,12.0,18.0,11878.3261092,38.2123727,14.256046176722037,34.62710546979744,600.9792129180208,6464.974193934899,True,,1.1459633242338896e-13,0,0.3193807099660397,0.15591625800913933,BIOCHAR_CS_CA_LA_OA,3.1,1.853,104900.0,6.49,0.977,180.0,literature_core_properties_plus_screening_assumptions
17.63515357,30.0,621.24090089,9.39509475,11.97323763,17.4737948,12000.0,39.99701326,17.635153572542063,30.0,621.2409008900016,6710.660723589177,True,,3.510649548843503e-13,0,0.353891552804882,0.2593129854968289,BIOCHAR_CS_CA_LA_OA,3.1,1.853,104900.0,6.49,0.977,180.0,literature_core_properties_plus_screening_assumptions
16.27724451,34.82794881,630.5122733,9.99945059,11.97040945,19.27020198,12000.0,40.0,16.27724450534804,34.82794881334407,630.5122732978305,6558.118794222067,True,,1.6552803572267293e-13,0,0.4018128604424781,0.27016004974984253,BIOCHAR_CS_CA_LA_OA,3.1,1.853,104900.0,6.49,0.977,180.0,literature_core_properties_plus_screening_assumptions
15.99917473,30.37215549,972.78108785,10.0,11.97408511,19.99256657,12000.0,40.0,15.999174726895998,30.372155486041738,972.781087851347,5962.600422039792,True,,1.1641532182693482e-13,0,0.3198853265872507,0.3746950753932179,BIOCHAR_CS_CA_LA_OA,3.1,1.853,104900.0,6.49,0.977,180.0,literature_core_properties_plus_screening_assumptions
18.0,31.58485848,619.71357902,10.0,11.68944061,19.26851867,5319.66082688,40.0,18.0,31.584858483461872,619.713579018357,6350.632757116199,True,,1.127773430198431e-13,0,0.425783194831647,0.13918323398893018,BIOCHAR_CS_CA_LA_OA,3.1,1.853,104900.0,6.49,0.977,180.0,literature_core_properties_plus_screening_assumptions
18.19859151,30.32942339,991.16092714,9.93272897,11.96439286,19.56001926,10837.98576942,39.98956648,18.198591506507405,30.329423394024644,991.1609271406629,6159.812980665621,True,,1.873559085652232e-13,0,0.47726004839070163,0.37701772095955044,BIOCHAR_CS_CA_LA_OA,3.1,1.853,104900.0,6.49,0.977,180.0,literature_core_properties_plus_screening_assumptions
18.46700499,30.37363086,1000.0,10.0,12.0,19.91335669,11908.57076299,39.87723844,18.46700498983962,30.373630856691552,1000.0,6029.915099749454,True,,1.1095835361629724e-13,0,0.47616671197019744,0.3781043170368862,BIOCHAR_CS_CA_LA_OA,3.1,1.853,104900.0,6.49,0.977,180.0,literature_core_properties_plus_screening_assumptions
18.28838027,30.03584726,994.50563985,10.0,11.97225558,19.5595773,11873.16899787,39.93025069,18.288380274361533,30.03584726343493,994.505639846345,6034.407058686613,True,,1.6916601452976465e-13,0,0.4691326770912681,0.37743116047980585,BIOCHAR_CS_CA_LA_OA,3.1,1.853,104900.0,6.49,0.977,180.0,literature_core_properties_plus_screening_assumptions
18.2252949,30.38553778,982.37857864,10.0,11.66952925,19.7726697,12000.0,40.0,18.22529489662953,30.38553777614391,982.3785786412545,6023.561859980839,True,,1.3096723705530166e-13,0,0.47290373911544353,0.3759187405444393,BIOCHAR_CS_CA_LA_OA,3.1,1.853,104900.0,6.49,0.977,180.0,literature_core_properties_plus_screening_assumptions
16.11103789,29.12847899,998.18036239,9.93439786,11.78258541,19.94238788,10869.36179722,40.0,16.111037891777233,29.12847899009816,998.1803623877488,6108.259910527657,True,,9.822542779147625e-14,0,0.31774435012923524,0.377882199544856,BIOCHAR_CS_CA_LA_OA,3.1,1.853,104900.0,6.49,0.977,180.0,literature_core_properties_plus_screening_assumptions
16.26605002,33.29361689,1000.0,9.75205614,11.20595264,17.5105232,11815.46764213,39.90078243,16.2660500166728,33.29361689072613,1000.0,6200.082218707831,True,,2.0190782379359007e-13,0,0.3791758862780672,0.3781043170368861,BIOCHAR_CS_CA_LA_OA,3.1,1.853,104900.0,6.49,0.977,180.0,literature_core_properties_plus_screening_assumptions
16.31453214,29.84089024,999.9952182,9.93439786,11.98397163,19.90143961,11918.53971164,40.0,16.314532139886524,29.840890242927355,999.9952181997887,6034.440999684882,True,,8.549250196665525e-14,0,0.31857013497608944,0.37810373439633127,BIOCHAR_CS_CA_LA_OA,3.1,1.853,104900.0,6.49,0.977,180.0,literature_core_properties_plus_screening_assumptions
17.98810699,30.0,994.57001304,10.0,11.99990524,19.58334067,12000.0,39.96969066,17.9881069856212,30.0,994.5700130376214,6015.810719959985,True,,1.218722900375724e-13,0,0.35763089599881853,0.3774390903786333,BIOCHAR_CS_CA_LA_OA,3.1,1.853,104900.0,6.49,0.977,180.0,literature_core_properties_plus_screening_assumptions
18.21558575,30.0900823,999.70041212,9.93489189,11.99804329,17.48265398,11978.21262179,39.99999372,18.215585751535667,30.090082299075966,999.7004121177719,6082.741965164429,True,,5.329638952389359e-13,0,0.4685421040508029,0.37806780285914654,BIOCHAR_CS_CA_LA_OA,3.1,1.853,104900.0,6.49,0.977,180.0,literature_core_properties_plus_screening_assumptions
18.01403471,30.14101879,593.40188321,10.0,11.99975926,19.92938269,12000.0,40.0,18.014034708585037,30.14101879328677,593.4018832104113,6679.520740520238,True,,1.1823431123048067e-13,0,0.36050963893930515,0.22471456392699318,BIOCHAR_CS_CA_LA_OA,3.1,1.853,104900.0,6.49,0.977,180.0,literature_core_properties_plus_screening_assumptions
14.05989006,32.5768722,918.03974968,9.99981564,11.99998888,18.37827118,11999.12252696,34.17618826,14.059890062587003,32.57687219978687,918.0397496832245,5828.451253294614,True,,1.0550138540565968e-13,0,0.2610254703276781,0.367226723487614,BIOCHAR_CS_CA_LA_OA,3.1,1.853,104900.0,6.49,0.977,180.0,literature_core_properties_plus_screening_assumptions
16.0,33.05448876,986.38974708,10.0,11.67056912,17.53154545,11776.46324482,40.0,16.0,33.054488761515756,986.3897470755813,5981.973306843135,True,,8.185452315956354e-14,0,0.36895312288991494,0.3764231055255164,BIOCHAR_CS_CA_LA_OA,3.1,1.853,104900.0,6.49,0.977,180.0,literature_core_properties_plus_screening_assumptions
18.27429764,30.0,643.19344857,9.4824925,11.95002187,18.54481258,12000.0,40.0,18.27429764286525,30.0,643.1934485716739,6671.6896830545475,True,,5.402398528531193e-13,0,0.3606629252884567,0.28449206647118264,BIOCHAR_CS_CA_LA_OA,3.1,1.853,104900.0,6.49,0.977,180.0,literature_core_properties_plus_screening_assumptions
18.0,30.00040169,999.93971391,9.9409408,11.97105258,18.33796202,12000.0,39.96969066,18.0,30.000401693271673,999.9397139097357,6058.923930840017,True,,6.803020369261503e-13,0,0.3577643502345171,0.3780969710440747,BIOCHAR_CS_CA_LA_OA,3.1,1.853,104900.0,6.49,0.977,180.0,literature_core_properties_plus_screening_assumptions
16.26605002,34.60822461,648.38541351,9.9996198,11.99455009,17.92775395,12000.0,39.93526049,16.2660500166728,34.60822461297776,648.3854135113259,6533.572582074116,True,,3.9108272176235914e-13,0,0.3983271172538381,0.29019881264921443,BIOCHAR_CS_CA_LA_OA,3.1,1.853,104900.0,6.49,0.977,180.0,literature_core_properties_plus_screening_assumptions
18.06830104,33.01165932,594.62141917,10.0,11.97222057,17.551418,12000.0,39.9410679,18.06830103757808,33.01165932437874,594.6214191714716,6681.554085368142,True,,1.2005330063402653e-13,0,0.40920531977286856,0.2262977656800199,BIOCHAR_CS_CA_LA_OA,3.1,1.853,104900.0,6.49,0.977,180.0,literature_core_properties_plus_screening_assumptions
18.0,31.621093,630.5122733,10.0,11.68944061,17.98303944,12000.0,40.0,18.0,31.621092996312363,630.5122732978305,6621.291432857781,True,,1.0732037480920553e-13,0,0.38629846562281084,0.27016004974984253,BIOCHAR_CS_CA_LA_OA,3.1,1.853,104900.0,6.49,0.977,180.0,literature_core_properties_plus_screening_assumptions
18.34273428,29.78399323,997.16336229,9.99486274,11.97225128,19.58334067,11999.99701418,28.9752377,18.342734276439366,29.78399323362927,997.1633622911836,5696.508758525893,True,,2.764863893389702e-13,0,0.46548661319415674,0.3777577045127578,BIOCHAR_CS_CA_LA_OA,3.1,1.853,104900.0,6.49,0.977,180.0,literature_core_properties_plus_screening_assumptions
14.33107496,33.27306092,1000.0,9.98970349,11.99299148,18.75919513,12000.0,39.89895394,14.331074963690225,33.27306092210439,1000.0,5944.162086467039,True,,8.549250196665525e-14,0,0.33002475171048756,0.37810431703688463,BIOCHAR_CS_CA_LA_OA,3.1,1.853,104900.0,6.49,0.977,180.0,literature_core_properties_plus_screening_assumptions
16.25531784,30.07023863,998.02899678,9.81473183,11.99693466,19.92959162,10851.91420242,39.98262733,16.25531783670492,30.070238627201967,998.0289967765832,6231.610653977131,True,,1.4915713109076024e-13,0,0.32840406562787644,0.3778636863421019,BIOCHAR_CS_CA_LA_OA,3.1,1.853,104900.0,6.49,0.977,180.0,literature_core_properties_plus_screening_assumptions
18.20339777,30.44205002,1000.0,9.99287202,12.0,17.94714317,11900.37985613,37.68878164,18.203397765131204,30.442050019028073,1000.0,5955.790026422081,True,,6.202753866091371e-13,0,0.4738908087580677,0.37810431703688474,BIOCHAR_CS_CA_LA_OA,3.1,1.853,104900.0,6.49,0.977,180.0,literature_core_properties_plus_screening_assumptions
17.98643673,30.0,573.99545175,9.99999389,11.99921241,17.89289392,11995.93146303,40.0,17.98643672933247,30.0,573.9954517474806,6709.008383307663,True,,4.147295840084553e-13,0,0.35762657087413807,0.1985774860963988,BIOCHAR_CS_CA_LA_OA,3.1,1.853,104900.0,6.49,0.977,180.0,literature_core_properties_plus_screening_assumptions
19.4318018,30.0,1000.0,10.0,11.85386909,19.56494172,10678.59209767,40.0,19.431801797402095,30.0,1000.0,6127.983535605985,True,,1.291482476517558e-13,0,0.4889368206357135,0.3781043170368854,BIOCHAR_CS_CA_LA_OA,3.1,1.853,104900.0,6.49,0.977,180.0,literature_core_properties_plus_screening_assumptions
17.26808136,29.99992028,991.90573169,10.0,11.999192,19.83425256,12000.0,40.0,17.268081360739785,29.999920284646453,991.9057316908895,6009.608881728516,True,,1.291482476517558e-13,0,0.3473038056179155,0.37711002736993515,BIOCHAR_CS_CA_LA_OA,3.1,1.853,104900.0,6.49,0.977,180.0,literature_core_properties_plus_screening_assumptions
20.05226217,30.0,638.78189294,10.0,11.28145122,19.14820512,12000.0,38.20850177,20.052262169881306,30.0,638.7818929428238,6679.748609504137,True,,1.1823431123048067e-13,0,0.4903745057270946,0.27957049975221315,BIOCHAR_CS_CA_LA_OA,3.1,1.853,104900.0,6.49,0.977,180.0,literature_core_properties_plus_screening_assumptions
14.25629108,28.24689517,993.37663175,9.71604086,11.9801694,19.92040727,11999.96281031,39.24365262,14.256291083342607,28.246895173243416,993.3766317489133,6134.811565673342,True,,3.747118171304464e-13,0,0.26281061881592427,0.37729191507684867,BIOCHAR_CS_CA_LA_OA,3.1,1.853,104900.0,6.49,0.977,180.0,literature_core_properties_plus_screening_assumptions
14.29359277,29.998157,561.15373654,9.92621409,10.99559678,17.99033169,10865.27642705,26.54607552,14.293592771049594,29.99815700320131,561.153736538773,6268.836957924851,True,,3.4015101846307516e-13,0,0.2851043016250485,0.1423361929848952,BIOCHAR_CS_CA_LA_OA,3.1,1.853,104900.0,6.49,0.977,180.0,literature_core_properties_plus_screening_assumptions
14.29359277,30.04759579,991.00294927,9.69950535,11.56002653,19.4387467,10865.27642705,40.0,14.293592771049594,30.047595785923207,991.0029492658289,6257.887355750454,True,,2.9831426218152047e-13,0,0.2699450298038967,0.3769981243429916,BIOCHAR_CS_CA_LA_OA,3.1,1.853,104900.0,6.49,0.977,180.0,literature_core_properties_plus_screening_assumptions
17.62328372,33.55201841,619.83507847,9.99980929,11.99998136,18.37108184,11999.42553967,40.0,17.62328371535887,33.55201840875212,619.8350784736406,6622.506674004392,True,,9.276845958083867e-14,0,0.4131290885296065,0.25763448292083746,BIOCHAR_CS_CA_LA_OA,3.1,1.853,104900.0,6.49,0.977,180.0,literature_core_properties_plus_screening_assumptions
16.07343579,32.986063,617.59289882,10.0,11.9928592,17.44872462,5360.59725976,39.94312923,16.073435791335555,32.98606300242391,617.59289882128,6332.419434482697,True,,1.218722900375724e-13,0,0.4275388508597155,0.11100517117927355,BIOCHAR_CS_CA_LA_OA,3.1,1.853,104900.0,6.49,0.977,180.0,literature_core_properties_plus_screening_assumptions
14.35797293,30.39780817,999.96707629,9.99997146,11.20595264,17.92775395,11989.94748125,39.96849769,14.357972929326227,30.39780817007009,999.9670762932321,5945.26828363022,True,,5.184119800105691e-13,0,0.2878444239412691,0.3781003053204697,BIOCHAR_CS_CA_LA_OA,3.1,1.853,104900.0,6.49,0.977,180.0,literature_core_properties_plus_screening_assumptions
14.50619456,30.12632405,990.51865904,9.98970349,11.99299148,18.75919513,11991.15825122,39.99943587,14.506194555264587,30.12632405074924,990.5186590369804,5940.910338816915,True,,8.185452315956354e-14,0,0.28629782471685167,0.37693801085497436,BIOCHAR_CS_CA_LA_OA,3.1,1.853,104900.0,6.49,0.977,180.0,literature_core_properties_plus_screening_assumptions
14.25604618,34.52206802,995.72663772,9.99932416,12.0,18.0,11965.57217864,38.2123727,14.256046176722037,34.52206802307491,995.7266377206774,5917.418011886352,True,,5.238689482212066e-13,0,0.3155625520637869,0.3775813961164094,BIOCHAR_CS_CA_LA_OA,3.1,1.853,104900.0,6.49,0.977,180.0,literature_core_properties_plus_screening_assumptions
14.72816871,30.87337757,989.53067221,10.0,11.97048231,19.58342272,10314.06211946,40.0,14.728168708497853,30.87337756835607,989.5306722070707,6046.292680102594,True,,8.549250196665525e-14,0,0.3066823291813751,0.37681519263709107,BIOCHAR_CS_CA_LA_OA,3.1,1.853,104900.0,6.49,0.977,180.0,literature_core_properties_plus_screening_assumptions
18.37186126,32.5703755,902.10699665,9.99931862,12.0,17.91339282,11995.15862431,34.17618826,18.371861260184726,32.570375500600164,902.1069966533481,5898.163828290969,True,,2.7284841053187846e-13,0,0.5042591078047124,0.3648828041185923,BIOCHAR_CS_CA_LA_OA,3.1,1.853,104900.0,6.49,0.977,180.0,literature_core_properties_plus_screening_assumptions
16.01124581,34.65959614,999.90218467,9.99979154,11.99693466,19.92973996,10850.26323324,39.99987577,16.011245805993696,34.65959613899484,999.9021846702736,6047.095735837978,True,,9.276845958083867e-14,0,0.3995116163965482,0.3780923975764622,BIOCHAR_CS_CA_LA_OA,3.1,1.853,104900.0,6.49,0.977,180.0,literature_core_properties_plus_screening_assumptions
16.23206719,31.57697669,836.0493975,9.99999129,11.18394719,17.98234739,11965.26249382,39.98475161,16.232067192694767,31.576976688570397,836.0493975006103,6057.175833690093,True,,1.3460521586239337e-13,0,0.3486179996176923,0.3542123027341928,BIOCHAR_CS_CA_LA_OA,3.1,1.853,104900.0,6.49,0.977,180.0,literature_core_properties_plus_screening_assumptions
19.4330803,31.54069389,600.01265401,9.90361966,11.96978851,17.50499336,5381.49181696,39.99923099,19.43308030179332,31.540693891815124,600.0126540066171,6419.61491881271,True,,6.366462912410498e-14,0,0.4388446205748151,0.11903588878855409,BIOCHAR_CS_CA_LA_OA,3.1,1.853,104900.0,6.49,0.977,180.0,literature_core_properties_plus_screening_assumptions
18.28300584,30.88217103,630.59158218,10.0,11.9997751,17.48892856,5510.4636736,39.93085893,18.28300583599173,30.88217102881906,630.5915821788831,6358.621371800664,True,,1.2369127944111825e-13,0,0.41542785349367145,0.15555178435308836,BIOCHAR_CS_CA_LA_OA,3.1,1.853,104900.0,6.49,0.977,180.0,literature_core_properties_plus_screening_assumptions
14.34200379,30.33911717,968.13439177,9.70785929,11.97371574,17.99194097,11999.96281031,39.65444841,14.342003786450395,30.339117165337683,968.134391774729,6161.732252368742,True,,8.731149137020111e-14,0,0.274332348510955,0.3740939159430364,BIOCHAR_CS_CA_LA_OA,3.1,1.853,104900.0,6.49,0.977,180.0,literature_core_properties_plus_screening_assumptions
16.26687529,29.02201788,999.90505397,9.98970349,11.20595264,19.94543549,12000.0,40.0,16.266875289776802,29.022017875666293,999.905053967267,5988.0715558821275,True,,7.457856554538012e-14,0,0.3124048388912802,0.3780927472529212,BIOCHAR_CS_CA_LA_OA,3.1,1.853,104900.0,6.49,0.977,180.0,literature_core_properties_plus_screening_assumptions
16.26605002,33.29667062,1000.0,9.99938971,11.20595264,18.64698924,12000.0,39.89895394,16.2660500166728,33.29667062339847,1000.0,5979.089952029123,True,,1.8371792975813152e-13,0,0.3782106167679262,0.37810431703688463,BIOCHAR_CS_CA_LA_OA,3.1,1.853,104900.0,6.49,0.977,180.0,literature_core_properties_plus_screening_assumptions
18.0,33.27620194,630.5122733,10.0,11.97158452,19.26049643,11990.96658762,40.0,18.0,33.27620193658504,630.5122732978305,6621.019879660302,True,,1.291482476517558e-13,0,0.4125966872414382,0.27007431316100916,BIOCHAR_CS_CA_LA_OA,3.1,1.853,104900.0,6.49,0.977,180.0,literature_core_properties_plus_screening_assumptions
16.41937263,33.29667062,1000.0,9.98970349,11.98376065,17.9891291,12000.0,39.90061597,16.419372633905517,33.29667062339847,1000.0,5999.680954725658,True,,8.185452315956354e-14,0,0.38199142837044997,0.37810431703688463,BIOCHAR_CS_CA_LA_OA,3.1,1.853,104900.0,6.49,0.977,180.0,literature_core_properties_plus_screening_assumptions
14.29359277,29.99463427,999.70041212,9.93439786,11.99805751,19.15526203,11921.05716249,40.0,14.293592771049594,29.994634268264907,999.7004121177719,5989.240533980482,True,,1.0913936421275138e-13,0,0.2781424749228259,0.378067802859146,BIOCHAR_CS_CA_LA_OA,3.1,1.853,104900.0,6.49,0.977,180.0,literature_core_properties_plus_screening_assumptions
18.24831767,30.03972517,612.79255035,10.0,12.0,17.48852498,5289.30464064,39.99956376,18.24831767372521,30.03972516817443,612.7925503458956,6364.664319293307,True,,8.731149137020111e-14,0,0.4036346464890757,0.13088599706485027,BIOCHAR_CS_CA_LA_OA,3.1,1.853,104900.0,6.49,0.977,180.0,literature_core_properties_plus_screening_assumptions
17.9863621,33.22649527,630.5122733,9.9997695,11.68944061,17.98303944,12000.0,39.99029009,17.98636210060529,33.22649526624635,630.5122732978305,6620.2448116612,True,,1.0186340659856796e-13,0,0.41168858899222116,0.27016004974984253,BIOCHAR_CS_CA_LA_OA,3.1,1.853,104900.0,6.49,0.977,180.0,literature_core_properties_plus_screening_assumptions
16.25717578,32.95497431,538.52701649,9.99917491,11.97009596,17.4709914,10828.9431511,39.99955439,16.25717577693212,32.95497431321454,538.5270164911902,6625.151847045334,True,,1.0368239600211382e-13,0,0.379421240172605,0.13339349519235055,BIOCHAR_CS_CA_LA_OA,3.1,1.853,104900.0,6.49,0.977,180.0,literature_core_properties_plus_screening_assumptions
14.79288763,29.08185429,998.8890043,10.0,10.66378353,18.05433364,10304.3596594,40.0,14.792887626221269,29.081854291821415,998.8890043004299,6052.676202305657,True,,1.1641532182693482e-13,0,0.2838088702475179,0.37796879742424583,BIOCHAR_CS_CA_LA_OA,3.1,1.853,104900.0,6.49,0.977,180.0,literature_core_properties_plus_screening_assumptions
14.29359277,29.83603627,999.88801982,9.93439786,11.99998986,19.90146447,11970.75971277,40.0,14.293592771049594,29.836036274616085,999.8880198178324,5986.449447080053,True,,8.731149137020111e-14,0,0.2744856843970754,0.37809067130002794,BIOCHAR_CS_CA_LA_OA,3.1,1.853,104900.0,6.49,0.977,180.0,literature_core_properties_plus_screening_assumptions
16.65214618,32.87427051,587.61735451,9.99980929,11.99997555,17.75700378,11960.52442306,40.0,16.652146179408483,32.87427051427346,587.6173545103304,6638.401819143848,True,,1.0004441719502211e-13,0,0.3812513854589805,0.21671315799169943,BIOCHAR_CS_CA_LA_OA,3.1,1.853,104900.0,6.49,0.977,180.0,literature_core_properties_plus_screening_assumptions
14.18815453,30.08526008,564.93670646,9.7113545,11.97358334,17.99194097,11999.96281031,28.76597329,14.188154525444554,30.08526007719071,564.9367064579685,6382.167090998205,True,,2.6011548470705745e-13,0,0.27667784974993054,0.13983259850090302,BIOCHAR_CS_CA_LA_OA,3.1,1.853,104900.0,6.49,0.977,180.0,literature_core_properties_plus_screening_assumptions
18.0,29.90846307,987.54733297,10.0,11.52101478,18.39796608,10640.18733667,39.98098681,18.0,29.908463070514202,987.5473329721433,6099.094030143947,True,,1.1459633242338896e-13,0,0.36103529718816413,0.3765678990639747,BIOCHAR_CS_CA_LA_OA,3.1,1.853,104900.0,6.49,0.977,180.0,literature_core_properties_plus_screening_assumptions
16.00048462,30.38060198,999.94632134,9.93546077,11.99693466,19.92959162,10851.91420242,39.99981667,16.000484617028658,30.380601975408464,999.946321338707,6108.141375647673,True,,3.4560798667371273e-13,0,0.3274479526020392,0.3780977762170429,BIOCHAR_CS_CA_LA_OA,3.1,1.853,104900.0,6.49,0.977,180.0,literature_core_properties_plus_screening_assumptions
14.25629108,30.0,990.20473576,9.9921539,11.99999516,17.99343231,11999.96281031,40.0,14.256291083342607,30.0,990.2047357558197,5947.577545613268,True,,1.4370016288012266e-13,0,0.27675159172940145,0.3768990131053175,BIOCHAR_CS_CA_LA_OA,3.1,1.853,104900.0,6.49,0.977,180.0,literature_core_properties_plus_screening_assumptions
16.11038524,29.01079997,866.89213007,9.99879214,11.18816249,17.9696232,11965.57217864,38.24813325,16.110385236909,29.01079996951393,866.8921300662289,5978.105729386715,True,,1.255102688446641e-13,0,0.30795955582151646,0.359396717314281,BIOCHAR_CS_CA_LA_OA,3.1,1.853,104900.0,6.49,0.977,180.0,literature_core_properties_plus_screening_assumptions
14.31766918,33.5216618,852.94433929,9.99556091,11.9692049,19.93824816,10922.63749018,40.0,14.31766918274992,33.5216618036672,852.9443392860428,5982.0574725255465,True,,2.619344741106033e-13,0,0.3012455531999197,0.35709862305421913,BIOCHAR_CS_CA_LA_OA,3.1,1.853,104900.0,6.49,0.977,180.0,literature_core_properties_plus_screening_assumptions
14.25600537,30.0,876.09569477,9.69993463,12.0,17.99962906,11999.87727378,39.9509671,14.2560053711605,30.0,876.0956947741269,6124.0951009006785,True,,7.566995918750763e-13,0,0.27674425186860885,0.360873080614995,BIOCHAR_CS_CA_LA_OA,3.1,1.853,104900.0,6.49,0.977,180.0,literature_core_properties_plus_screening_assumptions
18.28300584,29.91486443,630.59158218,10.0,12.0,16.59335739,11720.2021542,39.93085893,18.28300583599173,29.914864425276125,630.5915821788831,6632.766129588636,True,,8.185452315956354e-14,0,0.36012069942783304,0.26754202422322626,BIOCHAR_CS_CA_LA_OA,3.1,1.853,104900.0,6.49,0.977,180.0,literature_core_properties_plus_screening_assumptions
14.10193101,34.98548718,998.1926013,9.87455224,11.56002653,19.94290469,10858.4216935,40.0,14.101931009498674,34.98548718131717,998.192601301457,6103.570285361195,True,,5.202309694141149e-13,0,0.2972768477360677,0.3778836962148594,BIOCHAR_CS_CA_LA_OA,3.1,1.853,104900.0,6.49,0.977,180.0,literature_core_properties_plus_screening_assumptions
16.01830295,33.3307303,985.27660193,9.99898361,12.0,18.37728469,12000.0,40.0,16.018302950703827,33.33073030336107,985.2766019283871,5968.53341096649,True,,7.639755494892598e-14,0,0.3726500109047021,0.37628354998593416,BIOCHAR_CS_CA_LA_OA,3.1,1.853,104900.0,6.49,0.977,180.0,literature_core_properties_plus_screening_assumptions
18.0,30.26962374,951.63011222,9.90361966,11.50316541,19.58139616,12000.0,39.96969066,18.0,30.269623736414594,951.6301122234,6090.966613940961,True,,9.276845958083867e-14,0,0.3627159391519426,0.37191126249265727,BIOCHAR_CS_CA_LA_OA,3.1,1.853,104900.0,6.49,0.977,180.0,literature_core_properties_plus_screening_assumptions
16.26605002,29.05123837,1000.0,9.73372991,11.20595264,18.72881833,12000.0,39.89895394,16.2660500166728,29.051238366854196,1000.0,6196.264550130122,True,,3.2741809263825415e-13,0,0.3129816008853282,0.37810431703688463,BIOCHAR_CS_CA_LA_OA,3.1,1.853,104900.0,6.49,0.977,180.0,literature_core_properties_plus_screening_assumptions
14.29359277,29.99463427,999.70041212,9.93463648,11.99805751,17.33633082,10880.65903844,39.99999315,14.293592771049594,29.994634268264907,999.7004121177719,6062.282813787317,True,,6.621121428906917e-13,0,0.26940395411908497,0.3780678028591461,BIOCHAR_CS_CA_LA_OA,3.1,1.853,104900.0,6.49,0.977,180.0,literature_core_properties_plus_screening_assumptions
16.01830295,29.98631772,989.9547775,9.99898361,12.0,18.37039812,12000.0,40.0,16.018302950703827,29.98631771565156,989.9547775002072,5969.83145079474,True,,7.821654435247182e-14,0,0.31282872114911253,0.37686794385971467,BIOCHAR_CS_CA_LA_OA,3.1,1.853,104900.0,6.49,0.977,180.0,literature_core_properties_plus_screening_assumptions
16.01830295,29.77869978,960.40637065,9.99898361,11.99936048,17.95311384,11960.17170886,40.0,16.018302950703827,29.778699778882444,960.4063706486386,5980.392281771278,True,,8.003553375601768e-14,0,0.30891452049251605,0.37308123788803627,BIOCHAR_CS_CA_LA_OA,3.1,1.853,104900.0,6.49,0.977,180.0,literature_core_properties_plus_screening_assumptions
18.47562006,29.9522569,988.21296398,9.98970349,11.18858442,18.7510851,11789.49810278,39.90030055,18.475620061328964,29.95225690374127,988.2129639840415,6038.6450726250905,True,,9.640643838793039e-14,0,0.4706522251336143,0.3766510041959402,BIOCHAR_CS_CA_LA_OA,3.1,1.853,104900.0,6.49,0.977,180.0,literature_core_properties_plus_screening_assumptions
16.22574627,34.24235186,995.85091359,9.7495437,11.98701573,18.50178927,11906.17802407,39.99965725,16.225746270096494,34.24235186335173,995.8509135889673,6189.888712342244,True,,5.929905455559492e-13,0,0.3924019159868709,0.3775966667842299,BIOCHAR_CS_CA_LA_OA,3.1,1.853,104900.0,6.49,0.977,180.0,literature_core_properties_plus_screening_assumptions
17.98643673,33.14673641,574.46616311,9.99980929,11.99935529,17.95379757,11999.93785662,39.89708182,17.98643672933247,33.14673640569096,574.4661631083685,6707.284030316057,True,,1.0368239600211382e-13,0,0.41047963139963345,0.19927293306136862,BIOCHAR_CS_CA_LA_OA,3.1,1.853,104900.0,6.49,0.977,180.0,literature_core_properties_plus_screening_assumptions
16.11103789,33.61315237,867.6173301,9.94583284,11.56912052,19.91521996,10865.27642705,40.0,16.111037891777233,33.613152367233376,867.6173301035279,6039.740097709756,True,,3.2378011383116244e-13,0,0.3859936105964783,0.3595141844275602,BIOCHAR_CS_CA_LA_OA,3.1,1.853,104900.0,6.49,0.977,180.0,literature_core_properties_plus_screening_assumptions
18.06471892,29.08185429,663.5895644,10.0,11.78258462,17.92585634,5146.59552036,40.0,18.064718917723116,29.081854291821415,663.5895644035362,6285.479087653345,True,,1.1459633242338896e-13,0,0.38659526637596625,0.18573986602103032,BIOCHAR_CS_CA_LA_OA,3.1,1.853,104900.0,6.49,0.977,180.0,literature_core_properties_plus_screening_assumptions
13.64013096,30.0,858.1935806,9.99976916,11.99935529,18.39778331,11998.90111031,40.0,13.640130957010827,30.0,858.1935806008049,5930.848870988602,False,POST_SIM_CONSTRAINT,1.2022726083575805,8.0,0.2,0.3579722713474637,BIOCHAR_CS_CA_LA_OA,3.1,1.853,104900.0,6.49,0.977,180.0,literature_core_properties_plus_screening_assumptions
14.28511194,30.54276465,931.05708583,9.98970349,11.20488934,19.94270533,10880.14085929,39.9821319,14.285111935610779,30.542764650054746,931.0570858286042,6012.20808618231,True,,6.366462912410498e-14,0,0.254768944709659,0.36908222771539567,BIOCHAR_CS_CA_LA_OA,3.1,1.853,104900.0,6.49,0.977,180.0,literature_core_properties_plus_screening_assumptions
17.59262821,34.58842316,630.5122733,9.99926857,11.69365587,17.97031525,11999.50018845,36.96072764,17.592628214388274,34.58842315707978,630.5122732978305,6562.567256594782,True,,2.928572939708829e-13,0,0.42786991129805346,0.2701553090043751,BIOCHAR_CS_CA_LA_OA,3.1,1.853,104900.0,6.49,0.977,180.0,literature_core_properties_plus_screening_assumptions
18.06998416,30.08150464,999.48843042,10.0,11.52262581,19.7341834,11871.68711709,39.97044446,18.06998416001122,30.081504639286045,999.4884304157373,6020.588151819245,True,,1.3278622645884751e-13,0,0.46705063245948897,0.37804195302308885,BIOCHAR_CS_CA_LA_OA,3.1,1.853,104900.0,6.49,0.977,180.0,literature_core_properties_plus_screening_assumptions
15.68693326,32.68508951,585.84246407,10.0,11.99999873,18.13954872,12000.0,37.46336837,15.686933258885,32.68508951385317,585.8424640665205,6534.554211971845,True,,1.0913936421275138e-13,0,0.35373116472795474,0.21475450907100424,BIOCHAR_CS_CA_LA_OA,3.1,1.853,104900.0,6.49,0.977,180.0,literature_core_properties_plus_screening_assumptions
15.91346202,29.69500802,568.71304811,10.0,11.97408511,19.99256657,12000.0,28.81034616,15.91346202378821,29.695008022748052,568.7130481123123,6434.397089470139,True,,1.1095835361629724e-13,0,0.3161550800339346,0.2011029292137292,BIOCHAR_CS_CA_LA_OA,3.1,1.853,104900.0,6.49,0.977,180.0,literature_core_properties_plus_screening_assumptions
14.29359277,34.9958601,999.65420411,9.93439786,11.99805751,19.94335993,10865.27642705,40.0,14.293592771049594,34.9958601008646,999.654204113623,6067.1444201604445,True,,8.36735125631094e-14,0,0.31843410212315826,0.378062169017531,BIOCHAR_CS_CA_LA_OA,3.1,1.853,104900.0,6.49,0.977,180.0,literature_core_properties_plus_screening_assumptions
18.0,27.2419819,988.97439747,9.90361966,11.50316541,19.58334067,10862.73975103,39.98313673,18.0,27.24198190279322,988.9743974701657,6161.6149612922145,True,,1.0186340659856796e-13,0,0.33234919955595027,0.3767459333048899,BIOCHAR_CS_CA_LA_OA,3.1,1.853,104900.0,6.49,0.977,180.0,literature_core_properties_plus_screening_assumptions
16.0,29.98001932,986.38974708,10.0,11.67056912,17.53956616,11780.9481917,40.0,16.0,29.98001931596339,986.3897470755813,5982.108184206303,True,,1.1641532182693482e-13,0,0.3135417947670295,0.37642310552551683,BIOCHAR_CS_CA_LA_OA,3.1,1.853,104900.0,6.49,0.977,180.0,literature_core_properties_plus_screening_assumptions
12.40799728,30.0,992.57466791,9.70785929,11.20531737,18.72917279,11999.96281031,39.99626642,12.407997282373048,30.0,992.5746679087421,6126.443047061287,False,POST_SIM_CONSTRAINT,109.84137036075252,40.0,0.2,0.11467832073770945,BIOCHAR_CS_CA_LA_OA,3.1,1.853,104900.0,6.49,0.977,180.0,literature_core_properties_plus_screening_assumptions
18.32641321,29.12847899,998.18036239,9.93439786,11.78258541,19.94822319,10916.64562386,40.0,18.326413206100398,29.12847899009816,998.1803623877488,6145.6422368715885,True,,1.0004441719502211e-13,0,0.4604900099575101,0.377882199544858,BIOCHAR_CS_CA_LA_OA,3.1,1.853,104900.0,6.49,0.977,180.0,literature_core_properties_plus_screening_assumptions
16.27968792,31.69126835,1000.0,9.98971627,11.20595264,18.72881833,12000.0,39.91602264,16.27968791606751,31.691268352997007,1000.0,5984.339245200218,True,,1.8917489796876906e-13,0,0.35167478072957453,0.37810431703688463,BIOCHAR_CS_CA_LA_OA,3.1,1.853,104900.0,6.49,0.977,180.0,literature_core_properties_plus_screening_assumptions
14.52817366,34.81482135,998.69837712,9.99984415,11.20488934,19.94285367,5385.10736482,39.99999602,14.528173664808305,34.81482135154365,998.6983771165116,6250.15657490941,True,,1.0932126315310597e-12,0,0.3505154556320649,0.3506310429660672,BIOCHAR_CS_CA_LA_OA,3.1,1.853,104900.0,6.49,0.977,180.0,literature_core_properties_plus_screening_assumptions
14.79288763,29.95807731,982.29634925,10.0,11.56911973,18.02253068,10300.27428924,40.0,14.792887626221269,29.958077312813096,982.2963492518682,6051.364428884087,True,,1.1095835361629724e-13,0,0.3021255474676702,0.3759083579391097,BIOCHAR_CS_CA_LA_OA,3.1,1.853,104900.0,6.49,0.977,180.0,literature_core_properties_plus_screening_assumptions
16.52693723,29.99117168,1000.0,9.99898361,11.99798357,18.37039812,10775.39713253,40.0,16.5269372292449,29.991171683962826,1000.0,6075.372833312739,True,,6.548361852765083e-14,0,0.33484811601700915,0.3781043170368841,BIOCHAR_CS_CA_LA_OA,3.1,1.853,104900.0,6.49,0.977,180.0,literature_core_properties_plus_screening_assumptions
18.25395756,30.11179244,620.97611865,10.0,11.99936655,17.4709914,5289.30464064,39.93085893,18.253957563459572,30.11179243788001,620.9761186461238,6351.087667086258,True,,8.913048077374697e-14,0,0.40491682029319837,0.1398786227959996,BIOCHAR_CS_CA_LA_OA,3.1,1.853,104900.0,6.49,0.977,180.0,literature_core_properties_plus_screening_assumptions
19.06645492,30.0,905.50955182,9.99980929,11.99926135,17.93807113,11990.39317307,39.69694002,19.066454920919973,30.0,905.5095518221119,6031.533797882286,True,,1.0186340659856796e-13,0,0.4779490400877729,0.36539028856787736,BIOCHAR_CS_CA_LA_OA,3.1,1.853,104900.0,6.49,0.977,180.0,literature_core_properties_plus_screening_assumptions
18.0,27.33351883,977.12687766,9.90361966,11.53656231,19.60821074,10862.73975103,39.999993,18.0,27.333518832278106,977.1268776629181,6165.609976589109,True,,8.731149137020111e-14,0,0.3342987236310071,0.37525213355109865,BIOCHAR_CS_CA_LA_OA,3.1,1.853,104900.0,6.49,0.977,180.0,literature_core_properties_plus_screening_assumptions
16.11055327,30.00630493,998.20711709,9.51707268,11.56912052,19.92954321,10865.27642705,39.98232488,16.110553274748572,30.006304929329726,998.2071170912451,6540.103165633029,True,,6.893969839438796e-13,0,0.3231119358732453,0.3778854712715013,BIOCHAR_CS_CA_LA_OA,3.1,1.853,104900.0,6.49,0.977,180.0,literature_core_properties_plus_screening_assumptions
15.51807816,31.19800008,585.84246407,9.70958568,11.99978288,18.13573182,12000.0,37.59031735,15.51807816138353,31.19800008034959,585.8424640665205,6569.737947570116,True,,5.820766091346741e-13,0,0.3228190057463319,0.21475450907100424,BIOCHAR_CS_CA_LA_OA,3.1,1.853,104900.0,6.49,0.977,180.0,literature_core_properties_plus_screening_assumptions
17.01324307,34.64287617,999.56874353,9.90484497,11.78258541,19.94238788,10869.36179722,40.0,17.0132430728717,34.64287617452694,999.5687435306442,6162.172853844351,True,,9.240466170012951e-13,0,0.42289866743083876,0.3780517479921446,BIOCHAR_CS_CA_LA_OA,3.1,1.853,104900.0,6.49,0.977,180.0,literature_core_properties_plus_screening_assumptions
16.11103789,31.14954377,988.8721613,9.93758125,11.56912052,19.91521996,10865.27642705,40.0,16.111037891777233,31.149543766635325,988.8721613042325,6092.985000892209,True,,4.747562343254686e-13,0,0.3446282266731269,0.37673319585452336,BIOCHAR_CS_CA_LA_OA,3.1,1.853,104900.0,6.49,0.977,180.0,literature_core_properties_plus_screening_assumptions
14.25633189,34.52206802,988.28775787,9.99775737,12.0,17.9898545,11492.54323152,38.97205181,14.256331888904144,34.52206802307491,988.2877578718503,5953.616349240973,True,,3.219611244276166e-13,0,0.3108377447535279,0.3766603353432699,BIOCHAR_CS_CA_LA_OA,3.1,1.853,104900.0,6.49,0.977,180.0,literature_core_properties_plus_screening_assumptions
15.89210643,33.07119836,998.89485515,10.0,12.0,18.045165,5565.12580602,39.94851696,15.892106428901595,33.07119835560715,998.8948551522552,6338.176895148758,True,,1.4370016288012266e-13,0,0.424627823599632,0.37796951190230377,BIOCHAR_CS_CA_LA_OA,3.1,1.853,104900.0,6.49,0.977,180.0,literature_core_properties_plus_screening_assumptions
16.45853705,29.64903284,999.4898725,9.98970349,11.23200329,19.92946733,11981.44420113,37.75867168,16.45853705132772,29.64903284222944,999.4898725010297,5950.279385459104,True,,9.458744898438453e-14,0,0.3183513044202989,0.378042128913352,BIOCHAR_CS_CA_LA_OA,3.1,1.853,104900.0,6.49,0.977,180.0,literature_core_properties_plus_screening_assumptions
16.0,33.05448876,999.98076185,10.0,11.67056912,17.52465888,11776.46324482,40.0,16.0,33.054488761515756,999.9807618491083,5985.276363108793,True,,8.185452315956354e-14,0,0.36895313844931776,0.37810197292203584,BIOCHAR_CS_CA_LA_OA,3.1,1.853,104900.0,6.49,0.977,180.0,literature_core_properties_plus_screening_assumptions
15.84084182,34.53410673,630.5122733,9.9994878,11.97040945,19.27214649,12000.0,40.0,15.840841824575081,34.53410673115869,630.5122732978305,6536.561264101874,True,,9.094947017729283e-14,0,0.3871217689007392,0.26973366100311136,BIOCHAR_CS_CA_LA_OA,3.1,1.853,104900.0,6.49,0.977,180.0,literature_core_properties_plus_screening_assumptions
16.26605002,34.80221081,1000.0,9.98970349,11.21643249,19.94282882,12000.0,40.0,16.2660500166728,34.80221081209662,1000.0,5990.960933540741,True,,7.457856554538012e-14,0,0.40117308958532616,0.37810431703688463,BIOCHAR_CS_CA_LA_OA,3.1,1.853,104900.0,6.49,0.977,180.0,literature_core_properties_plus_screening_assumptions
18.24831767,30.03972517,621.14550452,9.94995403,12.0,19.97003839,6301.15715598,39.99956069,18.24831767372521,30.03972516817443,621.1455045210693,6427.05796207563,True,,5.238689482212066e-13,0,0.392932371060056,0.16632323673754135,BIOCHAR_CS_CA_LA_OA,3.1,1.853,104900.0,6.49,0.977,180.0,literature_core_properties_plus_screening_assumptions
16.11103789,30.11481583,988.8721613,9.76246853,11.98040479,19.91521996,10865.27642705,39.96897805,16.111037891777233,30.114815833615065,988.8721613042325,6260.142454123109,True,,8.058123057708144e-13,0,0.32523627551970913,0.37673319585452336,BIOCHAR_CS_CA_LA_OA,3.1,1.853,104900.0,6.49,0.977,180.0,literature_core_properties_plus_screening_assumptions
16.11675737,34.90351636,963.67526975,9.99898361,11.57306091,19.70595091,12000.0,40.0,16.11675737388273,34.9035163550083,963.6752697453037,5975.002485432698,True,,4.9112713895738124e-14,0,0.3991350765790462,0.3735115748818061,BIOCHAR_CS_CA_LA_OA,3.1,1.853,104900.0,6.49,0.977,180.0,literature_core_properties_plus_screening_assumptions
12.55440352,32.986063,980.38093459,9.92178381,11.57247962,17.48892856,10368.44641217,39.93085893,12.554403521513802,32.98606300242391,980.3809345924051,6067.05143167386,False,POST_SIM_CONSTRAINT,17.990047356788292,16.0,0.2,0.3742793841912764,BIOCHAR_CS_CA_LA_OA,3.1,1.853,104900.0,6.49,0.977,180.0,literature_core_properties_plus_screening_assumptions
14.31766918,33.53514347,996.38306214,10.0,11.55695262,20.0,11989.52530316,39.99936159,14.31766918274992,33.535143470603714,996.3830621350736,5942.704274630749,True,,1.4370016288012266e-13,0,0.3342763512634137,0.3776620126344733,BIOCHAR_CS_CA_LA_OA,3.1,1.853,104900.0,6.49,0.977,180.0,literature_core_properties_plus_screening_assumptions
16.01258347,30.28807962,998.24325484,9.93439786,11.98709273,18.26909797,10364.23590185,40.0,16.012583468598326,30.288079615000015,998.2432548366228,6136.832349011045,True,,9.458744898438453e-14,0,0.3294966782016673,0.377889890134845,BIOCHAR_CS_CA_LA_OA,3.1,1.853,104900.0,6.49,0.977,180.0,literature_core_properties_plus_screening_assumptions
18.28525182,30.06994383,642.50353446,9.99999437,11.99778288,19.92954321,6007.05631903,40.0,18.285251816516503,30.069943832057557,642.5035344614571,6370.5359413702545,True,,6.96672941558063e-13,0,0.39669162070484876,0.18594105064891964,BIOCHAR_CS_CA_LA_OA,3.1,1.853,104900.0,6.49,0.977,180.0,literature_core_properties_plus_screening_assumptions
14.79288763,29.95807731,942.94035818,10.0,11.56911973,18.02230031,10300.27428924,40.0,14.792887626221269,29.958077312813096,942.9403581825796,6055.717762108946,True,,1.0732037480920553e-13,0,0.3021255474676702,0.37073137085145835,BIOCHAR_CS_CA_LA_OA,3.1,1.853,104900.0,6.49,0.977,180.0,literature_core_properties_plus_screening_assumptions
14.28511194,30.57072374,996.91896508,9.98970349,11.20488934,19.94270533,10881.15081326,39.98141351,14.285111935610779,30.570723741595234,996.9189650788813,6019.117989442353,False,POST_SIM_CONSTRAINT,0.2977644771034726,2.0,0.24344105768391508,0.3777277490378479,BIOCHAR_CS_CA_LA_OA,3.1,1.853,104900.0,6.49,0.977,180.0,literature_core_properties_plus_screening_assumptions
14.31766918,30.94150959,618.23620232,10.0,11.96923804,19.93824816,11894.69985682,40.0,14.31766918274992,30.94150958763725,618.2362023166439,6463.218222836235,True,,1.1823431123048067e-13,0,0.2866594339234183,0.18058097409495233,BIOCHAR_CS_CA_LA_OA,3.1,1.853,104900.0,6.49,0.977,180.0,literature_core_properties_plus_screening_assumptions
16.3102448,33.55201841,619.83507847,9.93444259,11.98454368,19.8830017,11999.42553967,40.0,16.310244802432674,33.55201840875212,619.8350784736406,6589.376397543031,True,,3.6743585951626303e-13,0,0.3833354422407723,0.25763448292083746,BIOCHAR_CS_CA_LA_OA,3.1,1.853,104900.0,6.49,0.977,180.0,literature_core_properties_plus_screening_assumptions
18.14156481,34.83041044,529.93429801,9.98970349,11.20085102,17.40321718,11925.93553436,40.0,18.141564806696987,34.83041044233381,529.9342980105772,6785.60948344101,True,,8.185452315956354e-14,0,0.43646920361291835,0.132700108199303,BIOCHAR_CS_CA_LA_OA,3.1,1.853,104900.0,6.49,0.977,180.0,literature_core_properties_plus_screening_assumptions
17.36226897,29.9522569,1000.0,9.9895889,11.20595264,18.71677443,11957.1505829,39.99695656,17.362268970918397,29.95225690374127,1000.0,6028.886737632474,True,,9.404175216332078e-13,0,0.34925116015476265,0.3781043170368865,BIOCHAR_CS_CA_LA_OA,3.1,1.853,104900.0,6.49,0.977,180.0,literature_core_properties_plus_screening_assumptions
14.0068348,29.49423862,978.18320236,9.71107354,12.0,17.98948356,5018.93785604,40.0,14.006834797077747,29.494238616129888,978.1832023571255,6334.753713849208,False,POST_SIM_CONSTRAINT,18.940077771918464,16.0,0.20699660371991788,0.30255369909992214,BIOCHAR_CS_CA_LA_OA,3.1,1.853,104900.0,6.49,0.977,180.0,literature_core_properties_plus_screening_assumptions
16.26605002,34.57742956,999.99730518,9.98970349,11.20913279,17.98883416,12000.0,39.90060678,16.2660500166728,34.577429557678144,999.9973051786922,5987.477439745994,True,,7.09405867382884e-14,0,0.39787171874610094,0.37810398868587924,BIOCHAR_CS_CA_LA_OA,3.1,1.853,104900.0,6.49,0.977,180.0,literature_core_properties_plus_screening_assumptions
16.14376149,30.0,988.54005701,9.70785929,12.0,17.97882182,11999.96281031,40.0,16.14376149340439,30.0,988.5400570062998,6218.660573576069,True,,9.276845958083867e-14,0,0.31653452047723973,0.37669180130672786,BIOCHAR_CS_CA_LA_OA,3.1,1.853,104900.0,6.49,0.977,180.0,literature_core_properties_plus_screening_assumptions
14.52756296,33.34574217,999.66524531,9.98970349,11.20973839,18.72881833,11999.95816368,39.90259281,14.527562962459296,33.34574217240523,999.6652453050199,5944.552478588566,True,,1.218722900375724e-13,0,0.3361472749929405,0.37806351524557413,BIOCHAR_CS_CA_LA_OA,3.1,1.853,104900.0,6.49,0.977,180.0,literature_core_properties_plus_screening_assumptions
17.89502451,33.39743889,985.77880772,9.99902724,12.0,18.42284571,10631.35322069,40.0,17.895024509821283,33.397438885583725,985.7788077209071,6111.788765036978,True,,2.4010660126805307e-13,0,0.41788698646625894,0.37634655077061685,BIOCHAR_CS_CA_LA_OA,3.1,1.853,104900.0,6.49,0.977,180.0,literature_core_properties_plus_screening_assumptions
16.26605002,34.8440706,1000.0,9.98970349,11.20595264,18.66738406,12000.0,39.99638671,16.2660500166728,34.84407059610509,1000.0,5990.938445906258,True,,7.457856554538012e-14,0,0.4017831815243575,0.37810431703688463,BIOCHAR_CS_CA_LA_OA,3.1,1.853,104900.0,6.49,0.977,180.0,literature_core_properties_plus_screening_assumptions
14.29359277,29.98549867,994.67455267,9.93439786,11.58069827,19.92954321,10865.27642705,40.0,14.293592771049594,29.985498674447122,994.6745526725578,6063.915795182981,True,,7.09405867382884e-14,0,0.2688235972657622,0.3774519660493081,BIOCHAR_CS_CA_LA_OA,3.1,1.853,104900.0,6.49,0.977,180.0,literature_core_properties_plus_screening_assumptions
16.26687529,34.26544771,963.29764265,9.98970349,11.20595264,19.94543549,12000.0,38.33828157,16.266875289776802,34.26544770799097,963.2976426516266,5961.691116339645,True,,7.275957614183426e-14,0,0.3932376167653411,0.37346201098849663,BIOCHAR_CS_CA_LA_OA,3.1,1.853,104900.0,6.49,0.977,180.0,literature_core_properties_plus_screening_assumptions
14.83793274,28.82618456,998.8890043,10.0,11.78258462,19.93531497,10846.952509,40.0,14.837932744803538,28.826184557080307,998.8890043004299,6015.949982851468,True,,1.0550138540565968e-13,0,0.28784647639619665,0.3779687974242475,BIOCHAR_CS_CA_LA_OA,3.1,1.853,104900.0,6.49,0.977,180.0,literature_core_properties_plus_screening_assumptions
16.09707054,33.05448876,986.38974708,10.0,11.67056912,16.60435169,11776.46324482,39.92480069,16.097070537018748,33.054488761515756,986.3897470755813,5981.947837865433,True,,8.549250196665525e-14,0,0.371364343906629,0.3764231055255164,BIOCHAR_CS_CA_LA_OA,3.1,1.853,104900.0,6.49,0.977,180.0,literature_core_properties_plus_screening_assumptions
16.03401029,29.98631772,1000.0,9.99898361,11.99992088,18.37039812,11999.90624243,40.0,16.034010286896077,29.98631771565156,1000.0,5970.987366812718,True,,6.730260793119669e-14,0,0.3132593883846488,0.37810431703688474,BIOCHAR_CS_CA_LA_OA,3.1,1.853,104900.0,6.49,0.977,180.0,literature_core_properties_plus_screening_assumptions
18.28300584,32.986063,623.21254505,10.0,12.0,17.97654555,5289.30464064,39.93085893,18.28300583599173,32.98606300242391,623.2125450502706,6348.228292076154,True,,8.549250196665525e-14,0,0.44959878911791173,0.14227956946626963,BIOCHAR_CS_CA_LA_OA,3.1,1.853,104900.0,6.49,0.977,180.0,literature_core_properties_plus_screening_assumptions
14.29359277,29.83603627,999.88801982,9.93439786,11.26249399,19.92437767,11970.75971277,40.0,14.293592771049594,29.836036274616085,999.8880198178324,5986.449447080055,True,,1.218722900375724e-13,0,0.2744856843970754,0.37809067130002794,BIOCHAR_CS_CA_LA_OA,3.1,1.853,104900.0,6.49,0.977,180.0,literature_core_properties_plus_screening_assumptions
14.92962748,29.04214417,996.92068485,9.99999882,11.55510584,17.95379757,11992.41083909,40.0,14.929627479778784,29.04214417268148,996.9206848544106,5930.201421723875,True,,7.948983693495393e-13,0,0.2873711837493454,0.3777279598799739,BIOCHAR_CS_CA_LA_OA,3.1,1.853,104900.0,6.49,0.977,180.0,literature_core_properties_plus_screening_assumptions
15.01218009,34.66121906,1000.0,9.98982097,11.56284153,19.94282882,12000.0,40.0,15.012180092586323,34.66121905725282,1000.0,5949.513388268672,True,,6.057234713807702e-13,0,0.36940115876113916,0.37810431703688463,BIOCHAR_CS_CA_LA_OA,3.1,1.853,104900.0,6.49,0.977,180.0,literature_core_properties_plus_screening_assumptions
20.06427926,29.98631772,1000.0,9.99898361,10.57778224,18.37039812,12000.0,40.0,20.064279259009673,29.98631771565156,1000.0,6058.571502941769,True,,8.36735125631094e-14,0,0.49033277274699655,0.37810431703688463,BIOCHAR_CS_CA_LA_OA,3.1,1.853,104900.0,6.49,0.977,180.0,literature_core_properties_plus_screening_assumptions
17.98805474,32.92838683,613.83255177,10.0,11.66673531,17.4709914,5289.30464064,39.99999336,17.988054739444998,32.92838682744117,613.8325517676193,6354.517690300775,True,,9.094947017729283e-14,0,0.4459373902583633,0.1320243067955159,BIOCHAR_CS_CA_LA_OA,3.1,1.853,104900.0,6.49,0.977,180.0,literature_core_properties_plus_screening_assumptions
14.75849655,30.87024585,564.52847255,9.69745203,11.97054421,18.046081,11990.01310149,28.69965031,14.758496546610965,30.870245854947566,564.5284725521225,6391.180197686855,True,,1.382431946694851e-13,0,0.2964509564566417,0.16402683341079394,BIOCHAR_CS_CA_LA_OA,3.1,1.853,104900.0,6.49,0.977,180.0,literature_core_properties_plus_screening_assumptions
18.24831767,30.03972517,621.14550452,10.0,11.96109908,19.89841155,5289.30464064,39.99956376,18.24831767372521,30.03972516817443,621.1455045210693,6356.539575670748,True,,9.094947017729283e-14,0,0.4036346464890757,0.1399569731960194,BIOCHAR_CS_CA_LA_OA,3.1,1.853,104900.0,6.49,0.977,180.0,literature_core_properties_plus_screening_assumptions
18.28300584,29.91486443,995.4370925,10.0,11.95841658,16.59335739,11998.3069502,39.99569866,18.28300583599173,29.914864425276125,995.4370925004201,6029.992866930528,True,,1.4006218407303095e-13,0,0.4666981584525627,0.3775458028328098,BIOCHAR_CS_CA_LA_OA,3.1,1.853,104900.0,6.49,0.977,180.0,literature_core_properties_plus_screening_assumptions
16.26605002,27.45318412,1000.0,9.98970349,11.20595264,18.72881833,12000.0,39.89895394,16.2660500166728,27.45318411673548,1000.0,5987.467322954192,True,,7.457856554538012e-14,0,0.3043165491917313,0.37810431703688463,BIOCHAR_CS_CA_LA_OA,3.1,1.853,104900.0,6.49,0.977,180.0,literature_core_properties_plus_screening_assumptions
16.52693723,29.99117168,1000.0,9.99898361,11.99798357,17.69675946,10773.524893,40.0,16.5269372292449,29.991171683962826,1000.0,6075.313980230324,True,,6.366462912410498e-14,0,0.3348613651374153,0.37810431703688485,BIOCHAR_CS_CA_LA_OA,3.1,1.853,104900.0,6.49,0.977,180.0,literature_core_properties_plus_screening_assumptions
16.0,33.05448876,999.98076185,8.99909397,11.67056912,17.52465888,11776.46324482,39.72385554,16.0,33.054488761515756,999.9807618491083,6818.428287278267,True,,5.857145879417658e-13,0,0.3216838372284347,0.37810197292203584,BIOCHAR_CS_CA_LA_OA,3.1,1.853,104900.0,6.49,0.977,180.0,literature_core_properties_plus_screening_assumptions
15.9544182,34.53410673,630.5122733,9.9994878,11.24446546,19.27214649,12000.0,38.78487765,15.954418203316155,34.53410673115869,630.5122732978305,6532.8636237069695,True,,8.913048077374697e-14,0,0.3898220671890501,0.27016004974984253,BIOCHAR_CS_CA_LA_OA,3.1,1.853,104900.0,6.49,0.977,180.0,literature_core_properties_plus_screening_assumptions
14.29359277,29.84089024,999.89800935,9.91855919,11.97293114,19.90146447,11916.40888691,40.0,14.293592771049594,29.840890242927355,999.898009351961,6003.722410326503,True,,3.019522409886122e-13,0,0.27492068401484354,0.37809188873377175,BIOCHAR_CS_CA_LA_OA,3.1,1.853,104900.0,6.49,0.977,180.0,literature_core_properties_plus_screening_assumptions
14.29359277,34.69429778,992.45817715,9.93439786,11.99808999,19.87534988,10865.27642705,38.10054408,14.293592771049594,34.69429777840023,992.4581771475646,6033.427725444499,True,,8.003553375601768e-14,0,0.3154156160113524,0.37717840454356233,BIOCHAR_CS_CA_LA_OA,3.1,1.853,104900.0,6.49,0.977,180.0,literature_core_properties_plus_screening_assumptions
16.26605002,30.43360074,1000.0,9.99985188,11.21643249,19.94282882,11773.62074528,39.99822689,16.2660500166728,30.433600735436507,1000.0,5992.80796327765,True,,3.092281986027956e-13,0,0.3296392500815578,0.3781043170368865,BIOCHAR_CS_CA_LA_OA,3.1,1.853,104900.0,6.49,0.977,180.0,literature_core_properties_plus_screening_assumptions
14.25629108,30.0,849.43796281,9.69560591,11.96817934,19.95054561,11999.96281031,40.0,14.256291083342607,30.0,849.4379628123467,6107.850391145331,True,,2.5283952709287407e-13,0,0.27675159172940145,0.35650903312365045,BIOCHAR_CS_CA_LA_OA,3.1,1.853,104900.0,6.49,0.977,180.0,literature_core_properties_plus_screening_assumptions
16.22778493,34.54567251,765.49245765,9.99793533,11.19104778,17.93041412,4733.64503707,38.2123727,16.227784933634258,34.54567251407275,765.4924576514888,6163.02557340597,True,,5.111360223963857e-13,0,0.4578838442102389,0.23778887640797253,BIOCHAR_CS_CA_LA_OA,3.1,1.853,104900.0,6.49,0.977,180.0,literature_core_properties_plus_screening_assumptions
19.4330803,31.47096834,622.956462,9.90361966,11.99748963,17.50499336,11978.04819584,39.99996377,19.43308030179332,31.470968338459475,622.9564619995552,6696.370832372425,True,,1.3642420526593923e-13,0,0.502838575577311,0.2611332896168669,BIOCHAR_CS_CA_LA_OA,3.1,1.853,104900.0,6.49,0.977,180.0,literature_core_properties_plus_screening_assumptions
16.1086422,33.36611198,1000.0,9.98970349,11.20595264,18.72881833,12000.0,39.89895394,16.1086421979627,33.366111980094104,1000.0,5980.214628882451,True,,7.457856554538012e-14,0,0.3754418492163432,0.37810431703688463,BIOCHAR_CS_CA_LA_OA,3.1,1.853,104900.0,6.49,0.977,180.0,literature_core_properties_plus_screening_assumptions
14.66784069,34.79261263,932.73554297,9.98970349,11.20488934,19.70525797,10924.21406423,39.99991292,14.667840685953939,34.79261263371817,932.7355429658871,6005.169731815349,True,,4.7293724492192266e-14,0,0.3692943909319458,0.3693177088674421,BIOCHAR_CS_CA_LA_OA,3.1,1.853,104900.0,6.49,0.977,180.0,literature_core_properties_plus_screening_assumptions
17.99994775,32.92838683,848.54067912,10.0,11.98954988,17.4709914,5340.84392116,39.99956376,17.999947753823797,32.92838682744117,848.5406791206229,6240.39833774628,True,,1.418811734765768e-13,0,0.44549508246288816,0.35635737411587576,BIOCHAR_CS_CA_LA_OA,3.1,1.853,104900.0,6.49,0.977,180.0,literature_core_properties_plus_screening_assumptions
17.62757105,29.47557444,999.9952182,9.99854664,11.99911016,18.38602648,11918.53971164,40.0,17.627571052812716,29.475574440825802,999.9952181997887,6029.052055878901,True,,6.621121428906917e-13,0,0.3441097435243852,0.37810373439633127,BIOCHAR_CS_CA_LA_OA,3.1,1.853,104900.0,6.49,0.977,180.0,literature_core_properties_plus_screening_assumptions
19.4330803,31.54069389,600.01265401,9.90361966,11.96978851,17.50499336,5381.49181696,39.99996173,19.43308030179332,31.540693891815124,600.0126540066171,6419.623650667345,True,,6.366462912410498e-14,0,0.4388446205748151,0.11903485578021522,BIOCHAR_CS_CA_LA_OA,3.1,1.853,104900.0,6.49,0.977,180.0,literature_core_properties_plus_screening_assumptions
15.37757765,32.986063,998.54737622,10.0,11.99755469,19.9661272,5512.41769519,39.93085893,15.377577652995411,32.98606300242391,998.5473762197298,6295.656860173014,True,,1.4006218407303095e-13,0,0.4113989589775461,0.37792706492478534,BIOCHAR_CS_CA_LA_OA,3.1,1.853,104900.0,6.49,0.977,180.0,literature_core_properties_plus_screening_assumptions
16.27081568,30.0,587.61735451,9.99979037,11.99935529,17.96584147,11999.9496588,39.89989528,16.270815682214124,30.0,587.6173545103304,6611.029217667161,True,,1.3642420526593923e-13,0,0.32001256132683964,0.21711545745637617,BIOCHAR_CS_CA_LA_OA,3.1,1.853,104900.0,6.49,0.977,180.0,literature_core_properties_plus_screening_assumptions
18.49777396,30.00043007,629.07988975,9.99072912,12.0,17.48852498,11967.40633009,39.99956376,18.497773959944197,30.000430072977796,629.0798897504903,6655.99598123,True,,8.003553375601768e-14,0,0.3631457746815487,0.2681944354487392,BIOCHAR_CS_CA_LA_OA,3.1,1.853,104900.0,6.49,0.977,180.0,literature_core_properties_plus_screening_assumptions
14.09778618,30.33911717,968.13439177,9.70785929,11.97371574,17.99194097,11781.42922092,39.65444841,14.097786182449466,30.339117165337683,968.134391774729,6189.594358938279,False,POST_SIM_CONSTRAINT,0.2977644771035084,2.0,0.24103942019685037,0.3740939159430363,BIOCHAR_CS_CA_LA_OA,3.1,1.853,104900.0,6.49,0.977,180.0,literature_core_properties_plus_screening_assumptions
16.41937263,33.32745481,999.60880809,9.98970349,11.97339446,17.92804889,12000.0,39.99790199,16.419372633905517,33.32745481272752,999.6088080887268,6003.289560172006,True,,7.457856554538012e-14,0,0.38247823062701947,0.37805663366826936,BIOCHAR_CS_CA_LA_OA,3.1,1.853,104900.0,6.49,0.977,180.0,literature_core_properties_plus_screening_assumptions
14.13083254,33.3307303,999.89700921,9.99898361,12.0,18.38119171,12000.0,40.0,14.130832540642045,33.33073030336107,999.8970092054067,5944.063592441591,True,,7.639755494892598e-14,0,0.2848476137315855,0.37809176684608303,BIOCHAR_CS_CA_LA_OA,3.1,1.853,104900.0,6.49,0.977,180.0,literature_core_properties_plus_screening_assumptions
16.63810704,30.07725152,990.65834718,9.98970349,11.97784917,18.75919513,11990.79455375,38.19608474,16.63810703628036,30.077251522154203,990.6583471750342,5955.789511262944,True,,1.1459633242338896e-13,0,0.33160661228042176,0.376955355951865,BIOCHAR_CS_CA_LA_OA,3.1,1.853,104900.0,6.49,0.977,180.0,literature_core_properties_plus_screening_assumptions
16.12327844,29.93328919,999.2069742,9.99993668,12.0,19.54286886,12000.0,39.2940829,16.123278440882544,29.933289189279325,999.2069741978944,5964.715169014446,True,,2.2009771782904863e-13,0,0.31465204602907554,0.3780076142644885,BIOCHAR_CS_CA_LA_OA,3.1,1.853,104900.0,6.49,0.977,180.0,literature_core_properties_plus_screening_assumptions
16.26605002,33.29667062,928.8827285,9.98970349,11.20595264,18.87225745,12000.0,39.90049035,16.2660500166728,33.29667062339847,928.8827285029727,5976.616306770093,True,,7.457856554538012e-14,0,0.37821054289740563,0.36877590891981304,BIOCHAR_CS_CA_LA_OA,3.1,1.853,104900.0,6.49,0.977,180.0,literature_core_properties_plus_screening_assumptions
16.52693723,30.07561684,998.08992652,9.71275257,11.99798357,19.1177663,10775.39713253,40.0,16.5269372292449,30.075616841573257,998.0899265198027,6339.524455373388,True,,3.8562575355172156e-13,0,0.33646023282518517,0.37787113920306414,BIOCHAR_CS_CA_LA_OA,3.1,1.853,104900.0,6.49,0.977,180.0,literature_core_properties_plus_screening_assumptions
16.11675737,29.15793124,999.88838907,9.99898361,11.57306091,19.98037831,12000.0,40.0,16.11675737388273,29.157931236594102,999.8883890725745,5979.691219128542,True,,5.093170329928398e-14,0,0.3109585739296537,0.3780907163018761,BIOCHAR_CS_CA_LA_OA,3.1,1.853,104900.0,6.49,0.977,180.0,literature_core_properties_plus_screening_assumptions
16.06599277,33.86844154,988.8721613,9.93439786,11.56912052,18.01830639,10322.68357746,40.0,16.065992773194964,33.868441541493105,988.8721613042325,6139.488602012058,True,,1.218722900375724e-13,0,0.39233079451675973,0.37673319585452336,BIOCHAR_CS_CA_LA_OA,3.1,1.853,104900.0,6.49,0.977,180.0,literature_core_properties_plus_screening_assumptions
18.1859353,29.91486443,630.59158218,10.0,12.0,17.52055115,11720.2021542,39.99991695,18.18593529897298,29.914864425276125,630.5915821788831,6626.782240138004,True,,8.549250196665525e-14,0,0.3590893648271925,0.26754202422322626,BIOCHAR_CS_CA_LA_OA,3.1,1.853,104900.0,6.49,0.977,180.0,literature_core_properties_plus_screening_assumptions
14.27788543,29.99463427,999.70041212,9.93439786,11.99809713,19.90146447,11977.25096384,40.0,14.277885434857346,29.994634268264907,999.7004121177719,5985.25621409848,True,,8.185452315956354e-14,0,0.2773694855930839,0.378067802859146,BIOCHAR_CS_CA_LA_OA,3.1,1.853,104900.0,6.49,0.977,180.0,literature_core_properties_plus_screening_assumptions
14.25629108,30.0,976.66151748,9.70785929,12.0,17.48392941,11999.96281031,40.0,14.256291083342607,30.0,976.6615174780453,6177.595688271051,True,,8.549250196665525e-14,0,0.2767515917294016,0.3751927189990424,BIOCHAR_CS_CA_LA_OA,3.1,1.853,104900.0,6.49,0.977,180.0,literature_core_properties_plus_screening_assumptions
18.32641321,29.12847899,998.18036239,9.66955584,11.75399704,19.94822319,10916.64562386,40.0,18.326413206100398,29.12847899009816,998.1803623877488,6387.10285715966,True,,5.256879376247525e-13,0,0.4604899822220801,0.377882199544858,BIOCHAR_CS_CA_LA_OA,3.1,1.853,104900.0,6.49,0.977,180.0,literature_core_properties_plus_screening_assumptions
16.48635805,30.03971012,581.76735967,9.99980303,11.7071119,18.054564,10172.44735591,40.0,16.486358053318806,30.039710119139936,581.7673596673357,6559.585839439235,True,,3.110471880063415e-13,0,0.3391092967485422,0.18759056285192033,BIOCHAR_CS_CA_LA_OA,3.1,1.853,104900.0,6.49,0.977,180.0,literature_core_properties_plus_screening_assumptions
16.24257722,34.84244768,999.90218467,9.99958158,11.99693466,19.92973996,10850.26323324,39.99987577,16.242577222198534,34.84244767747156,999.9021846702736,6056.172538689245,True,,6.202753866091371e-13,0,0.4076371581135057,0.3780923975764622,BIOCHAR_CS_CA_LA_OA,3.1,1.853,104900.0,6.49,0.977,180.0,literature_core_properties_plus_screening_assumptions
16.0,33.05448876,986.38974708,10.0,11.9956857,17.53154545,11776.46324482,39.99970089,16.0,33.054488761515756,986.3897470755813,5981.971348877913,True,,8.731149137020111e-14,0,0.3689531228964459,0.3764231055255164,BIOCHAR_CS_CA_LA_OA,3.1,1.853,104900.0,6.49,0.977,180.0,literature_core_properties_plus_screening_assumptions
14.22596325,30.00313171,986.45570871,9.99834961,11.60291767,19.52925517,10256.44799913,40.0,14.225963245229492,30.003131713408504,986.4557087093959,6057.323790583246,True,,3.637978807091713e-13,0,0.259606893758279,0.37643136528660825,BIOCHAR_CS_CA_LA_OA,3.1,1.853,104900.0,6.49,0.977,180.0,literature_core_properties_plus_screening_assumptions
16.11103789,30.00470201,998.19110518,9.93439786,11.60020539,17.50260337,10865.27642705,40.0,16.111037891777233,30.00470201108984,998.1911051804191,6102.329554574631,True,,8.185452315956354e-14,0,0.32309389641508274,0.37788351325945546,BIOCHAR_CS_CA_LA_OA,3.1,1.853,104900.0,6.49,0.977,180.0,literature_core_properties_plus_screening_assumptions
16.26605002,34.60822461,625.69562796,9.98970349,11.23179937,17.92775395,11710.82164109,39.93382013,16.2660500166728,34.60822461297776,625.69562796014,6557.587755725781,True,,8.913048077374697e-14,0,0.399865956393343,0.2617406566230752,BIOCHAR_CS_CA_LA_OA,3.1,1.853,104900.0,6.49,0.977,180.0,literature_core_properties_plus_screening_assumptions
14.28511194,30.54276465,939.32324668,9.98970349,11.20488934,19.94270533,10880.14085929,39.9821319,14.285111935610779,30.542764650054746,939.3232466757601,6014.528050244128,True,,6.366462912410498e-14,0,0.2553353323925425,0.37023380891539226,BIOCHAR_CS_CA_LA_OA,3.1,1.853,104900.0,6.49,0.977,180.0,literature_core_properties_plus_screening_assumptions
16.26687529,29.02201788,999.90505397,9.98970349,11.20595264,19.94543549,11303.0721975,40.0,16.266875289776802,29.022017875666293,999.905053967267,6037.803186265539,True,,9.640643838793039e-14,0,0.3169440588299994,0.37809274725292097,BIOCHAR_CS_CA_LA_OA,3.1,1.853,104900.0,6.49,0.977,180.0,literature_core_properties_plus_screening_assumptions
16.26605002,33.29667062,1000.0,9.99379175,11.20595264,18.98556639,12000.0,39.89895394,16.2660500166728,33.29667062339847,1000.0,5987.466296670978,True,,6.821210263296962e-13,0,0.3782106167679263,0.37810431703688463,BIOCHAR_CS_CA_LA_OA,3.1,1.853,104900.0,6.49,0.977,180.0,literature_core_properties_plus_screening_assumptions
16.29046037,34.83041044,999.5231535,9.98970349,11.92838176,19.94282882,12000.0,40.0,16.290460365800254,34.83041044233381,999.5231534980379,5990.257383196447,True,,7.275957614183426e-14,0,0.40215968356918425,0.3780461880353111,BIOCHAR_CS_CA_LA_OA,3.1,1.853,104900.0,6.49,0.977,180.0,literature_core_properties_plus_screening_assumptions
14.34200379,30.33911717,968.13439177,9.72369592,11.99869039,19.19210904,10927.44424951,39.24348821,14.342003786450395,30.339117165337683,968.134391774729,6228.866851379487,True,,5.275069270282983e-13,0,0.25380398590340325,0.3740939159430364,BIOCHAR_CS_CA_LA_OA,3.1,1.853,104900.0,6.49,0.977,180.0,literature_core_properties_plus_screening_assumptions
19.06645492,30.20801792,926.16277957,9.99980929,11.99922887,17.99239329,11990.39317307,39.99983577,19.066454920919973,30.20801791719595,926.162779570405,6049.534552983395,True,,1.255102688446641e-13,0,0.4809551385681448,0.36839070434360566,BIOCHAR_CS_CA_LA_OA,3.1,1.853,104900.0,6.49,0.977,180.0,literature_core_properties_plus_screening_assumptions
18.28300584,32.99439743,630.59158218,9.98960848,12.0,17.48892856,5603.21770009,39.93117997,18.28300583599173,32.994397427371915,630.5915821788831,6369.9419155601445,True,,3.5834091249853374e-13,0,0.446433151493267,0.1585043344667223,BIOCHAR_CS_CA_LA_OA,3.1,1.853,104900.0,6.49,0.977,180.0,literature_core_properties_plus_screening_assumptions
14.31766918,30.94150959,991.31249517,9.99865273,11.99981228,16.16581562,10922.63749018,40.0,14.31766918274992,30.94150958763725,991.3124951688416,6011.522103108993,True,,3.4015101846307516e-13,0,0.2618507532337419,0.37703651658803405,BIOCHAR_CS_CA_LA_OA,3.1,1.853,104900.0,6.49,0.977,180.0,literature_core_properties_plus_screening_assumptions
19.3963166,32.96300451,999.92947916,9.90348095,11.51825452,17.97626385,11965.93364214,39.97029889,19.396316597861457,32.963004505583314,999.9294791645086,6124.778425158323,True,,1.8189894035458566e-13,0,0.5210984793613449,0.3780957238299215,BIOCHAR_CS_CA_LA_OA,3.1,1.853,104900.0,6.49,0.977,180.0,literature_core_properties_plus_screening_assumptions
14.29359277,30.06435982,969.50462427,9.93439786,11.97030046,19.90146447,5012.63131803,39.9992518,14.293592771049594,30.064359821620517,969.504624272255,6212.798612849234,True,,1.291482476517558e-13,0,0.28304084586550154,0.30716887069062204,BIOCHAR_CS_CA_LA_OA,3.1,1.853,104900.0,6.49,0.977,180.0,literature_core_properties_plus_screening_assumptions
16.27416519,34.83018768,963.67526975,9.66904372,11.57306091,19.70595091,12000.0,40.0,16.27416519259283,34.83018767700597,963.6752697453037,6273.475103559949,True,,7.421476766467094e-13,0,0.4017722734615183,0.3735115748818061,BIOCHAR_CS_CA_LA_OA,3.1,1.853,104900.0,6.49,0.977,180.0,literature_core_properties_plus_screening_assumptions
18.24831767,30.03972517,612.79255035,10.0,12.0,17.48852498,11851.89877286,39.99956376,18.24831767372521,30.03972516817443,612.7925503458956,6667.454610903763,True,,1.3096723705530166e-13,0,0.3616117586618198,0.24768305327468987,BIOCHAR_CS_CA_LA_OA,3.1,1.853,104900.0,6.49,0.977,180.0,literature_core_properties_plus_screening_assumptions
16.52037759,29.77869978,958.28196242,9.99898361,11.99798137,18.38969031,10793.51468058,40.0,16.520377594514564,29.778699778882444,958.2819624183707,6083.579592237316,True,,7.457856554538012e-14,0,0.33044156360393717,0.3727999950417943,BIOCHAR_CS_CA_LA_OA,3.1,1.853,104900.0,6.49,0.977,180.0,literature_core_properties_plus_screening_assumptions
14.59515115,29.49445742,999.89053443,9.98970349,11.20488934,19.94285367,10925.2240182,39.92863881,14.59515115313521,29.494457422113562,999.8905344333151,6005.409222834553,True,,6.366462912410498e-14,0,0.282458520287525,0.37809097776082756,BIOCHAR_CS_CA_LA_OA,3.1,1.853,104900.0,6.49,0.977,180.0,literature_core_properties_plus_screening_assumptions
13.86119579,33.3307303,986.39541209,9.93306678,11.98412949,18.42339271,11920.82910057,39.00033274,13.86119579418014,33.33073030336107,986.3954120920349,5969.838832781287,False,POST_SIM_CONSTRAINT,17.757357947515448,16.0,0.2,0.37642381494611377,BIOCHAR_CS_CA_LA_OA,3.1,1.853,104900.0,6.49,0.977,180.0,literature_core_properties_plus_screening_assumptions
14.31766918,30.03681241,996.38306214,10.0,11.99868814,20.0,5294.6871078,39.96899806,14.31766918274992,30.03681241346444,996.3830621350736,6236.683290693483,True,,1.3278622645884751e-13,0,0.2742106566809083,0.337809444766039,BIOCHAR_CS_CA_LA_OA,3.1,1.853,104900.0,6.49,0.977,180.0,literature_core_properties_plus_screening_assumptions
16.02486259,29.99117168,999.87296868,9.99898361,11.99936268,17.93382165,11935.12509181,40.0,16.024862585434164,29.991171683962826,999.872968677201,5975.282797164609,True,,9.822542779147625e-14,0,0.3134975503762433,0.3780888369577088,BIOCHAR_CS_CA_LA_OA,3.1,1.853,104900.0,6.49,0.977,180.0,literature_core_properties_plus_screening_assumptions
18.35569537,34.68668141,630.59158218,10.0,12.0,16.59335739,11720.2021542,39.9995616,18.35569536880776,34.68668141003733,630.5915821788831,6640.245913025115,True,,8.185452315956354e-14,0,0.43705081783833494,0.26754202422322626,BIOCHAR_CS_CA_LA_OA,3.1,1.853,104900.0,6.49,0.977,180.0,literature_core_properties_plus_screening_assumptions
21.51195953,34.71250962,993.80222345,9.99999551,12.0,16.59335739,11720.2021542,39.9995616,21.511959533519217,34.712509616892774,993.8022234489922,6109.353972535023,True,,1.7280399333685637e-13,0,0.5649792095596748,0.3773444422605935,BIOCHAR_CS_CA_LA_OA,3.1,1.853,104900.0,6.49,0.977,180.0,literature_core_properties_plus_screening_assumptions
16.26675402,29.76382174,958.28196242,9.99903387,11.17522443,18.3815901,11979.05038401,39.99997032,16.26675401661939,29.76382173888876,958.2819624183707,5989.916044830228,True,,1.4915713109076024e-13,0,0.31535322610099353,0.37279999504179406,BIOCHAR_CS_CA_LA_OA,3.1,1.853,104900.0,6.49,0.977,180.0,literature_core_properties_plus_screening_assumptions
18.27817185,32.986063,605.46104258,10.0,11.53991563,19.81662951,5109.50019407,39.93107991,18.2781718456139,32.98606300242391,605.4610425788646,6361.080195867739,True,,1.255102688446641e-13,0,0.4515538161788377,0.11812599709305083,BIOCHAR_CS_CA_LA_OA,3.1,1.853,104900.0,6.49,0.977,180.0,literature_core_properties_plus_screening_assumptions
16.1086422,33.36611198,1000.0,9.98970349,11.20595264,17.1643994,12000.0,39.87774528,16.1086421979627,33.366111980094104,1000.0,5980.081725153204,True,,7.457856554538012e-14,0,0.37544184962322685,0.37810431703688463,BIOCHAR_CS_CA_LA_OA,3.1,1.853,104900.0,6.49,0.977,180.0,literature_core_properties_plus_screening_assumptions
16.01830295,33.60900448,985.27660193,9.93299216,11.9859222,19.96747641,12000.0,40.0,16.018302950703827,33.60900447845545,985.2766019283871,6019.027624307467,True,,6.784830475226045e-13,0,0.3770909657582197,0.37628354998593416,BIOCHAR_CS_CA_LA_OA,3.1,1.853,104900.0,6.49,0.977,180.0,literature_core_properties_plus_screening_assumptions
15.98554586,33.28880514,929.92891636,9.67001915,11.32257038,17.53154545,11932.0001856,40.0,15.985545857979512,33.28880513916745,929.9289163550661,6249.471954022659,True,,3.601599019020796e-13,0,0.37153742824866764,0.3689234723438328,BIOCHAR_CS_CA_LA_OA,3.1,1.853,104900.0,6.49,0.977,180.0,literature_core_properties_plus_screening_assumptions
16.51989082,34.18489351,999.35453478,9.98937283,11.9995836,17.750358,10711.093594,38.33828157,16.519890816731692,34.18489351122889,999.3545347818499,6071.769577328894,True,,6.83940015733242e-13,0,0.40551707334309334,0.37802561964351467,BIOCHAR_CS_CA_LA_OA,3.1,1.853,104900.0,6.49,0.977,180.0,literature_core_properties_plus_screening_assumptions
16.10729674,33.09882942,999.16653966,10.0,11.19214615,19.80843818,11776.46324482,39.99958107,16.107296744141557,33.098829415489185,999.1665396602253,5988.862371387754,True,,8.549250196665525e-14,0,0.3723382921064372,0.3780026795042586,BIOCHAR_CS_CA_LA_OA,3.1,1.853,104900.0,6.49,0.977,180.0,literature_core_properties_plus_screening_assumptions
16.0,33.05448876,603.63854336,9.68964387,11.97118552,18.44582229,11781.81859173,28.10200513,16.0,33.054488761515756,603.6385433581672,6443.206411447156,True,,1.6552803572267293e-13,0,0.36892387100099266,0.23940207122574397,BIOCHAR_CS_CA_LA_OA,3.1,1.853,104900.0,6.49,0.977,180.0,literature_core_properties_plus_screening_assumptions
14.59515115,29.48407377,999.89053443,9.99891445,11.19615661,19.94319077,10983.67946826,39.93079027,14.59515115313521,29.48407377092975,999.8905344333151,5995.140647722018,True,,6.184563972055912e-13,0,0.2818271371217533,0.37809097776082756,BIOCHAR_CS_CA_LA_OA,3.1,1.853,104900.0,6.49,0.977,180.0,literature_core_properties_plus_screening_assumptions
14.66784069,34.79261263,932.73554297,9.98952095,11.95062752,17.49196776,5585.14403295,39.99921916,14.667840685953939,34.79261263371817,932.7355429658871,6242.316727544609,True,,3.5288394428789617e-13,0,0.3606565197218591,0.3183121128635249,BIOCHAR_CS_CA_LA_OA,3.1,1.853,104900.0,6.49,0.977,180.0,literature_core_properties_plus_screening_assumptions
13.64670725,29.98415342,990.51865904,9.99291018,11.5726376,18.75919513,10832.75298986,39.99943587,13.646707245716975,29.9841534165413,990.5186590369804,5988.154458006257,False,POST_SIM_CONSTRAINT,1.2022726083576671,8.0,0.2,0.3769380108549737,BIOCHAR_CS_CA_LA_OA,3.1,1.853,104900.0,6.49,0.977,180.0,literature_core_properties_plus_screening_assumptions
16.11040838,30.00043007,567.45450993,9.88360409,12.0,17.45474627,11967.40633009,39.99956376,16.110408381592187,30.000430072977796,567.4545099312618,6653.68898016943,True,,1.2369127944111825e-13,0,0.31582761841793794,0.18908011528742552,BIOCHAR_CS_CA_LA_OA,3.1,1.853,104900.0,6.49,0.977,180.0,literature_core_properties_plus_screening_assumptions
14.29359277,29.99463427,587.04558128,9.93439786,11.99926064,19.92675477,11978.6126342,40.0,14.293592771049594,29.994634268264907,587.0455812755899,6503.423099235415,True,,8.549250196665525e-14,0,0.2777931985762525,0.15323415257932804,BIOCHAR_CS_CA_LA_OA,3.1,1.853,104900.0,6.49,0.977,180.0,literature_core_properties_plus_screening_assumptions
12.1765404,30.06994383,998.1593245,9.92022239,11.56002653,17.90964675,10865.27642705,40.0,12.176540402200215,30.069943832057557,998.1593244986586,6043.4534325765235,False,POST_SIM_CONSTRAINT,110.34542146040391,42.0,0.2,0.10504999986231423,BIOCHAR_CS_CA_LA_OA,3.1,1.853,104900.0,6.49,0.977,180.0,literature_core_properties_plus_screening_assumptions
14.28326553,33.45779761,939.32324668,9.9899022,11.32167142,19.94270533,10728.96700579,39.98179919,14.283265526657276,33.457797605282565,939.3232466757601,6028.366873589587,True,,1.7280399333685637e-13,0,0.29736516303430754,0.37023380891539226,BIOCHAR_CS_CA_LA_OA,3.1,1.853,104900.0,6.49,0.977,180.0,literature_core_properties_plus_screening_assumptions
14.2937905,30.56291131,999.1532682,9.43662673,11.99805751,19.96165477,10865.33552258,39.98217001,14.293790503526147,30.562911309767696,999.153268203433,6551.31729753213,True,,7.73070496506989e-13,0,0.24937805616502373,0.3780010597262231,BIOCHAR_CS_CA_LA_OA,3.1,1.853,104900.0,6.49,0.977,180.0,literature_core_properties_plus_screening_assumptions
16.41937263,33.32745481,999.61086656,9.98970349,11.97339446,17.92804889,11999.86839537,39.9978856,16.419372633905517,33.32745481272752,999.6108665618546,6003.284871973731,True,,1.218722900375724e-13,0,0.3824789446812806,0.3780568846783865,BIOCHAR_CS_CA_LA_OA,3.1,1.853,104900.0,6.49,0.977,180.0,literature_core_properties_plus_screening_assumptions
16.24068877,34.8440706,979.90300838,9.90302355,11.20595264,17.20207054,12000.0,38.653749,16.24068876874665,34.84407059610509,979.903008382657,6045.135601490667,True,,2.1827872842550277e-13,0,0.40118557092117146,0.3756054022137265,BIOCHAR_CS_CA_LA_OA,3.1,1.853,104900.0,6.49,0.977,180.0,literature_core_properties_plus_screening_assumptions
16.25802274,27.45318412,999.99666831,9.98970349,11.20488878,18.72881833,10960.1587836,39.895429,16.258022744804805,27.45318411673548,999.9966683089984,6060.311235761619,True,,8.731149137020111e-14,0,0.3113927365444704,0.37810391108611496,BIOCHAR_CS_CA_LA_OA,3.1,1.853,104900.0,6.49,0.977,180.0,literature_core_properties_plus_screening_assumptions
18.42346969,31.54069389,999.55873404,9.90361966,11.96978851,17.50499336,5381.49181696,39.99945989,18.42346969033756,31.540693891815124,999.5587340420882,6463.450261633932,True,,7.639755494892598e-14,0,0.4286744289569796,0.3780505273230439,BIOCHAR_CS_CA_LA_OA,3.1,1.853,104900.0,6.49,0.977,180.0,literature_core_properties_plus_screening_assumptions
16.01830295,29.5234931,989.69168115,9.99898361,12.0,18.37039812,10987.45400237,40.0,16.018302950703827,29.523493104707633,989.6916811539205,6048.71543125627,True,,8.36735125631094e-14,0,0.3222452077262335,0.37683522463350316,BIOCHAR_CS_CA_LA_OA,3.1,1.853,104900.0,6.49,0.977,180.0,literature_core_properties_plus_screening_assumptions
16.49926499,30.00470201,998.14343462,9.99781777,11.99178011,19.80014755,10866.86899018,40.0,16.499264988468955,30.00470201108984,998.1434346212799,6070.141237937385,True,,5.784386303275824e-13,0,0.3337068603983919,0.3778776835066734,BIOCHAR_CS_CA_LA_OA,3.1,1.853,104900.0,6.49,0.977,180.0,literature_core_properties_plus_screening_assumptions
14.60493902,34.79337018,932.73554297,9.94731824,11.25538716,19.70525797,10924.21406423,39.99995093,14.60493901607002,34.79337018058746,932.7355429658871,6043.61230007066,True,,4.347384674474597e-13,0,0.3678149367473366,0.3693177088674421,BIOCHAR_CS_CA_LA_OA,3.1,1.853,104900.0,6.49,0.977,180.0,literature_core_properties_plus_screening_assumptions
16.26605002,29.88422488,992.43601056,9.98970349,11.20595264,18.72881833,12000.0,39.89895394,16.2660500166728,29.88422488484593,992.4360105635745,5988.394572510159,True,,7.457856554538012e-14,0,0.3175988442034792,0.3771756624107041,BIOCHAR_CS_CA_LA_OA,3.1,1.853,104900.0,6.49,0.977,180.0,literature_core_properties_plus_screening_assumptions
18.34106185,34.90351636,957.05814156,9.2232475,11.57306091,19.71720603,5290.83267085,39.99974537,18.34106185482181,34.9035163550083,957.0581415570938,6722.937939415863,True,,4.147295840084553e-13,0,0.4756516066296783,0.3726374111888334,BIOCHAR_CS_CA_LA_OA,3.1,1.853,104900.0,6.49,0.977,180.0,literature_core_properties_plus_screening_assumptions
14.67747175,34.8440706,999.89053443,9.98970349,11.96523621,18.39797288,11984.78430219,38.87525823,14.677471754980248,34.84407059610509,999.8905344333151,5910.383435149641,True,,8.913048077374697e-14,0,0.3644080472859793,0.3780909777608278,BIOCHAR_CS_CA_LA_OA,3.1,1.853,104900.0,6.49,0.977,180.0,literature_core_properties_plus_screening_assumptions
18.52366187,29.98549867,994.67455267,9.98511254,11.9940901,19.92954321,10847.27955493,40.0,18.523661870844187,29.985498674447122,994.6745526725578,6114.145985338504,True,,5.384208634495735e-13,0,0.4763256633890553,0.3774519660493081,BIOCHAR_CS_CA_LA_OA,3.1,1.853,104900.0,6.49,0.977,180.0,literature_core_properties_plus_screening_assumptions
16.41937263,33.3001989,999.99076181,9.98970349,11.98376065,17.9891291,11994.36217765,39.92328577,16.419372633905517,33.30019889542186,999.9907618126813,6002.525240020872,True,,7.639755494892598e-14,0,0.38207789275595594,0.37810319140086324,BIOCHAR_CS_CA_LA_OA,3.1,1.853,104900.0,6.49,0.977,180.0,literature_core_properties_plus_screening_assumptions
18.1859353,29.91486443,997.0294149,10.0,12.0,17.43616257,11720.2021542,39.99998719,18.18593529897298,29.914864425276125,997.0294148967716,6030.874987631759,True,,9.458744898438453e-14,0,0.46672942618663776,0.3777412885583171,BIOCHAR_CS_CA_LA_OA,3.1,1.853,104900.0,6.49,0.977,180.0,literature_core_properties_plus_screening_assumptions
14.25629108,33.34021504,929.79468461,9.70573287,11.97371574,18.00821156,11999.96281031,28.69965031,14.256291083342607,33.340215042112916,929.7946846063576,5887.966447200747,True,,7.657945388928055e-13,0,0.3118377971407751,0.36890455769341823,BIOCHAR_CS_CA_LA_OA,3.1,1.853,104900.0,6.49,0.977,180.0,literature_core_properties_plus_screening_assumptions
14.34978117,30.07995507,998.1593245,9.99629836,11.55689476,19.92954321,10860.34759345,40.0,14.349781168303645,30.079955074788533,998.1593244986586,6008.938564136606,True,,2.2737367544323206e-13,0,0.28171228630080236,0.3778796267816579,BIOCHAR_CS_CA_LA_OA,3.1,1.853,104900.0,6.49,0.977,180.0,literature_core_properties_plus_screening_assumptions
13.51339977,29.9851049,928.45875882,9.9902592,11.20488934,18.44254433,11405.30022452,39.98157681,13.51339976515515,29.98510490135457,928.4587588221387,5942.015291291777,False,POST_SIM_CONSTRAINT,1.5881170328897989,10.0,0.20000000000000004,0.3687160139048694,BIOCHAR_CS_CA_LA_OA,3.1,1.853,104900.0,6.49,0.977,180.0,literature_core_properties_plus_screening_assumptions
12.87130242,28.50416954,600.01265401,9.9994887,11.96978851,17.50499336,5477.02840245,36.2104851,12.871302419645609,28.504169543170782,600.0126540066171,6243.634374924241,False,POST_SIM_CONSTRAINT,5.129550117999315e-13,0,0.2809227287484855,0.12769352783743404,BIOCHAR_CS_CA_LA_OA,3.1,1.853,104900.0,6.49,0.977,180.0,literature_core_properties_plus_screening_assumptions
16.62194112,30.93683173,587.61735451,9.99980929,11.99935529,17.95446856,11960.52442306,40.0,16.621941119002077,30.936831732085473,587.6173545103304,6632.250498882425,True,,8.003553375601768e-14,0,0.3473983177558814,0.21671315799169943,BIOCHAR_CS_CA_LA_OA,3.1,1.853,104900.0,6.49,0.977,180.0,literature_core_properties_plus_screening_assumptions
16.51185521,29.77869978,975.49060439,9.77591117,11.9954607,18.38969031,10793.51468058,40.0,16.511855209826752,29.778699778882444,975.4906043918122,6278.99762731864,True,,2.4010660126805307e-13,0,0.33020660315084954,0.37504297279524956,BIOCHAR_CS_CA_LA_OA,3.1,1.853,104900.0,6.49,0.977,180.0,literature_core_properties_plus_screening_assumptions
14.29359277,34.69429778,999.68445474,9.93439786,11.99808999,19.87534988,10831.76866217,38.10054408,14.293592771049594,34.69429777840023,999.6844547400623,6048.480858593883,True,,1.3096723705530166e-13,0,0.31546797199851606,0.37806585733864684,BIOCHAR_CS_CA_LA_OA,3.1,1.853,104900.0,6.49,0.977,180.0,literature_core_properties_plus_screening_assumptions
14.28511194,30.54276465,998.92490584,9.98970349,11.92526532,19.94270533,10871.99884878,39.9821319,14.285111935610779,30.542764650054746,998.9249058431506,6018.742126656087,True,,8.36735125631094e-14,0,0.25907953322015514,0.3779731814172089,BIOCHAR_CS_CA_LA_OA,3.1,1.853,104900.0,6.49,0.977,180.0,literature_core_properties_plus_screening_assumptions
16.52693723,29.94968071,628.58987182,9.99893962,11.99798357,18.37039812,10775.39713253,40.0,16.5269372292449,29.949680712165414,628.5898718163498,6530.899740500431,True,,9.094947017729283e-14,0,0.3340531769715872,0.2551335464119513,BIOCHAR_CS_CA_LA_OA,3.1,1.853,104900.0,6.49,0.977,180.0,literature_core_properties_plus_screening_assumptions
16.51967359,34.58566626,999.99730518,9.74054197,11.99631032,17.99693437,10792.92579442,39.88664327,16.519673594567973,34.5856662598882,999.9973051786922,6299.652373447854,True,,1.7462298274040223e-13,0,0.4108426035499284,0.3781039886858807,BIOCHAR_CS_CA_LA_OA,3.1,1.853,104900.0,6.49,0.977,180.0,literature_core_properties_plus_screening_assumptions
16.12159136,34.90351636,977.44933645,9.99898361,11.99932146,17.3524426,11949.14450071,39.99832271,16.121591364260563,34.9035163550083,977.4493364530105,5987.112565186704,True,,6.184563972055912e-14,0,0.39951311432250747,0.37529327009422186,BIOCHAR_CS_CA_LA_OA,3.1,1.853,104900.0,6.49,0.977,180.0,literature_core_properties_plus_screening_assumptions
16.3802055,29.02201788,999.90505397,9.99345731,11.20595264,19.98166574,12000.0,40.0,16.380205495454376,29.022017875666293,999.905053967267,6001.635481377321,True,,4.329194780439138e-13,0,0.3156110913673171,0.3780927472529212,BIOCHAR_CS_CA_LA_OA,3.1,1.853,104900.0,6.49,0.977,180.0,literature_core_properties_plus_screening_assumptions
16.11103789,33.33487819,988.8721613,9.99906444,11.57428327,18.28980755,10865.27642705,40.0,16.111037891777233,33.334878192139,988.8721613042325,6050.900869647394,True,,1.1459633242338896e-13,0,0.3816276204572416,0.37673319585452336,BIOCHAR_CS_CA_LA_OA,3.1,1.853,104900.0,6.49,0.977,180.0,literature_core_properties_plus_screening_assumptions
16.28050416,33.06235425,985.34180214,9.99991746,11.66563448,18.07286856,12000.0,38.91381648,16.28050415869329,33.062354245746775,985.3418021396984,5960.948782362507,True,,2.0190782379359007e-13,0,0.3748077185398404,0.376291732857459,BIOCHAR_CS_CA_LA_OA,3.1,1.853,104900.0,6.49,0.977,180.0,literature_core_properties_plus_screening_assumptions
16.0244429,30.07115553,963.14017737,9.99972696,10.97588842,19.87412412,11998.20935798,40.0,16.024442896518124,30.071155533717654,963.1401773726496,5963.781081206273,True,,1.218722900375724e-13,0,0.314689080232366,0.3734413320527368,BIOCHAR_CS_CA_LA_OA,3.1,1.853,104900.0,6.49,0.977,180.0,literature_core_properties_plus_screening_assumptions
16.25664908,34.7844376,986.67697206,9.98970349,11.61910471,16.70529638,12000.0,39.92208952,16.256649082653993,34.78443759536072,986.6769720646771,5987.441719080948,True,,8.36735125631094e-14,0,0.4006916914892688,0.3764590639738131,BIOCHAR_CS_CA_LA_OA,3.1,1.853,104900.0,6.49,0.977,180.0,literature_core_properties_plus_screening_assumptions
14.25629108,30.0,953.71267447,9.99933534,11.67273117,17.98895019,11996.82747411,39.96288835,14.256291083342607,30.0,953.7126744709861,5936.518513237086,True,,2.8194335754960775e-13,0,0.27677049961352856,0.3721908395124649,BIOCHAR_CS_CA_LA_OA,3.1,1.853,104900.0,6.49,0.977,180.0,literature_core_properties_plus_screening_assumptions
16.11675737,29.16831489,999.88838907,9.98976658,11.58179364,19.9800412,11921.23938144,39.99642702,16.11675737388273,29.168314887777914,999.8883890725745,5986.816564470884,True,,3.92901711165905e-13,0,0.311662016157597,0.37809071630187563,BIOCHAR_CS_CA_LA_OA,3.1,1.853,104900.0,6.49,0.977,180.0,literature_core_properties_plus_screening_assumptions
19.4330803,31.54069389,600.01265401,9.90375853,11.22039168,19.71718982,10720.14330567,39.99992405,19.43308030179332,31.540693891815124,600.0126540066171,6689.703158129572,True,,3.965396899729967e-13,0,0.5095327616004564,0.2191412459117401,BIOCHAR_CS_CA_LA_OA,3.1,1.853,104900.0,6.49,0.977,180.0,literature_core_properties_plus_screening_assumptions
14.70079761,30.12766931,994.67455267,9.96673481,11.53612897,19.92954321,11717.75680635,40.0,14.700797606991015,30.12766930865506,994.6745526725578,5976.125705678405,True,,1.2732925824820997e-13,0,0.2933254349863137,0.37745196604930786,BIOCHAR_CS_CA_LA_OA,3.1,1.853,104900.0,6.49,0.977,180.0,literature_core_properties_plus_screening_assumptions
18.40566853,33.3307303,1000.0,9.99870525,12.0,18.40417683,12000.0,40.0,18.40566852905583,33.33073030336107,1000.0,6028.312547727401,True,,1.6007106751203536e-13,0,0.5139842358568062,0.37810431703688463,BIOCHAR_CS_CA_LA_OA,3.1,1.853,104900.0,6.49,0.977,180.0,literature_core_properties_plus_screening_assumptions
16.62309791,30.0,954.36890269,9.99980929,11.99815216,17.91111769,11957.6050152,40.0,16.62309790687632,30.0,954.3689026926032,5992.86629676746,True,,9.276845958083867e-14,0,0.3299094235057219,0.37227868325407454,BIOCHAR_CS_CA_LA_OA,3.1,1.853,104900.0,6.49,0.977,180.0,literature_core_properties_plus_screening_assumptions
14.29808681,29.08185429,998.8890043,9.93705764,11.78258462,19.94400389,10304.3596594,40.0,14.298086809012473,29.081854291821415,998.8890043004299,6098.925131850265,True,,3.0740920919924977e-13,0,0.282072268281013,0.37796879742424583,BIOCHAR_CS_CA_LA_OA,3.1,1.853,104900.0,6.49,0.977,180.0,literature_core_properties_plus_screening_assumptions
13.47065792,30.84995545,999.89700921,9.99877901,11.87131405,18.38119171,11999.6159158,39.22966827,13.470657920131055,30.849955450712937,999.8970092054067,5901.796504637901,False,POST_SIM_CONSTRAINT,11.642895747832055,12.0,0.20025041548813796,0.37809176684608325,BIOCHAR_CS_CA_LA_OA,3.1,1.853,104900.0,6.49,0.977,180.0,literature_core_properties_plus_screening_assumptions
14.2849142,29.82074358,930.1254759,9.98970349,11.20488934,19.94270533,10923.49312924,39.99958473,14.284914203134228,29.820743583214405,930.1254758985231,6004.846877037481,True,,9.458744898438453e-14,0,0.26160284105721093,0.3689511597833174,BIOCHAR_CS_CA_LA_OA,3.1,1.853,104900.0,6.49,0.977,180.0,literature_core_properties_plus_screening_assumptions
14.29359277,34.9958601,999.65214564,9.93439786,11.99805751,19.94335993,10661.73966947,39.99996807,14.293592771049594,34.9958601008646,999.6521456404952,6078.533466967945,True,,1.1641532182693482e-13,0,0.3163237028868225,0.3780619180291688,BIOCHAR_CS_CA_LA_OA,3.1,1.853,104900.0,6.49,0.977,180.0,literature_core_properties_plus_screening_assumptions
19.45844155,31.54069389,600.01265401,9.99023464,11.96978851,18.70077302,5381.49181696,39.99996173,19.458441549716813,31.540693891815124,600.0126540066171,6392.472945044747,True,,8.622009772807359e-13,0,0.4390985916923303,0.11903485578021522,BIOCHAR_CS_CA_LA_OA,3.1,1.853,104900.0,6.49,0.977,180.0,literature_core_properties_plus_screening_assumptions
14.67586796,34.8440706,999.8915904,9.98970349,11.20595319,19.94285367,11943.76286623,39.99941522,14.675867957821936,34.84407059610509,999.891590403538,5939.1486543309575,True,,7.275957614183426e-14,0,0.36458404928188476,0.37809110645339616,BIOCHAR_CS_CA_LA_OA,3.1,1.853,104900.0,6.49,0.977,180.0,literature_core_properties_plus_screening_assumptions
16.11675737,29.15793124,563.70794067,9.99924123,11.57306091,19.98037831,12000.0,40.0,16.11675737388273,29.157931236594102,563.7079406709313,6640.498473385124,True,,2.6921043172478675e-13,0,0.3109593614529177,0.18406149994382426,BIOCHAR_CS_CA_LA_OA,3.1,1.853,104900.0,6.49,0.977,180.0,literature_core_properties_plus_screening_assumptions
16.52693723,29.99117168,1000.0,9.99898361,11.77069378,18.37039812,10775.39713253,40.0,16.5269372292449,29.991171683962826,1000.0,6075.372833312739,True,,6.002665031701327e-14,0,0.33484811601700915,0.3781043170368841,BIOCHAR_CS_CA_LA_OA,3.1,1.853,104900.0,6.49,0.977,180.0,literature_core_properties_plus_screening_assumptions
14.59515115,29.13252397,999.89396274,9.98970349,11.20488934,19.65909769,11917.6248752,39.92863881,14.59515115313521,29.132523965869566,999.8939627401842,5948.321642108286,True,,7.457856554538012e-14,0,0.2803120377642438,0.37809139557238913,BIOCHAR_CS_CA_LA_OA,3.1,1.853,104900.0,6.49,0.977,180.0,literature_core_properties_plus_screening_assumptions
16.13871013,29.99117168,999.9860769,9.93484909,11.56773818,17.81323934,10771.93232987,40.0,16.138710132553182,29.991171683962826,999.986076904634,6118.469685289874,True,,4.547473508864641e-13,0,0.3242437569981218,0.37810262055569066,BIOCHAR_CS_CA_LA_OA,3.1,1.853,104900.0,6.49,0.977,180.0,literature_core_properties_plus_screening_assumptions
16.35336204,34.8296529,999.5231535,9.98970349,11.8773363,19.97838329,12000.0,39.9999963,16.35336203568417,34.82965289546452,999.5231534980379,6002.422560505178,True,,7.639755494892598e-14,0,0.40363149395950726,0.3780461880353111,BIOCHAR_CS_CA_LA_OA,3.1,1.853,104900.0,6.49,0.977,180.0,literature_core_properties_plus_screening_assumptions
16.26605002,34.60822461,999.99171484,9.98970349,11.20595264,17.92775395,12000.0,40.0,16.2660500166728,34.60822461297776,999.9917148397816,5990.963735529711,True,,7.275957614183426e-14,0,0.3983265406130531,0.3781033075243503,BIOCHAR_CS_CA_LA_OA,3.1,1.853,104900.0,6.49,0.977,180.0,literature_core_properties_plus_screening_assumptions
16.12332721,32.986063,629.59526586,9.99897712,12.0,17.96491785,11856.30540934,39.92746095,16.12332720963667,32.98606300242391,629.5952658562221,6553.6981880933845,True,,4.18367562815547e-13,0,0.3704554438572739,0.26772184923386666,BIOCHAR_CS_CA_LA_OA,3.1,1.853,104900.0,6.49,0.977,180.0,literature_core_properties_plus_screening_assumptions
14.12120147,33.3307303,999.89700921,9.99898361,11.22359097,19.91770749,10914.87059417,40.0,14.121201471615736,33.33073030336107,999.8970092054067,6001.715578320507,True,,7.457856554538012e-14,0,0.2726741296433345,0.3780917668460839,BIOCHAR_CS_CA_LA_OA,3.1,1.853,104900.0,6.49,0.977,180.0,literature_core_properties_plus_screening_assumptions
14.26770486,30.00043007,686.25625599,9.99072912,11.87618264,17.48852498,11971.92488668,39.99956376,14.267704860134309,30.000430072977796,686.2562559897868,6374.672484171819,True,,6.730260793119669e-14,0,0.2772438167096234,0.27344124274897963,BIOCHAR_CS_CA_LA_OA,3.1,1.853,104900.0,6.49,0.977,180.0,literature_core_properties_plus_screening_assumptions
16.09707054,33.05096049,986.03104513,10.0,11.67056912,16.60435169,11777.40226606,39.90213089,16.097070537018748,33.05096048949237,986.0310451317968,5979.013334672006,True,,1.1823431123048067e-13,0,0.3713016644601068,0.37637816928512247,BIOCHAR_CS_CA_LA_OA,3.1,1.853,104900.0,6.49,0.977,180.0,literature_core_properties_plus_screening_assumptions
14.50619456,30.12632405,608.92432175,9.98970349,11.99299148,18.8435837,11991.15825122,39.74581823,14.506194555264587,30.12632405074924,608.9243217502096,6481.6646355731855,True,,7.639755494892598e-14,0,0.28629782471685167,0.19671849824520893,BIOCHAR_CS_CA_LA_OA,3.1,1.853,104900.0,6.49,0.977,180.0,literature_core_properties_plus_screening_assumptions
16.26605002,29.84786176,563.99060112,9.98985292,11.20595264,18.85598686,12000.0,39.90049035,16.2660500166728,29.847861759412623,563.9906011186599,6644.355953970732,True,,1.9463186617940664e-13,0,0.31687895371804625,0.18446857054073618,BIOCHAR_CS_CA_LA_OA,3.1,1.853,104900.0,6.49,0.977,180.0,literature_core_properties_plus_screening_assumptions
15.96211455,32.00413086,1000.0,9.99898361,11.99311433,18.37039812,12000.0,40.0,15.962114553449778,32.00413085706034,1000.0,5959.511750232877,True,,8.003553375601768e-14,0,0.3489757748017331,0.37810431703688463,BIOCHAR_CS_CA_LA_OA,3.1,1.853,104900.0,6.49,0.977,180.0,literature_core_properties_plus_screening_assumptions
16.03401029,30.54397746,999.34466298,9.99842248,11.99992088,19.86270299,10845.07288356,39.99990143,16.034010286896077,30.54397746435173,999.3446629844856,6049.143809049748,True,,6.730260793119669e-13,0,0.3315069478123908,0.378024415250249,BIOCHAR_CS_CA_LA_OA,3.1,1.853,104900.0,6.49,0.977,180.0,literature_core_properties_plus_screening_assumptions
19.42280328,31.62176518,1000.0,9.8986406,12.0,18.37039812,11768.22878064,39.99996154,19.42280327998702,31.621765184254187,1000.0,6147.218613267909,True,,6.184563972055912e-14,0,0.5055812744489917,0.37810431703688474,BIOCHAR_CS_CA_LA_OA,3.1,1.853,104900.0,6.49,0.977,180.0,literature_core_properties_plus_screening_assumptions
14.79404441,29.08185429,998.8890043,10.0,11.78258462,18.05389302,10304.3596594,40.0,14.794044414095513,29.081854291821415,998.8890043004299,6052.631646681956,True,,5.820766091346741e-14,0,0.28384157371186375,0.37796879742424583,BIOCHAR_CS_CA_LA_OA,3.1,1.853,104900.0,6.49,0.977,180.0,literature_core_properties_plus_screening_assumptions
16.11956028,30.00470201,998.7716862,9.93439786,11.59333802,19.26822944,10865.27642705,40.0,16.119560276465048,30.00470201108984,998.7716861979063,6104.178266124322,True,,7.457856554538012e-14,0,0.32332711021626137,0.3779544693323261,BIOCHAR_CS_CA_LA_OA,3.1,1.853,104900.0,6.49,0.977,180.0,literature_core_properties_plus_screening_assumptions
18.0,30.0,992.62074028,10.0,12.0,18.42284571,11027.02240206,40.0,18.0,30.0,992.6207402776494,6087.872859769193,True,,1.255102688446641e-13,0,0.3612018033832296,0.37719851078891553,BIOCHAR_CS_CA_LA_OA,3.1,1.853,104900.0,6.49,0.977,180.0,literature_core_properties_plus_screening_assumptions
14.29359277,29.99463427,939.01353361,9.98613925,11.99805751,19.90146447,11974.04782853,40.0,14.293592771049594,29.994634268264907,939.0135336066886,5937.852108659496,True,,3.54702933691442e-13,0,0.277820808130563,0.3701910273813981,BIOCHAR_CS_CA_LA_OA,3.1,1.853,104900.0,6.49,0.977,180.0,literature_core_properties_plus_screening_assumptions
16.26605002,34.57742956,999.99730518,9.98970349,11.20593184,17.98883416,12000.0,39.96650108,16.2660500166728,34.577429557678144,999.9973051786922,5990.753360359709,True,,8.549250196665525e-14,0,0.3978717176353154,0.37810398868587924,BIOCHAR_CS_CA_LA_OA,3.1,1.853,104900.0,6.49,0.977,180.0,literature_core_properties_plus_screening_assumptions
16.20680975,34.68668141,709.37742266,9.99957473,12.0,16.59335739,11720.2021542,39.99999554,16.206809750111667,34.68668141003733,709.3774226601463,6403.234326331201,True,,8.36735125631094e-14,0,0.39956466780957134,0.3281946138851086,BIOCHAR_CS_CA_LA_OA,3.1,1.853,104900.0,6.49,0.977,180.0,literature_core_properties_plus_screening_assumptions
17.06144357,33.29667062,1000.0,9.98970349,11.20915359,18.72881833,11731.21694762,39.89893057,17.061443571894248,33.29667062339847,1000.0,6041.565014782853,True,,8.185452315956354e-14,0,0.3993088930573132,0.3781043170368862,BIOCHAR_CS_CA_LA_OA,3.1,1.853,104900.0,6.49,0.977,180.0,literature_core_properties_plus_screening_assumptions
16.33053417,30.12632405,608.92432175,9.98970349,11.22329887,18.8435837,11990.75165272,39.73866428,16.330534174308024,30.12632405074924,608.9243217502096,6600.156282400052,True,,1.0913936421275138e-13,0,0.3241650852086369,0.2443035820915802,BIOCHAR_CS_CA_LA_OA,3.1,1.853,104900.0,6.49,0.977,180.0,literature_core_properties_plus_screening_assumptions
14.25997722,30.03625885,994.67455267,9.99030557,11.58069827,19.92954321,10865.27642705,40.0,14.259977219490535,30.036258853838937,994.6745526725578,6022.51800157081,True,,1.291482476517558e-13,0,0.26334368412476966,0.3774519660493081,BIOCHAR_CS_CA_LA_OA,3.1,1.853,104900.0,6.49,0.977,180.0,literature_core_properties_plus_screening_assumptions
16.10879198,34.71539232,992.43601056,9.98970349,11.20595264,18.72881833,12000.0,39.99560709,16.10879197820307,34.715392319504446,992.4360105635745,5978.535669074253,True,,7.457856554538012e-14,0,0.39618366344534905,0.3771756624107041,BIOCHAR_CS_CA_LA_OA,3.1,1.853,104900.0,6.49,0.977,180.0,literature_core_properties_plus_screening_assumptions
16.11171867,30.00470201,998.19110518,9.93439786,11.56912052,19.92954321,10785.91145103,40.0,16.11171867450768,30.00470201108984,998.1911051804191,6114.188167764695,True,,8.185452315956354e-14,0,0.32367001593120626,0.37788351325945746,BIOCHAR_CS_CA_LA_OA,3.1,1.853,104900.0,6.49,0.977,180.0,literature_core_properties_plus_screening_assumptions
16.41937263,34.83553976,999.60880809,9.98970349,11.97347656,17.92804889,11949.46819637,39.99790199,16.419372633905517,34.83553976225749,999.6088080887268,6004.88049003961,True,,1.1095835361629724e-13,0,0.40553589322376116,0.37805663366826936,BIOCHAR_CS_CA_LA_OA,3.1,1.853,104900.0,6.49,0.977,180.0,literature_core_properties_plus_screening_assumptions
16.03401029,29.98631772,985.30651474,9.90423292,11.99992088,18.37039812,11999.90624243,40.0,16.034010286896077,29.98631771565156,985.3065147438422,6039.898943534859,True,,4.620233085006476e-13,0,0.3132593706490932,0.3762873042910718,BIOCHAR_CS_CA_LA_OA,3.1,1.853,104900.0,6.49,0.977,180.0,literature_core_properties_plus_screening_assumptions
16.28551445,34.8440706,1000.0,9.9900904,11.20595264,18.00637399,11984.58610141,39.99644898,16.28551445493553,34.84407059610509,1000.0,5990.183072751848,True,,6.45741238258779e-13,0,0.40232191165434056,0.3781043170368865,BIOCHAR_CS_CA_LA_OA,3.1,1.853,104900.0,6.49,0.977,180.0,literature_core_properties_plus_screening_assumptions
18.42346969,31.64496016,999.55873404,9.99769119,11.96978851,17.42970807,5381.49181696,39.99945989,18.42346969033756,31.64496016315905,999.5587340420882,6428.188406868548,True,,2.310116542503238e-13,0,0.43027513079274327,0.3780505273230439,BIOCHAR_CS_CA_LA_OA,3.1,1.853,104900.0,6.49,0.977,180.0,literature_core_properties_plus_screening_assumptions
19.4330803,31.54069389,600.01265401,9.90361966,11.96978851,17.50499336,10799.62611423,39.99974278,19.43308030179332,31.540693891815124,600.0126540066171,6690.226750041659,True,,1.0732037480920553e-13,0,0.5091402527326385,0.22009978328788038,BIOCHAR_CS_CA_LA_OA,3.1,1.853,104900.0,6.49,0.977,180.0,literature_core_properties_plus_screening_assumptions
14.26770486,30.00043007,711.59631697,9.98971551,11.92313152,19.76895166,11696.01469211,39.99956376,14.267704860134309,30.000430072977796,711.596316970907,6342.795937324641,True,,2.3283064365386963e-13,0,0.27894262286862825,0.2953696721027632,BIOCHAR_CS_CA_LA_OA,3.1,1.853,104900.0,6.49,0.977,180.0,literature_core_properties_plus_screening_assumptions
14.23612307,34.35164648,939.32324668,9.97037494,11.20488934,18.00975358,10778.13016435,39.99147354,14.236123074773932,34.351646478560184,939.3232466757601,6033.414852092701,True,,2.0372681319713593e-13,0,0.30371513087638935,0.37023380891539337,BIOCHAR_CS_CA_LA_OA,3.1,1.853,104900.0,6.49,0.977,180.0,literature_core_properties_plus_screening_assumptions
16.27041753,34.80221081,1000.0,9.98958751,11.21643249,19.94282882,10770.09672827,40.0,16.270417528295965,34.80221081209662,1000.0,6075.784229507608,True,,7.60337570682168e-13,0,0.40820082201138436,0.3781043170368844,BIOCHAR_CS_CA_LA_OA,3.1,1.853,104900.0,6.49,0.977,180.0,literature_core_properties_plus_screening_assumptions
14.68256061,34.8440706,999.89053443,9.98970349,11.20498518,19.94895848,10925.2240182,40.0,14.682560609835072,34.84407059610509,999.8905344333151,6008.042221413925,True,,6.366462912410498e-14,0,0.37043385651459854,0.37809097776082756,BIOCHAR_CS_CA_LA_OA,3.1,1.853,104900.0,6.49,0.977,180.0,literature_core_properties_plus_screening_assumptions
14.29359277,29.99463427,999.70041212,9.32546022,11.99805751,19.93771547,11978.21262179,40.0,14.293592771049594,29.994634268264907,999.7004121177719,6564.501450798063,True,,6.766640581190586e-13,0,0.27779561736071523,0.37806780285914654,BIOCHAR_CS_CA_LA_OA,3.1,1.853,104900.0,6.49,0.977,180.0,literature_core_properties_plus_screening_assumptions
14.25629108,31.62210776,535.21025359,9.70908685,11.97371574,17.99194097,11968.13466249,28.69965031,14.256291083342607,31.622107762924482,535.2102535935728,6427.273866752807,False,POST_SIM_CONSTRAINT,1.127773430198431e-13,0,0.29367464235187457,0.11525235401826806,BIOCHAR_CS_CA_LA_OA,3.1,1.853,104900.0,6.49,0.977,180.0,literature_core_properties_plus_screening_assumptions
14.29359277,30.04759579,991.00294927,9.99897772,11.64364558,17.98613601,10941.28534144,40.0,14.293592771049594,30.047595785923207,991.0029492658289,6007.0670435913335,True,,1.3460521586239337e-13,0,0.2708622496015428,0.3769981243429926,BIOCHAR_CS_CA_LA_OA,3.1,1.853,104900.0,6.49,0.977,180.0,literature_core_properties_plus_screening_assumptions
16.26772083,29.99117168,946.92739644,9.99225262,11.77069378,18.7425507,10710.52571269,40.0,16.26772083035069,29.991171683962826,946.9273964411361,6077.57661119822,True,,3.5288394428789617e-13,0,0.3282121222216492,0.37127541681468657,BIOCHAR_CS_CA_LA_OA,3.1,1.853,104900.0,6.49,0.977,180.0,literature_core_properties_plus_screening_assumptions
16.54258315,30.00464956,998.74747353,9.99898361,11.99798357,18.37039812,11562.9923309,40.0,16.542583154880315,30.0046495604436,998.7474735287175,6019.173013932568,True,,7.09405867382884e-14,0,0.33024757457729387,0.3779515118135517,BIOCHAR_CS_CA_LA_OA,3.1,1.853,104900.0,6.49,0.977,180.0,literature_core_properties_plus_screening_assumptions
16.26605002,33.20565938,1000.0,9.98970349,11.20595264,18.64809997,12000.0,39.89895394,16.2660500166728,33.20565937863954,1000.0,5987.466296670978,True,,7.457856554538012e-14,0,0.37675577382002834,0.37810431703688463,BIOCHAR_CS_CA_LA_OA,3.1,1.853,104900.0,6.49,0.977,180.0,literature_core_properties_plus_screening_assumptions
16.59187558,33.29667062,1000.0,9.98962198,11.77932707,17.98795455,11991.82941462,39.89956867,16.59187558217308,33.29667062339847,1000.0,6002.5866995718625,True,,1.4551915228366852e-13,0,0.3862898704022714,0.3781043170368855,BIOCHAR_CS_CA_LA_OA,3.1,1.853,104900.0,6.49,0.977,180.0,literature_core_properties_plus_screening_assumptions
14.61169268,33.29222955,985.27660193,9.99898361,11.98362505,17.39636385,10614.98413538,40.0,14.611692680322138,33.29222955332379,985.2766019283871,6021.084935211645,True,,6.730260793119669e-14,0,0.3338644100322532,0.37628354998593316,BIOCHAR_CS_CA_LA_OA,3.1,1.853,104900.0,6.49,0.977,180.0,literature_core_properties_plus_screening_assumptions
14.26770486,30.00476624,686.25625599,9.99072912,11.88876988,17.70649766,11970.81204028,39.99956376,14.267704860134309,30.004766238171563,686.2562559897868,6374.645752102249,True,,7.09405867382884e-14,0,0.27734184825509495,0.2734256953355717,BIOCHAR_CS_CA_LA_OA,3.1,1.853,104900.0,6.49,0.977,180.0,literature_core_properties_plus_screening_assumptions
13.56560058,29.49445742,999.89053443,9.98970349,11.20488934,19.93071332,10925.2240182,39.92863881,13.565600575918236,29.494457422113562,999.8905344333151,5989.353369184269,False,POST_SIM_CONSTRAINT,1.2022726083575193,8.0,0.2,0.37809097776082756,BIOCHAR_CS_CA_LA_OA,3.1,1.853,104900.0,6.49,0.977,180.0,literature_core_properties_plus_screening_assumptions
19.42280328,31.62176518,997.9792934,9.8986406,12.0,18.38963234,11768.22878064,39.99996154,19.42280327998702,31.621765184254187,997.9792934047261,6149.477596967919,True,,6.184563972055912e-14,0,0.5055812744489917,0.37785760600517315,BIOCHAR_CS_CA_LA_OA,3.1,1.853,104900.0,6.49,0.977,180.0,literature_core_properties_plus_screening_assumptions
16.03401029,29.96733592,612.44935316,9.99951035,11.96861261,18.37039812,4580.50742776,40.0,16.034010286896077,29.96733591820508,612.4493531566125,10000.0,False,EVAPORATOR_AIRFLOW_RATIO_OUT_OF_RANGE,,,,,BIOCHAR_CS_CA_LA_OA,,,,,,,literature_core_properties_plus_screening_assumptions
16.09660675,34.56154445,988.8721613,9.93439786,11.56912052,19.91529246,10865.27642705,38.37339389,16.09660674609632,34.56154445446415,988.8721613042325,6077.380658516683,True,,7.457856554538012e-14,0,0.4000029340911014,0.37673319585452336,BIOCHAR_CS_CA_LA_OA,3.1,1.853,104900.0,6.49,0.977,180.0,literature_core_properties_plus_screening_assumptions
14.6543457,34.79261263,999.0197792,9.98957699,11.9974121,19.70525797,10922.88136977,39.99991292,14.654345695998494,34.79261263371817,999.019779200874,6001.056365132308,True,,2.3646862246096135e-13,0,0.3689824307172885,0.3779847650339049,BIOCHAR_CS_CA_LA_OA,3.1,1.853,104900.0,6.49,0.977,180.0,literature_core_properties_plus_screening_assumptions
19.22094351,29.89368006,600.01265401,9.70221032,11.96978851,17.49849443,5349.21934369,39.99923099,19.220943509146622,29.89368005601126,600.0126540066171,6528.288938097452,True,,3.16504156216979e-13,0,0.41076676854299327,0.11821160486873639,BIOCHAR_CS_CA_LA_OA,3.1,1.853,104900.0,6.49,0.977,180.0,literature_core_properties_plus_screening_assumptions
14.33060848,30.04759579,991.00294927,9.93439786,11.58574278,19.98336739,10865.27642705,40.0,14.330608479950207,30.047595785923207,991.0029492658289,6057.1313522080645,True,,9.458744898438453e-14,0,0.2771383305788082,0.3769981243429916,BIOCHAR_CS_CA_LA_OA,3.1,1.853,104900.0,6.49,0.977,180.0,literature_core_properties_plus_screening_assumptions
16.16414113,33.36587867,999.99823407,9.99011751,11.17304923,17.27104713,12000.0,39.87775922,16.164141128231478,33.36587866935107,999.9982340654931,5978.929852556606,True,,1.6552803572267293e-13,0,0.3768038386204568,0.3781041018664648,BIOCHAR_CS_CA_LA_OA,3.1,1.853,104900.0,6.49,0.977,180.0,literature_core_properties_plus_screening_assumptions
16.26605002,30.75876176,1000.0,9.98970349,11.20595264,18.69015261,11943.92560419,39.89893813,16.2660500166728,30.758761758602397,1000.0,5991.7275036235305,True,,8.36735125631094e-14,0,0.33474483422791046,0.3781043170368855,BIOCHAR_CS_CA_LA_OA,3.1,1.853,104900.0,6.49,0.977,180.0,literature_core_properties_plus_screening_assumptions
14.60319065,29.13173298,998.8890043,9.8746708,11.47864826,18.05389302,10304.3596594,40.0,14.603190650038664,29.13173298202936,998.8890043004299,6159.374403086582,True,,4.583853296935558e-13,0,0.2795113878351717,0.37796879742424583,BIOCHAR_CS_CA_LA_OA,3.1,1.853,104900.0,6.49,0.977,180.0,literature_core_properties_plus_screening_assumptions
14.66784069,34.42569432,999.99897619,9.98970349,11.20488934,19.94285367,11942.04334921,39.99722656,14.667840685953939,34.42569432456454,999.9989761928009,5939.332975906716,True,,6.730260793119669e-14,0,0.35778452229149027,0.3781041922911137,BIOCHAR_CS_CA_LA_OA,3.1,1.853,104900.0,6.49,0.977,180.0,literature_core_properties_plus_screening_assumptions
16.01830295,29.77869978,963.67469779,9.99898361,11.99936048,17.95311384,11960.17170886,40.0,16.018302950703827,29.778699778882444,963.674697785849,5975.81969551484,True,,8.003553375601768e-14,0,0.30891452476138864,0.37351149984097665,BIOCHAR_CS_CA_LA_OA,3.1,1.853,104900.0,6.49,0.977,180.0,literature_core_properties_plus_screening_assumptions
15.96977356,32.00413086,1000.0,9.98953073,11.99287568,17.99504118,11994.52384599,39.91785106,15.969773556063545,32.00413085706034,1000.0,5967.225898802729,True,,3.292370820418e-13,0,0.34920322009523713,0.37810431703688385,BIOCHAR_CS_CA_LA_OA,3.1,1.853,104900.0,6.49,0.977,180.0,literature_core_properties_plus_screening_assumptions
16.41937263,33.32745481,996.72960941,9.98970349,11.97339446,17.92804889,12000.0,39.99790199,16.419372633905517,33.32745481272752,996.72960941111,6006.638781830398,True,,7.457856554538012e-14,0,0.38247822801935677,0.37770452984360536,BIOCHAR_CS_CA_LA_OA,3.1,1.853,104900.0,6.49,0.977,180.0,literature_core_properties_plus_screening_assumptions
14.28662466,30.06994383,998.1593245,9.93439786,11.56002653,19.92954321,10865.27642705,40.0,14.28662465733918,30.069943832057557,998.1593244986586,6062.972848071239,True,,7.639755494892598e-14,0,0.2693523529859698,0.3778796267816569,BIOCHAR_CS_CA_LA_OA,3.1,1.853,104900.0,6.49,0.977,180.0,literature_core_properties_plus_screening_assumptions
16.12159136,34.90351636,977.44933645,9.99898361,11.99932146,17.4965128,11949.14450071,39.99832271,16.121591364260563,34.9035163550083,977.4493364530105,5987.112565186704,True,,6.184563972055912e-14,0,0.39951311432250747,0.37529327009422186,BIOCHAR_CS_CA_LA_OA,3.1,1.853,104900.0,6.49,0.977,180.0,literature_core_properties_plus_screening_assumptions
14.40464025,34.8440706,1000.0,9.98855282,11.21982298,19.90157394,11999.52723739,40.0,14.404640254021421,34.84407059610509,1000.0,5953.338075317838,True,,1.709850039333105e-13,0,0.3578728327322471,0.37810431703688474,BIOCHAR_CS_CA_LA_OA,3.1,1.853,104900.0,6.49,0.977,180.0,literature_core_properties_plus_screening_assumptions
14.44253567,34.83041044,999.5231535,9.98970349,11.96468383,19.94282882,10680.57979111,39.99815935,14.442535670733367,34.83041044233381,999.5231534980379,6033.165163511756,True,,1.0913936421275138e-13,0,0.3293794116194853,0.37804618803531287,BIOCHAR_CS_CA_LA_OA,3.1,1.853,104900.0,6.49,0.977,180.0,literature_core_properties_plus_screening_assumptions
16.29966557,33.24590984,928.8827285,9.93378554,11.20595264,18.87225745,12000.0,39.90049035,16.29966556823186,33.24590983542056,928.8827285029727,6022.320541517844,True,,2.091837814077735e-13,0,0.37823029729662344,0.36877590891981304,BIOCHAR_CS_CA_LA_OA,3.1,1.853,104900.0,6.49,0.977,180.0,literature_core_properties_plus_screening_assumptions
16.27401541,30.02553852,963.67526975,9.99898361,11.57306091,19.70595091,12000.0,39.90130449,16.27401541235246,30.025538524633383,963.6752697453037,5982.448228126428,True,,4.9112713895738124e-14,0,0.32060009309451465,0.3735115748818061,BIOCHAR_CS_CA_LA_OA,3.1,1.853,104900.0,6.49,0.977,180.0,literature_core_properties_plus_screening_assumptions
16.26536923,34.8440706,1000.0,9.98970349,11.20595264,19.94282882,11997.75199795,40.0,16.265369233942355,34.84407059610509,1000.0,5990.910092270543,True,,9.640643838793039e-14,0,0.4017788071630629,0.3781043170368855,BIOCHAR_CS_CA_LA_OA,3.1,1.853,104900.0,6.49,0.977,180.0,literature_core_properties_plus_screening_assumptions
16.2942171,33.39172941,977.44933645,9.99898361,11.99903982,17.3524426,11998.61197481,39.99870618,16.29421710398942,33.391729405113765,977.4493364530105,5992.731810858916,True,,9.094947017729283e-14,0,0.3804217871230096,0.3752932700942211,BIOCHAR_CS_CA_LA_OA,3.1,1.853,104900.0,6.49,0.977,180.0,literature_core_properties_plus_screening_assumptions
19.4330803,31.54069389,606.50220166,9.99708994,11.96978851,17.50499336,5479.76567609,39.99923099,19.43308030179332,31.540693891815124,606.5022016623207,6375.570866765123,True,,1.7462298274040223e-13,0,0.43776558749672373,0.12874750423544856,BIOCHAR_CS_CA_LA_OA,3.1,1.853,104900.0,6.49,0.977,180.0,literature_core_properties_plus_screening_assumptions
14.77342319,29.08185429,998.8890043,9.99941123,11.78258462,18.71557407,10571.28515767,39.99986378,14.773423187958537,29.081854291821415,998.8890043004299,6026.3727335115955,True,,3.7289282772690056e-13,0,0.2935127766812678,0.37796879742424516,BIOCHAR_CS_CA_LA_OA,3.1,1.853,104900.0,6.49,0.977,180.0,literature_core_properties_plus_screening_assumptions
14.02827908,33.22646403,999.89700921,9.90361485,11.22359097,19.41127249,10914.87059417,40.0,14.028279079064799,33.226464030818384,999.8970092054067,6088.308508411328,True,,3.0740920919924977e-13,0,0.26203955599179346,0.3780917668460839,BIOCHAR_CS_CA_LA_OA,3.1,1.853,104900.0,6.49,0.977,180.0,literature_core_properties_plus_screening_assumptions
14.28511194,30.54276465,931.05708583,9.98970349,11.20488934,19.94270533,5461.65775095,39.98196252,14.285111935610779,30.542764650054746,931.0570858286042,6216.923169702107,True,,9.276845958083867e-14,0,0.275905636997524,0.2969478888879068,BIOCHAR_CS_CA_LA_OA,3.1,1.853,104900.0,6.49,0.977,180.0,literature_core_properties_plus_screening_assumptions
14.66784069,34.86192231,932.73554297,9.9907171,11.15670413,17.42143609,10924.21406423,39.99991292,14.667840685953939,34.861922313695366,932.7355429658871,6002.235983570741,True,,3.1832314562052486e-13,0,0.37036738957759396,0.3693177088674421,BIOCHAR_CS_CA_LA_OA,3.1,1.853,104900.0,6.49,0.977,180.0,literature_core_properties_plus_screening_assumptions
16.31503888,30.76584305,999.99730518,9.71959292,11.45843893,19.99634104,11998.77788497,39.90060678,16.315038877509647,30.76584304821876,999.9973051786922,6204.369484159252,True,,2.5465851649641993e-13,0,0.3358608586733958,0.37810398868588,BIOCHAR_CS_CA_LA_OA,3.1,1.853,104900.0,6.49,0.977,180.0,literature_core_properties_plus_screening_assumptions
16.11675737,29.73408978,999.88838907,9.99898361,11.57306091,19.42048769,12000.0,40.0,16.11675737388273,29.734089783055737,999.8883890725745,5979.690993405805,True,,5.093170329928398e-14,0,0.31049011960397493,0.3780907163018761,BIOCHAR_CS_CA_LA_OA,3.1,1.853,104900.0,6.49,0.977,180.0,literature_core_properties_plus_screening_assumptions
17.91177319,27.48698152,1000.0,9.99908756,11.99900322,17.69675946,11979.79409119,40.0,17.911773192730625,27.48698152296141,1000.0,6018.944770590504,True,,2.1827872842550277e-13,0,0.3321375344745569,0.3781043170368853,BIOCHAR_CS_CA_LA_OA,3.1,1.853,104900.0,6.49,0.977,180.0,literature_core_properties_plus_screening_assumptions
16.25133009,29.9522569,1000.0,9.98970349,11.2058568,18.7150072,12000.0,39.89895394,16.25133009279167,29.95225690374127,1000.0,5987.82295126967,True,,7.275957614183426e-14,0,0.31853864975914864,0.37810431703688463,BIOCHAR_CS_CA_LA_OA,3.1,1.853,104900.0,6.49,0.977,180.0,literature_core_properties_plus_screening_assumptions
19.42280328,29.99965742,999.09679484,9.89741301,12.0,18.37039812,11796.36422517,39.99997116,19.42280327998702,29.999657421329605,999.0967948402381,6145.5554117988295,True,,6.548361852765083e-13,0,0.4833422733315978,0.3779941666851899,BIOCHAR_CS_CA_LA_OA,3.1,1.853,104900.0,6.49,0.977,180.0,literature_core_properties_plus_screening_assumptions
16.41937263,33.3001989,999.99076181,9.93411753,11.98376065,19.93493798,11901.66828178,39.96444745,16.419372633905517,33.30019889542186,999.9907618126813,6053.083423309143,True,,6.202753866091371e-13,0,0.3825845308096526,0.378103191400866,BIOCHAR_CS_CA_LA_OA,3.1,1.853,104900.0,6.49,0.977,180.0,literature_core_properties_plus_screening_assumptions
16.52526642,34.60822461,999.99171484,9.99853966,11.20595264,17.91382224,11995.98878356,40.0,16.52526641556701,34.60822461297776,999.9917148397816,5998.412700692574,True,,9.458744898438453e-14,0,0.404497329653347,0.3781033075243514,BIOCHAR_CS_CA_LA_OA,3.1,1.853,104900.0,6.49,0.977,180.0,literature_core_properties_plus_screening_assumptions
16.10391435,29.99122413,999.98807245,9.93439786,11.59333802,19.26822944,10863.94878092,40.0,16.10391435082963,29.991224134609066,999.9880724528302,6105.174490089303,True,,9.822542779147625e-14,0,0.3226448503787991,0.37810286370926005,BIOCHAR_CS_CA_LA_OA,3.1,1.853,104900.0,6.49,0.977,180.0,literature_core_properties_plus_screening_assumptions
16.26605002,33.29667062,921.49425539,9.98970349,11.20595264,18.7277076,12000.0,39.89895394,16.2660500166728,33.29667062339847,921.4942553871693,5981.421162348067,True,,7.457856554538012e-14,0,0.3782105346355658,0.36772423988746783,BIOCHAR_CS_CA_LA_OA,3.1,1.853,104900.0,6.49,0.977,180.0,literature_core_properties_plus_screening_assumptions
14.78213084,29.08185429,998.8890043,9.34192109,11.98636475,18.05573855,10235.58078981,39.9986419,14.782130838551915,29.081854291821415,998.8890043004299,6650.462390704754,True,,2.2737367544323206e-13,0,0.2554786629563765,0.3779687974242444,BIOCHAR_CS_CA_LA_OA,3.1,1.853,104900.0,6.49,0.977,180.0,literature_core_properties_plus_screening_assumptions
16.54329023,30.02967165,1000.0,9.99898361,11.94404347,18.37039812,11933.95955776,40.0,16.543290226114504,30.029671654241042,1000.0,6004.963191257259,True,,9.640643838793039e-14,0,0.32844292514011814,0.3781043170368862,BIOCHAR_CS_CA_LA_OA,3.1,1.853,104900.0,6.49,0.977,180.0,literature_core_properties_plus_screening_assumptions
16.11103789,30.00036585,998.19110518,9.95791136,11.60020539,17.50260337,10855.15153109,40.0,16.111037891777233,30.000365845896077,998.1911051804191,6084.085058455003,True,,3.8198777474462985e-13,0,0.32308000671593395,0.377883513259457,BIOCHAR_CS_CA_LA_OA,3.1,1.853,104900.0,6.49,0.977,180.0,literature_core_properties_plus_screening_assumptions
14.28676584,29.98549867,994.67455267,9.93439786,11.58069827,19.94168356,10865.27642705,39.20118397,14.286765844158865,29.985498674447122,994.6745526725578,6050.52719104682,True,,7.09405867382884e-14,0,0.26817314419595406,0.3774519660493081,BIOCHAR_CS_CA_LA_OA,3.1,1.853,104900.0,6.49,0.977,180.0,literature_core_properties_plus_screening_assumptions
12.61817306,29.77869978,964.32689609,9.99898361,11.99798137,18.37045608,10793.51468058,40.0,12.618173059427324,29.778699778882444,964.326896090042,5951.538961041618,False,POST_SIM_CONSTRAINT,18.29558541284802,18.0,0.2,0.373597010176111,BIOCHAR_CS_CA_LA_OA,3.1,1.853,104900.0,6.49,0.977,180.0,literature_core_properties_plus_screening_assumptions
19.4330803,31.55967569,979.61150289,9.89848514,11.99984061,17.50499336,11996.76996475,39.99996173,19.43308030179332,31.559675689261525,979.6115028857138,6132.264742170647,True,,2.2191670723259449e-13,0,0.5039159987497585,0.37556840155085447,BIOCHAR_CS_CA_LA_OA,3.1,1.853,104900.0,6.49,0.977,180.0,literature_core_properties_plus_screening_assumptions
16.28130644,34.26544771,963.29764265,9.98970349,11.20595264,19.945363,12000.0,39.93115062,16.281306435457715,34.26544770799097,963.2976426516266,5991.363694356366,True,,7.275957614183426e-14,0,0.39358338772754076,0.37346201098849663,BIOCHAR_CS_CA_LA_OA,3.1,1.853,104900.0,6.49,0.977,180.0,literature_core_properties_plus_screening_assumptions
16.54043222,29.99117168,932.13690773,9.99909741,11.16107147,18.37039812,10776.729827,40.0,16.540432219200348,29.991171683962826,932.1369077269466,6070.055856190904,True,,4.110916052013636e-13,0,0.3352080542360584,0.3692338198696812,BIOCHAR_CS_CA_LA_OA,3.1,1.853,104900.0,6.49,0.977,180.0,literature_core_properties_plus_screening_assumptions
14.46842788,31.64701384,564.93670646,9.90926841,11.97371574,17.99843989,11975.86675008,28.69965031,14.468427875202481,31.64701383580327,564.9367064579685,6352.309326695836,True,,8.512870408594609e-13,0,0.30400332235530575,0.15164690794141178,BIOCHAR_CS_CA_LA_OA,3.1,1.853,104900.0,6.49,0.977,180.0,literature_core_properties_plus_screening_assumptions
16.07974166,29.15793124,999.88838907,9.99898361,11.57306091,19.98180937,12000.0,40.0,16.079741664982116,29.157931236594102,999.8883890725745,5975.416563700667,True,,5.093170329928398e-14,0,0.30991623487584496,0.3780907163018761,BIOCHAR_CS_CA_LA_OA,3.1,1.853,104900.0,6.49,0.977,180.0,literature_core_properties_plus_screening_assumptions
14.07533361,33.33096361,999.89650505,9.99856398,11.99627887,18.38119171,12000.0,39.99739505,14.075333610373262,33.3309636141041,999.896505046684,5944.605203789829,True,,2.8194335754960775e-13,0,0.2751774654485291,0.37809170540425385,BIOCHAR_CS_CA_LA_OA,3.1,1.853,104900.0,6.49,0.977,180.0,literature_core_properties_plus_screening_assumptions
14.28511194,30.57042788,939.32324668,9.99923582,11.20488934,19.94270533,10859.44749915,39.9821434,14.285111935610779,30.570427878626475,939.3232466757601,6008.138735048196,True,,3.0740920919924977e-13,0,0.25562939103847887,0.3702338089153939,BIOCHAR_CS_CA_LA_OA,3.1,1.853,104900.0,6.49,0.977,180.0,literature_core_properties_plus_screening_assumptions
14.78600492,29.08264528,999.89396274,9.99963537,11.20488934,19.65909769,11917.6248752,39.92863881,14.786004917192058,29.082645275661623,999.8939627401842,5947.55253701985,True,,6.45741238258779e-13,0,0.2846442178960111,0.37809139557238913,BIOCHAR_CS_CA_LA_OA,3.1,1.853,104900.0,6.49,0.977,180.0,literature_core_properties_plus_screening_assumptions
16.26605002,30.34438517,999.88826145,9.98970349,11.20595264,18.72881833,11542.62029553,39.89961332,16.2660500166728,30.344385172706765,999.8882614484615,6012.16659672544,True,,6.730260793119669e-14,0,0.3293734099497138,0.3780907007480635,BIOCHAR_CS_CA_LA_OA,3.1,1.853,104900.0,6.49,0.977,180.0,literature_core_properties_plus_screening_assumptions
16.11675737,34.90351636,960.40694261,9.70299058,11.60336782,19.70595091,12000.0,40.0,16.11675737388273,34.9035163550083,960.4069426080932,6220.55771778739,True,,3.601599019020796e-13,0,0.39913507310251267,0.37308131344025,BIOCHAR_CS_CA_LA_OA,3.1,1.853,104900.0,6.49,0.977,180.0,literature_core_properties_plus_screening_assumptions
16.41171363,32.24374481,999.99076181,9.99914045,11.98399929,18.36448604,11999.72567328,39.99985193,16.411713631291754,32.24374481245166,999.9907618126813,5997.396434583043,True,,3.565219230949879e-13,0,0.3645879280721611,0.37810319140086357,BIOCHAR_CS_CA_LA_OA,3.1,1.853,104900.0,6.49,0.977,180.0,literature_core_properties_plus_screening_assumptions
16.26605002,27.45318412,1000.0,9.98970349,10.04741584,18.72881833,12000.0,39.92781893,16.2660500166728,27.45318411673548,1000.0,5990.512733945236,True,,7.639755494892598e-14,0,0.30431654857888435,0.37810431703688463,BIOCHAR_CS_CA_LA_OA,3.1,1.853,104900.0,6.49,0.977,180.0,literature_core_properties_plus_screening_assumptions
16.12652839,31.26383257,998.7716862,9.93439786,11.59333802,19.26822944,10865.27642705,40.0,16.12652839017546,31.263832567528258,998.7716861979063,6103.977267924309,True,,7.457856554538012e-14,0,0.34709824506960363,0.3779544693323261,BIOCHAR_CS_CA_LA_OA,3.1,1.853,104900.0,6.49,0.977,180.0,literature_core_properties_plus_screening_assumptions
18.28300584,33.77783528,630.59158218,10.0,12.0,17.5427524,5510.4636736,39.93085893,18.28300583599173,33.777835276418685,630.5915821788831,6358.621371800665,True,,7.457856554538012e-14,0,0.45821077249989617,0.15555178435308836,BIOCHAR_CS_CA_LA_OA,3.1,1.853,104900.0,6.49,0.977,180.0,literature_core_properties_plus_screening_assumptions
16.05164585,29.99463427,999.70041212,9.93554328,11.96964822,19.97802058,11728.11372314,40.0,16.05164585405925,29.994634268264907,999.7004121177719,6039.946274880708,True,,1.2369127944111825e-13,0,0.31557424958284613,0.3780678028591463,BIOCHAR_CS_CA_LA_OA,3.1,1.853,104900.0,6.49,0.977,180.0,literature_core_properties_plus_screening_assumptions
19.42280328,31.62176518,1000.0,9.32256571,11.37455232,18.37039812,11768.22878064,39.99996154,19.42280327998702,31.621765184254187,1000.0,6743.415225835883,True,,5.165929906070232e-13,0,0.5055812744489739,0.37810431703688474,BIOCHAR_CS_CA_LA_OA,3.1,1.853,104900.0,6.49,0.977,180.0,literature_core_properties_plus_screening_assumptions
14.66784069,34.79261263,932.73554297,9.99621203,11.20488934,19.70525797,10924.21406423,39.99991292,14.667840685953939,34.79261263371817,932.7355429658871,5999.206890565159,True,,5.911715561524034e-13,0,0.3692943909319458,0.3693177088674421,BIOCHAR_CS_CA_LA_OA,3.1,1.853,104900.0,6.49,0.977,180.0,literature_core_properties_plus_screening_assumptions
16.23986499,29.77123469,963.67526975,9.99898361,11.98954461,19.70595091,12000.0,38.8130461,16.239864993634278,29.771234686285528,963.6752697453037,5957.013657381068,True,,7.639755494892598e-14,0,0.3146320858632139,0.3735115748818061,BIOCHAR_CS_CA_LA_OA,3.1,1.853,104900.0,6.49,0.977,180.0,literature_core_properties_plus_screening_assumptions
16.2814419,34.26544771,963.29764265,9.98970349,11.20595264,17.91307281,12000.0,39.92984015,16.281441895402224,34.26544770799097,963.2976426516266,5991.352374306104,True,,7.275957614183426e-14,0,0.39358663364534135,0.37346201098849663,BIOCHAR_CS_CA_LA_OA,3.1,1.853,104900.0,6.49,0.977,180.0,literature_core_properties_plus_screening_assumptions
16.11675737,29.72744964,964.32776556,9.99898361,11.2997442,19.43208695,11931.41093852,40.0,16.11675737388273,29.72744963938778,964.3277655561571,5978.614773793171,True,,7.09405867382884e-14,0,0.3107753958648022,0.37359712409546453,BIOCHAR_CS_CA_LA_OA,3.1,1.853,104900.0,6.49,0.977,180.0,literature_core_properties_plus_screening_assumptions
14.60277827,31.21992474,998.7716862,9.93439786,11.6197193,19.26822944,10604.8166788,40.0,14.602778274536805,31.21992473674154,998.7716861979063,6072.116196108139,True,,1.0186340659856796e-13,0,0.30798943861042194,0.3779544693323257,BIOCHAR_CS_CA_LA_OA,3.1,1.853,104900.0,6.49,0.977,180.0,literature_core_properties_plus_screening_assumptions
16.52693723,29.99117168,999.65682898,9.81545794,11.99798357,17.69675946,10773.524893,40.0,16.5269372292449,29.991171683962826,999.6568289782066,6243.930481088104,True,,5.857145879417658e-13,0,0.3348613647304195,0.3780624890641566,BIOCHAR_CS_CA_LA_OA,3.1,1.853,104900.0,6.49,0.977,180.0,literature_core_properties_plus_screening_assumptions
16.26605002,34.58687747,999.99730518,9.98970349,11.2057062,17.98883416,12000.0,37.79912374,16.2660500166728,34.58687746881233,999.9973051786922,5929.137063556301,True,,6.548361852765083e-14,0,0.3980113799749039,0.37810398868587924,BIOCHAR_CS_CA_LA_OA,3.1,1.853,104900.0,6.49,0.977,180.0,literature_core_properties_plus_screening_assumptions
16.52693723,34.55207246,999.67596295,9.98972104,11.23041562,18.37039812,10775.39713253,40.0,16.5269372292449,34.5520724570801,999.6759629513177,6090.369092781391,True,,2.928572939708829e-13,0,0.41063838147035375,0.3780648219960434,BIOCHAR_CS_CA_LA_OA,3.1,1.853,104900.0,6.49,0.977,180.0,literature_core_properties_plus_screening_assumptions
16.26605002,29.05069787,1000.0,9.98970349,11.20143263,19.88894821,12000.0,39.99641559,16.2660500166728,29.050697874569927,1000.0,5990.938851368935,True,,8.003553375601768e-14,0,0.31297050967567847,0.37810431703688463,BIOCHAR_CS_CA_LA_OA,3.1,1.853,104900.0,6.49,0.977,180.0,literature_core_properties_plus_screening_assumptions
14.28582362,29.99932901,686.25625599,9.99072912,11.93267006,17.70649766,11970.81204028,39.99956376,14.285823624938988,29.999329014346593,686.2562559897868,6375.348032229105,True,,7.275957614183426e-14,0,0.27772554634609253,0.27441399473584516,BIOCHAR_CS_CA_LA_OA,3.1,1.853,104900.0,6.49,0.977,180.0,literature_core_properties_plus_screening_assumptions
14.80030807,29.49445742,999.89053443,9.98970349,11.20265346,19.96177105,10950.62063738,39.92863881,14.800308071707168,29.494457422113562,999.8905344333151,6017.132880439175,True,,7.821654435247182e-14,0,0.2880133264725948,0.3780909777608288,BIOCHAR_CS_CA_LA_OA,3.1,1.853,104900.0,6.49,0.977,180.0,literature_core_properties_plus_screening_assumptions
16.07974166,29.15793124,998.73143698,9.99898361,11.996553,19.929883,11574.1077611,40.0,16.079741664982116,29.157931236594102,998.7314369762597,6000.729819254069,True,,7.457856554538012e-14,0,0.31262901652539904,0.37794955290868326,BIOCHAR_CS_CA_LA_OA,3.1,1.853,104900.0,6.49,0.977,180.0,literature_core_properties_plus_screening_assumptions
14.1304344,33.3307303,999.89700921,9.99900414,11.46212503,19.91770749,10293.50907842,40.0,14.130434397345425,33.33073030336107,999.8970092054067,6053.88392791925,True,,1.4915713109076024e-13,0,0.27984695865385406,0.3780917668460828,BIOCHAR_CS_CA_LA_OA,3.1,1.853,104900.0,6.49,0.977,180.0,literature_core_properties_plus_screening_assumptions
16.87615337,31.62176518,997.9792934,9.99440253,12.0,18.3459338,11822.99069399,39.99996154,16.876153369844133,31.621765184254187,997.9792934047261,6028.36823441601,True,,2.2373569663614034e-13,0,0.36696072347144354,0.3778576060051727,BIOCHAR_CS_CA_LA_OA,3.1,1.853,104900.0,6.49,0.977,180.0,literature_core_properties_plus_screening_assumptions
16.26605002,31.88249283,1000.0,9.98970349,11.20595264,19.94282882,5248.24690043,39.9999622,16.2660500166728,31.882492832517126,1000.0,6334.424207068893,True,,8.549250196665525e-14,0,0.41386491891903143,0.37810431703688485,BIOCHAR_CS_CA_LA_OA,3.1,1.853,104900.0,6.49,0.977,180.0,literature_core_properties_plus_screening_assumptions
14.67586796,34.8440706,987.95826368,9.98970349,11.98139961,19.94285367,11948.99971799,39.99941522,14.675867957821936,34.84407059610509,987.9582636798458,5936.357341814306,True,,7.639755494892598e-14,0,0.36455667244309,0.3766192176631872,BIOCHAR_CS_CA_LA_OA,3.1,1.853,104900.0,6.49,0.977,180.0,literature_core_properties_plus_screening_assumptions
14.27453689,29.98629772,994.67455267,9.93439786,11.60056676,19.99936206,11909.81923705,39.99447528,14.274536892722764,29.986297723662602,994.6745526725578,5988.7707094747475,True,,6.912159733474254e-14,0,0.2775114243591457,0.3774519660493093,BIOCHAR_CS_CA_LA_OA,3.1,1.853,104900.0,6.49,0.977,180.0,literature_core_properties_plus_screening_assumptions
19.42280328,31.62176518,999.95653727,9.90300053,11.99998468,18.36050477,11768.22878064,39.99997379,19.42280327998702,31.621765184254187,999.9565372696737,6141.798189511946,True,,2.1464074961841105e-13,0,0.5055812744489917,0.3780990210965811,BIOCHAR_CS_CA_LA_OA,3.1,1.853,104900.0,6.49,0.977,180.0,literature_core_properties_plus_screening_assumptions
14.67070743,30.0,564.93670646,9.98951018,11.97371574,19.99413627,11999.96281031,28.72191138,14.670707428822967,30.0,564.9367064579685,6354.404591804117,True,,2.9103830456733704e-13,0,0.2881598309768492,0.16064446128752763,BIOCHAR_CS_CA_LA_OA,3.1,1.853,104900.0,6.49,0.977,180.0,literature_core_properties_plus_screening_assumptions
14.28511194,31.40676207,932.43226647,9.98970349,11.20488934,19.94903208,10880.14085929,39.9821319,14.285111935610779,31.40676206731294,932.4322664735092,6014.065559524426,True,,6.366462912410498e-14,0,0.2608306215533625,0.36927522305299143,BIOCHAR_CS_CA_LA_OA,3.1,1.853,104900.0,6.49,0.977,180.0,literature_core_properties_plus_screening_assumptions
16.51999749,33.29667062,1000.0,9.98970349,11.13739749,18.64698924,11645.43398181,39.89895394,16.519997492521576,33.29667062339847,1000.0,6027.2229205891645,True,,6.730260793119669e-14,0,0.38644205577649415,0.37810431703688474,BIOCHAR_CS_CA_LA_OA,3.1,1.853,104900.0,6.49,0.977,180.0,literature_core_properties_plus_screening_assumptions
14.68256061,34.8440706,999.89053443,8.99589632,11.20498518,19.95509531,10925.2240182,39.09686986,14.682560609835072,34.84407059610509,999.8905344333151,6810.450843712255,True,,7.948983693495393e-13,0,0.2792976648890308,0.37809097776082756,BIOCHAR_CS_CA_LA_OA,3.1,1.853,104900.0,6.49,0.977,180.0,literature_core_properties_plus_screening_assumptions
16.26605002,29.84442196,992.69919145,9.98970349,11.20595264,18.72881833,12000.0,39.89267517,16.2660500166728,29.844421964434524,992.6991914474232,5991.334981304,True,,7.457856554538012e-14,0,0.3168100866572712,0.377208211485906,BIOCHAR_CS_CA_LA_OA,3.1,1.853,104900.0,6.49,0.977,180.0,literature_core_properties_plus_screening_assumptions
16.09833599,30.53087788,939.32324668,9.98970349,11.88134705,19.87869577,10880.14085929,39.9821319,16.098335990774455,30.530877878113486,939.3232466757601,6055.948762247361,True,,7.09405867382884e-14,0,0.3327480966965239,0.37023380891539226,BIOCHAR_CS_CA_LA_OA,3.1,1.853,104900.0,6.49,0.977,180.0,literature_core_properties_plus_screening_assumptions
16.26605002,34.56522573,1000.0,9.93554958,11.21643249,19.94282882,12000.0,40.0,16.2660500166728,34.56522573172471,1000.0,6032.418902496228,True,,1.2005330063402653e-13,0,0.397691250038741,0.37810431703688463,BIOCHAR_CS_CA_LA_OA,3.1,1.853,104900.0,6.49,0.977,180.0,literature_core_properties_plus_screening_assumptions
16.1086422,33.36611198,997.76643193,9.98970349,11.92604464,18.72881833,12000.0,39.90149228,16.1086421979627,33.366111980094104,997.7664319310364,5980.591910001618,True,,8.549250196665525e-14,0,0.3754418468522668,0.37783155928281187,BIOCHAR_CS_CA_LA_OA,3.1,1.853,104900.0,6.49,0.977,180.0,literature_core_properties_plus_screening_assumptions
16.14023824,34.91678501,977.44933645,9.99885033,11.99932146,19.96787193,11876.0745534,39.99836789,16.140238235299908,34.916785008823055,977.4493364530105,5987.533828908588,True,,2.310116542503238e-13,0,0.400527798811051,0.3752932700942201,BIOCHAR_CS_CA_LA_OA,3.1,1.853,104900.0,6.49,0.977,180.0,literature_core_properties_plus_screening_assumptions
14.43215885,30.02553852,998.77557324,9.74686015,11.19895109,19.70053591,10849.82228335,39.92888435,14.432158854549682,30.025538524633383,998.7755732410895,6216.41902504876,True,,7.075868779793382e-13,0,0.28958789462554524,0.37795494411186503,BIOCHAR_CS_CA_LA_OA,3.1,1.853,104900.0,6.49,0.977,180.0,literature_core_properties_plus_screening_assumptions
19.42280328,31.62176518,961.37296854,9.8986406,12.0,18.37039812,11979.12004454,39.93151611,19.42280327998702,31.621765184254187,961.3729685383124,6131.402091705862,True,,8.003553375601768e-14,0,0.5046739774123101,0.3732087910903775,BIOCHAR_CS_CA_LA_OA,3.1,1.853,104900.0,6.49,0.977,180.0,literature_core_properties_plus_screening_assumptions
16.07974166,29.15793124,979.38276293,9.99898361,11.57306091,19.98180937,12000.0,40.0,16.079741664982116,29.157931236594102,979.3827629258307,5983.04390349119,True,,5.093170329928398e-14,0,0.30991620974956274,0.37553935227349844,BIOCHAR_CS_CA_LA_OA,3.1,1.853,104900.0,6.49,0.977,180.0,literature_core_properties_plus_screening_assumptions
16.11675737,34.90351636,963.31010049,9.99898361,11.57306091,19.94119035,12000.0,39.73126348,16.11675737388273,34.9035163550083,963.3101004914813,5964.96609424833,True,,4.9112713895738124e-14,0,0.39913508134992925,0.37346364671066623,BIOCHAR_CS_CA_LA_OA,3.1,1.853,104900.0,6.49,0.977,180.0,literature_core_properties_plus_screening_assumptions
14.25629108,29.78491148,561.39718818,9.99671091,11.97371574,18.00004279,10696.76050937,28.69965031,14.256291083342607,29.784911478749827,561.3971881760788,6300.114944577041,True,,2.8740032576024533e-13,0,0.28080448594344964,0.1272818868203679,BIOCHAR_CS_CA_LA_OA,3.1,1.853,104900.0,6.49,0.977,180.0,literature_core_properties_plus_screening_assumptions
14.67586796,29.0386778,999.8915904,9.98970349,11.20593354,19.94390703,11917.98140787,39.9960763,14.675867957821936,29.03867780422984,999.891590403538,5941.195218149917,True,,6.366462912410498e-14,0,0.2805707859581415,0.37809110645339483,BIOCHAR_CS_CA_LA_OA,3.1,1.853,104900.0,6.49,0.977,180.0,literature_core_properties_plus_screening_assumptions
16.10280832,34.70604878,996.72960941,9.98970349,11.91102053,17.92804889,12000.0,39.99791079,16.102808323717408,34.70604877590446,996.72960941111,5984.250422845193,True,,7.639755494892598e-14,0,0.39590404384457134,0.37770452984360536,BIOCHAR_CS_CA_LA_OA,3.1,1.853,104900.0,6.49,0.977,180.0,literature_core_properties_plus_screening_assumptions
16.17801006,29.65398618,997.33630621,9.98961306,11.56975875,19.41914577,11978.04072894,39.99991292,16.178010055784625,29.653986176280018,997.3363062113482,5990.556090148261,True,,3.5288394428789617e-13,0,0.31070341178463307,0.37777889317632396,BIOCHAR_CS_CA_LA_OA,3.1,1.853,104900.0,6.49,0.977,180.0,literature_core_properties_plus_screening_assumptions
16.26605002,34.57754653,999.99730518,9.98970349,11.20913279,17.92796172,12000.0,39.90060678,16.2660500166728,34.57754653437602,999.9973051786922,5987.477439745994,True,,7.09405867382884e-14,0,0.3978734479509924,0.37810398868587924,BIOCHAR_CS_CA_LA_OA,3.1,1.853,104900.0,6.49,0.977,180.0,literature_core_properties_plus_screening_assumptions
14.58408725,34.8229584,999.89342322,9.98970349,11.77447434,19.99780138,10925.2240182,40.0,14.584087250782048,34.82295840282468,999.8934232223983,6006.9069484622905,True,,9.276845958083867e-14,0,0.36777482227836367,0.3780913298209486,BIOCHAR_CS_CA_LA_OA,3.1,1.853,104900.0,6.49,0.977,180.0,literature_core_properties_plus_screening_assumptions
16.12652839,31.53830406,981.24613359,9.93439786,11.95821133,19.26822944,10865.27642705,39.99996169,16.12652839017546,31.538304063352967,981.2461335938578,6100.896980868002,True,,7.457856554538012e-14,0,0.35198844811470137,0.3757756006174845,BIOCHAR_CS_CA_LA_OA,3.1,1.853,104900.0,6.49,0.977,180.0,literature_core_properties_plus_screening_assumptions
16.11048585,29.15793124,999.88838907,9.99917313,11.57306091,18.72316567,12000.0,39.89799081,16.110485846819348,29.157931236594102,999.8883890725745,5974.279030649484,True,,2.1827872842550277e-13,0,0.31078197391419493,0.3780907163018761,BIOCHAR_CS_CA_LA_OA,3.1,1.853,104900.0,6.49,0.977,180.0,literature_core_properties_plus_screening_assumptions
14.26770486,30.00043007,686.25625599,9.91455709,11.87536967,17.48852498,11971.92488668,39.99956849,14.267704860134309,30.000430072977796,686.2562559897868,6374.672529579684,True,,2.437445800751448e-13,0,0.2772438167096234,0.27344124274897885,BIOCHAR_CS_CA_LA_OA,3.1,1.853,104900.0,6.49,0.977,180.0,literature_core_properties_plus_screening_assumptions
16.55452801,30.03300362,851.3983327,9.99898361,11.5742072,18.38969031,10793.51468058,39.99873541,16.554528013232748,30.033003617230303,851.3983327006374,6026.8569149262685,True,,7.639755494892598e-14,0,0.33627365817382804,0.3568392635211609,BIOCHAR_CS_CA_LA_OA,3.1,1.853,104900.0,6.49,0.977,180.0,literature_core_properties_plus_screening_assumptions
16.26591456,34.60822461,999.74469006,9.98970349,11.20595264,19.94193569,12000.0,39.99931496,16.26591455672829,34.60822461297776,999.7446900619123,5991.046394091484,True,,7.457856554538012e-14,0,0.3983233266503481,0.3780732008926757,BIOCHAR_CS_CA_LA_OA,3.1,1.853,104900.0,6.49,0.977,180.0,literature_core_properties_plus_screening_assumptions
16.11675737,34.85764071,998.58967054,9.99898361,11.57306091,19.69435165,12000.0,40.0,16.11675737388273,34.85764071311533,998.5896705352461,5979.735239437928,True,,5.093170329928398e-14,0,0.3984640688841157,0.377932233049018,BIOCHAR_CS_CA_LA_OA,3.1,1.853,104900.0,6.49,0.977,180.0,literature_core_properties_plus_screening_assumptions
16.67577478,33.33613737,985.27660193,9.99898361,11.95568782,17.39636385,10875.44388363,40.0,16.675774778495953,33.33613737069489,985.2766019283871,6078.187366318867,True,,8.003553375601768e-14,0,0.3954934611200026,0.3762835499859343,BIOCHAR_CS_CA_LA_OA,3.1,1.853,104900.0,6.49,0.977,180.0,literature_core_properties_plus_screening_assumptions
16.41937263,33.32745481,999.9946705,9.99866742,11.97339446,17.92804889,11941.1316266,39.99790199,16.419372633905517,33.32745481272752,999.9946705019835,6001.409132835535,True,,7.639755494892598e-14,0,0.3827988147616402,0.37810366766149417,BIOCHAR_CS_CA_LA_OA,3.1,1.853,104900.0,6.49,0.977,180.0,literature_core_properties_plus_screening_assumptions
16.10879198,34.70594441,992.43601056,9.98970349,11.20937923,18.72881833,12000.0,39.99189264,16.10879197820307,34.70594440837025,992.4360105635745,5978.512234167923,True,,6.912159733474254e-14,0,0.3960440571852731,0.3771756624107041,BIOCHAR_CS_CA_LA_OA,3.1,1.853,104900.0,6.49,0.977,180.0,literature_core_properties_plus_screening_assumptions
14.66784069,30.2123874,930.0066132,9.16492949,11.74516689,19.70525797,10924.21406423,39.66454935,14.667840685953939,30.212387399527927,930.006613195244,6684.756548416243,False,POST_SIM_CONSTRAINT,11.233425780008789,14.0,0.22264239447431905,0.3689344181434824,BIOCHAR_CS_CA_LA_OA,3.1,1.853,104900.0,6.49,0.977,180.0,literature_core_properties_plus_screening_assumptions
16.11675737,34.87080672,999.88838907,9.99898361,11.57758092,18.74544484,12000.0,39.99989575,16.11675737388273,34.870806716308806,999.8883890725745,5979.690340636533,True,,7.821654435247182e-14,0,0.39865683582264294,0.3780907163018761,BIOCHAR_CS_CA_LA_OA,3.1,1.853,104900.0,6.49,0.977,180.0,literature_core_properties_plus_screening_assumptions
14.26699317,30.54820187,895.56599352,9.6696335,11.38982243,19.94270533,10880.14085929,39.9821319,14.2669931708061,30.548201873879712,895.5659935172929,6249.670541979169,True,,8.003553375601768e-14,0,0.24869082234508028,0.3638963993996658,BIOCHAR_CS_CA_LA_OA,3.1,1.853,104900.0,6.49,0.977,180.0,literature_core_properties_plus_screening_assumptions
14.58773071,29.08185429,950.32574172,10.0,11.78481905,17.49261043,10217.27440578,40.0,14.58773070764931,29.081854291821415,950.3257417204247,6058.520693342734,True,,1.4006218407303095e-13,0,0.29096963069994863,0.37173553130948367,BIOCHAR_CS_CA_LA_OA,3.1,1.853,104900.0,6.49,0.977,180.0,literature_core_properties_plus_screening_assumptions
16.54258315,30.00464956,999.90227076,9.99898361,11.56170895,18.40176828,11980.09198184,40.0,16.542583154880315,30.0046495604436,999.9022707643196,6006.837749689135,True,,1.1823431123048067e-13,0,0.32766020410063273,0.37809240806863,BIOCHAR_CS_CA_LA_OA,3.1,1.853,104900.0,6.49,0.977,180.0,literature_core_properties_plus_screening_assumptions
15.21472175,29.08185429,999.09287124,9.9999588,11.2239894,18.05389302,10925.72117515,40.0,15.214721751164667,29.081854291821415,999.092871242183,6004.603950573987,True,,6.384652806445956e-13,0,0.29108665262593125,0.37799368774866005,BIOCHAR_CS_CA_LA_OA,3.1,1.853,104900.0,6.49,0.977,180.0,literature_core_properties_plus_screening_assumptions
19.66109888,34.26544771,963.29764265,9.89335888,11.20595264,19.96407753,12000.0,38.33828157,19.661098876484115,34.26544770799097,963.2976426516266,6107.948523314202,True,,1.2732925824820997e-13,0,0.5388450592498298,0.37346201098849663,BIOCHAR_CS_CA_LA_OA,3.1,1.853,104900.0,6.49,0.977,180.0,literature_core_properties_plus_screening_assumptions
19.4330803,34.49202645,630.41966383,9.90361966,11.05013215,17.50499336,11936.7063,39.99999874,19.43308030179332,34.49202645485701,630.4196638324869,6685.7722504300855,True,,1.1641532182693482e-13,0,0.5390553933231788,0.2694500402253144,BIOCHAR_CS_CA_LA_OA,3.1,1.853,104900.0,6.49,0.977,180.0,literature_core_properties_plus_screening_assumptions
16.12159136,34.90351636,999.41636744,9.99898361,11.20776326,17.34948182,11943.90764895,39.99832271,16.121591364260563,34.9035163550083,999.4163674421828,5984.749228870034,True,,5.093170329928398e-14,0,0.3995404498426087,0.3780331628999525,BIOCHAR_CS_CA_LA_OA,3.1,1.853,104900.0,6.49,0.977,180.0,literature_core_properties_plus_screening_assumptions
16.04623924,29.98551867,1000.0,9.99898361,11.97207609,18.32633685,10934.31687851,39.17761309,16.046239238332177,29.98551866643608,1000.0,6030.264407532139,True,,9.822542779147625e-14,0,0.3204643366329487,0.3781043170368844,BIOCHAR_CS_CA_LA_OA,3.1,1.853,104900.0,6.49,0.977,180.0,literature_core_properties_plus_screening_assumptions
16.12159136,34.90351636,975.85061921,9.65891992,11.99932243,17.50640615,11949.14450071,39.99827525,16.121591364260563,34.9035163550083,975.8506192065157,6288.0507511026735,True,,1.6370904631912708e-13,0,0.39951311266196654,0.37508905275742777,BIOCHAR_CS_CA_LA_OA,3.1,1.853,104900.0,6.49,0.977,180.0,literature_core_properties_plus_screening_assumptions
14.25342434,34.46027729,999.99954226,9.7047611,11.03872886,17.82612946,11942.04334921,37.95070626,14.253424340473577,34.4602772851068,999.9995422563438,6148.465042718194,True,,7.439666660502553e-13,0,0.3142647271970149,0.3781042612631481,BIOCHAR_CS_CA_LA_OA,3.1,1.853,104900.0,6.49,0.977,180.0,literature_core_properties_plus_screening_assumptions
14.68256061,34.8440706,997.21026261,9.98970349,11.20498518,19.94263173,10925.2240182,40.0,14.682560609835072,34.84407059610509,997.2102626068415,6005.141400703508,True,,6.366462912410498e-14,0,0.37043385651459854,0.3777634513500153,BIOCHAR_CS_CA_LA_OA,3.1,1.853,104900.0,6.49,0.977,180.0,literature_core_properties_plus_screening_assumptions
16.27298975,29.99117168,1000.0,9.96820341,11.99798357,18.37039812,10780.29489951,40.0,16.272989753396125,29.991171683962826,1000.0,6096.2837416515595,True,,1.9826984498649836e-13,0,0.32786114664696414,0.37810431703688707,BIOCHAR_CS_CA_LA_OA,3.1,1.853,104900.0,6.49,0.977,180.0,literature_core_properties_plus_screening_assumptions
16.26605002,34.8440706,1000.0,9.98970349,11.20595264,18.65066968,12000.0,39.99638671,16.2660500166728,34.84407059610509,1000.0,5990.938445906258,True,,7.457856554538012e-14,0,0.4017831815243575,0.37810431703688463,BIOCHAR_CS_CA_LA_OA,3.1,1.853,104900.0,6.49,0.977,180.0,literature_core_properties_plus_screening_assumptions
16.03401029,29.98631772,1000.0,9.99898361,11.99997954,18.37039812,11999.90624243,39.26684615,16.034010286896077,29.98631771565156,1000.0,5946.407618367547,True,,8.731149137020111e-14,0,0.3132594046992941,0.37810431703688474,BIOCHAR_CS_CA_LA_OA,3.1,1.853,104900.0,6.49,0.977,180.0,literature_core_properties_plus_screening_assumptions
15.52795043,29.12165721,998.62500795,10.0,11.78258462,18.054564,10304.3596594,39.99974851,15.527950427647363,29.121657212232826,998.6250079537601,6067.039260617253,True,,6.548361852765083e-14,0,0.3053913184268097,0.37793655074456356,BIOCHAR_CS_CA_LA_OA,3.1,1.853,104900.0,6.49,0.977,180.0,literature_core_properties_plus_screening_assumptions
12.50228852,34.88710836,977.44933645,9.99898361,11.31098473,17.54043514,11949.14450071,39.99832271,12.50228851999745,34.887108364744904,977.4493364530105,5888.3537725711185,False,POST_SIM_CONSTRAINT,17.819352558504217,16.0,0.2,0.37529327009422186,BIOCHAR_CS_CA_LA_OA,3.1,1.853,104900.0,6.49,0.977,180.0,literature_core_properties_plus_screening_assumptions
16.09660675,34.79852953,988.8721613,9.98854653,11.56912052,19.91529246,10865.27642705,38.37339389,16.09660674609632,34.79852953419572,988.8721613042325,6026.96274607077,True,,3.9108272176235914e-13,0,0.40346939892659744,0.37673319585452336,BIOCHAR_CS_CA_LA_OA,3.1,1.853,104900.0,6.49,0.977,180.0,literature_core_properties_plus_screening_assumptions
19.4330803,31.54069389,600.01265401,9.90361966,11.24629683,17.50499336,5381.49181696,39.99523549,19.43308030179332,31.540693891815124,600.0126540066171,6419.567175102204,True,,6.912159733474254e-14,0,0.43884462057481494,0.11904153703318876,BIOCHAR_CS_CA_LA_OA,3.1,1.853,104900.0,6.49,0.977,180.0,literature_core_properties_plus_screening_assumptions
14.64919381,34.42569432,999.99897619,9.98983079,11.20488934,17.25512863,11942.04334921,39.99718139,14.649193814914593,34.42569432456454,999.9989761928009,5937.769630281094,True,,2.7284841053187846e-13,0,0.35733774103444893,0.3781041922911137,BIOCHAR_CS_CA_LA_OA,3.1,1.853,104900.0,6.49,0.977,180.0,literature_core_properties_plus_screening_assumptions
16.43700771,29.49445742,964.13517142,9.98970349,11.57899916,19.94824673,11997.88387457,39.90105895,16.437007710937987,29.494457422113562,964.1351714153832,6005.23360932991,True,,8.003553375601768e-14,0,0.3267103556069495,0.3735718849734939,BIOCHAR_CS_CA_LA_OA,3.1,1.853,104900.0,6.49,0.977,180.0,literature_core_properties_plus_screening_assumptions
16.28130644,34.26544771,999.87781291,9.98970349,10.89952092,19.945363,11784.90247644,39.99818867,16.281306435457715,34.26544770799097,999.8778129131723,6008.349400065783,True,,9.458744898438453e-14,0,0.3947340335245238,0.37808942735002127,BIOCHAR_CS_CA_LA_OA,3.1,1.853,104900.0,6.49,0.977,180.0,literature_core_properties_plus_screening_assumptions
14.26770486,30.00476624,686.25625599,9.99791738,11.88876988,18.90982124,11970.81204028,39.99956376,14.267704860134309,30.004766238171563,686.2562559897868,6374.6457521022485,True,,2.8740032576024533e-13,0,0.2773418482550953,0.2734256953355714,BIOCHAR_CS_CA_LA_OA,3.1,1.853,104900.0,6.49,0.977,180.0,literature_core_properties_plus_screening_assumptions
16.26687529,34.26544771,963.66281191,9.98970349,11.20595264,19.71018717,12000.0,38.34417587,16.266875289776802,34.26544770799097,963.662811905449,5961.603950114749,True,,7.275957614183426e-14,0,0.3932376170140269,0.3735099403985346,BIOCHAR_CS_CA_LA_OA,3.1,1.853,104900.0,6.49,0.977,180.0,literature_core_properties_plus_screening_assumptions
16.52037759,29.9937883,961.35247573,9.70303264,11.99798137,18.38158849,11991.07270641,40.0,16.520377594514564,29.993788300132614,961.352475732421,6241.580088637847,True,,7.312337402254343e-13,0,0.32677514736286745,0.37320608949988765,BIOCHAR_CS_CA_LA_OA,3.1,1.853,104900.0,6.49,0.977,180.0,literature_core_properties_plus_screening_assumptions
14.59515115,34.86374906,999.89396274,9.98970349,11.20490899,19.65909769,11943.40633356,39.93099015,14.59515115313521,34.863749055688466,999.8939627401842,5949.05185103338,True,,8.913048077374697e-14,0,0.36298351788302347,0.37809139557238947,BIOCHAR_CS_CA_LA_OA,3.1,1.853,104900.0,6.49,0.977,180.0,literature_core_properties_plus_screening_assumptions
16.42535629,33.33671072,992.43601056,9.98970349,11.26453648,18.72881833,12000.0,39.99559829,16.425356288391175,33.336710717215254,992.4360105635745,6001.200764192864,True,,7.275957614183426e-14,0,0.38277179097942676,0.3771756624107041,BIOCHAR_CS_CA_LA_OA,3.1,1.853,104900.0,6.49,0.977,180.0,literature_core_properties_plus_screening_assumptions
14.606588,34.82722114,934.01599304,9.99906353,11.67493022,19.70659989,10923.30717607,40.0,14.60658800405204,34.82722114167287,934.0159930380929,6000.596377192979,True,,2.746673999354243e-13,0,0.36838542457168516,0.3694967823002181,BIOCHAR_CS_CA_LA_OA,3.1,1.853,104900.0,6.49,0.977,180.0,literature_core_properties_plus_screening_assumptions
16.26605002,34.60810764,999.99171484,9.98970349,11.20595264,17.98862639,12000.0,40.0,16.2660500166728,34.60810763627989,999.9917148397816,5990.963735529711,True,,7.275957614183426e-14,0,0.3983248144724712,0.3781033075243503,BIOCHAR_CS_CA_LA_OA,3.1,1.853,104900.0,6.49,0.977,180.0,literature_core_properties_plus_screening_assumptions
16.61069066,30.06940313,999.9949132,9.99898361,11.20110779,18.37039812,10775.39713253,33.32860692,16.610690664416794,30.06940312679033,999.9949131956448,5888.791499318199,True,,9.640643838793039e-14,0,0.3386290141893132,0.37810369723277604,BIOCHAR_CS_CA_LA_OA,3.1,1.853,104900.0,6.49,0.977,180.0,literature_core_properties_plus_screening_assumptions
19.4330803,31.2662224,610.54580948,9.90361966,11.60439223,17.50499336,5381.49181696,39.99999922,19.43308030179332,31.26622239599041,610.5458094790521,6403.765337350857,True,,4.18367562815547e-14,0,0.43466915910531045,0.13075924033682051,BIOCHAR_CS_CA_LA_OA,3.1,1.853,104900.0,6.49,0.977,180.0,literature_core_properties_plus_screening_assumptions
16.27232154,33.29667062,921.49425539,9.98949526,11.20595264,19.9702613,12000.0,39.99856376,16.27232154373618,33.29667062339847,921.4942553871693,5985.306621731121,True,,1.3096723705530166e-13,0,0.37836518370764455,0.36772423988746783,BIOCHAR_CS_CA_LA_OA,3.1,1.853,104900.0,6.49,0.977,180.0,literature_core_properties_plus_screening_assumptions
14.79404441,29.08185429,998.8890043,10.0,11.78339759,18.05389302,10304.3596594,39.99998806,14.794044414095513,29.081854291821415,998.8890043004299,6052.631567577402,True,,1.1459633242338896e-13,0,0.28384157371186364,0.37796879742424583,BIOCHAR_CS_CA_LA_OA,3.1,1.853,104900.0,6.49,0.977,180.0,literature_core_properties_plus_screening_assumptions
16.23715617,28.81412589,998.81162265,9.98970349,11.22809037,19.94543549,12000.0,38.33828157,16.23715617163224,28.814125889770253,998.8116226522768,5939.885730645681,True,,7.275957614183426e-14,0,0.307253524311184,0.3779593471601278,BIOCHAR_CS_CA_LA_OA,3.1,1.853,104900.0,6.49,0.977,180.0,literature_core_properties_plus_screening_assumptions
14.32353443,29.99463427,938.05561157,9.93439786,11.99805751,19.87811284,10907.33306401,39.99952948,14.323534434652544,29.994634268264907,938.0556115725109,6050.367945492166,True,,9.458744898438453e-14,0,0.2731061424794186,0.37005852819602636,BIOCHAR_CS_CA_LA_OA,3.1,1.853,104900.0,6.49,0.977,180.0,literature_core_properties_plus_screening_assumptions
8.5049258,29.98629772,994.67455267,9.97239762,11.60003331,19.99936206,10848.87964518,39.99432536,8.50492580448191,29.986297723662602,994.6745526725578,10000.0,False,ROOM_T_LIMIT,,0,0.28162886565540773,nan,BIOCHAR_CS_CA_LA_OA,,,,,,,literature_core_properties_plus_screening_assumptions
19.72320909,34.91091965,999.94080435,9.89255474,11.20498518,19.94895848,10925.2240182,39.20779089,19.723209089759766,34.91091965133083,999.9408043467183,6193.291449522075,True,,5.420588422566652e-13,0,0.5508666958667312,0.3780971039240849,BIOCHAR_CS_CA_LA_OA,3.1,1.853,104900.0,6.49,0.977,180.0,literature_core_properties_plus_screening_assumptions
16.2009973,34.26544771,963.29764265,9.99062249,11.36093133,17.93655868,11998.17949718,38.3826146,16.200997297647636,34.26544770799097,963.2976426516266,5952.984090913406,True,,1.964508555829525e-13,0,0.3916686552074854,0.37346201098849663,BIOCHAR_CS_CA_LA_OA,3.1,1.853,104900.0,6.49,0.977,180.0,literature_core_properties_plus_screening_assumptions
14.67586796,29.0386778,999.8915904,9.98970349,11.20593354,17.89157457,11917.98140787,39.60573841,14.675867957821936,29.03867780422984,999.891590403538,5930.246499369331,True,,6.366462912410498e-14,0,0.2805707859581415,0.37809110645339483,BIOCHAR_CS_CA_LA_OA,3.1,1.853,104900.0,6.49,0.977,180.0,literature_core_properties_plus_screening_assumptions
16.08717925,29.16458283,1000.0,9.99898361,11.9742223,18.44911237,11999.90624243,40.0,16.08717924666468,29.164582832119205,1000.0,5975.193031210165,True,,8.185452315956354e-14,0,0.31026284268499277,0.37810431703688474,BIOCHAR_CS_CA_LA_OA,3.1,1.853,104900.0,6.49,0.977,180.0,literature_core_properties_plus_screening_assumptions
15.78744268,34.90351636,977.44933645,9.99898361,11.78521042,16.96826476,10755.97942864,39.99995597,15.787442682022444,34.9035163550083,977.4493364530105,6048.362463276985,True,,6.912159733474254e-14,0,0.398378613686049,0.3752932700942221,BIOCHAR_CS_CA_LA_OA,3.1,1.853,104900.0,6.49,0.977,180.0,literature_core_properties_plus_screening_assumptions
16.26605002,34.58687747,996.28138806,9.72887847,11.23248946,17.98883416,12000.0,38.89790359,16.2660500166728,34.58687746881233,996.2813880631553,6179.698596026653,True,,3.1468516681343315e-13,0,0.39801135807001065,0.37764953283125,BIOCHAR_CS_CA_LA_OA,3.1,1.853,104900.0,6.49,0.977,180.0,literature_core_properties_plus_screening_assumptions
16.11687368,34.90351636,977.44933645,9.99898361,11.98001141,17.32067496,11999.58464708,39.99832271,16.116873680926922,34.9035163550083,977.4493364530105,5982.810604914522,True,,1.0550138540565968e-13,0,0.39913997889376207,0.3752932700942203,BIOCHAR_CS_CA_LA_OA,3.1,1.853,104900.0,6.49,0.977,180.0,literature_core_properties_plus_screening_assumptions
19.4330803,29.51413694,610.54580948,9.41547615,11.61141934,16.34013409,5381.49181696,39.99999922,19.43308030179332,29.51413694196128,610.5458094790521,6600.169540536843,True,,8.731149137020111e-13,0,0.3474738200489851,0.13075924033682051,BIOCHAR_CS_CA_LA_OA,3.1,1.853,104900.0,6.49,0.977,180.0,literature_core_properties_plus_screening_assumptions
14.66784069,34.84293135,999.32319689,9.98970349,11.57479982,19.94291533,10925.2240182,39.73330023,14.667840685953939,34.84293134550255,999.3231968918992,6001.688362369695,True,,9.458744898438453e-14,0,0.3700677794357758,0.37802179623095133,BIOCHAR_CS_CA_LA_OA,3.1,1.853,104900.0,6.49,0.977,180.0,literature_core_properties_plus_screening_assumptions
19.42280328,31.83167808,965.6740787,9.92619133,11.99913627,18.45261378,11999.8641454,39.99996154,19.42280327998702,31.831678084672276,965.6740786997533,6091.021593645623,True,,2.6011548470705745e-13,0,0.5072890274779013,0.3737732750127729,BIOCHAR_CS_CA_LA_OA,3.1,1.853,104900.0,6.49,0.977,180.0,literature_core_properties_plus_screening_assumptions
16.54219742,29.97537498,999.95278129,9.99189944,11.59333802,19.26822944,10865.27642705,39.38588174,16.542197423274214,29.97537498479479,999.9527812865743,6070.281326178117,True,,2.255546860396862e-13,0,0.3343311306827479,0.3780985634078663,BIOCHAR_CS_CA_LA_OA,3.1,1.853,104900.0,6.49,0.977,180.0,literature_core_properties_plus_screening_assumptions
14.67586796,34.8440706,969.22425636,9.98970349,11.56212977,19.94328946,11999.72485655,39.99940981,14.675867957821936,34.84407059610509,969.2242563578429,5930.434696204483,True,,9.276845958083867e-14,0,0.3642924247631422,0.37423543277945326,BIOCHAR_CS_CA_LA_OA,3.1,1.853,104900.0,6.49,0.977,180.0,literature_core_properties_plus_screening_assumptions
16.13260799,29.99117168,999.8911125,9.99898361,11.58127362,17.69675946,10773.524893,40.0,16.132607991925045,29.991171683962826,999.8911125014833,6047.739554534648,True,,6.366462912410498e-14,0,0.32406542546886336,0.37809104821083694,BIOCHAR_CS_CA_LA_OA,3.1,1.853,104900.0,6.49,0.977,180.0,literature_core_properties_plus_screening_assumptions
18.22227298,33.77783528,617.76186471,10.0,11.13729703,19.87324928,11029.93908956,39.93085893,18.222272978332903,33.777835276418685,617.761864714449,6612.662084925821,True,,1.1641532182693482e-13,0,0.4251651241558721,0.2450468523350855,BIOCHAR_CS_CA_LA_OA,3.1,1.853,104900.0,6.49,0.977,180.0,literature_core_properties_plus_screening_assumptions
19.4330803,31.54069389,598.65175374,9.90361966,11.96978851,17.48852352,11906.52659659,39.99923736,19.43308030179332,31.540693891815124,598.6517537383114,6744.011957589613,True,,6.730260793119669e-14,0,0.5040546184945228,0.23054420047198232,BIOCHAR_CS_CA_LA_OA,3.1,1.853,104900.0,6.49,0.977,180.0,literature_core_properties_plus_screening_assumptions
16.11675737,29.15793124,999.89699136,9.99898361,11.5991864,19.97965721,12000.0,40.0,16.11675737388273,29.157931236594102,999.8969913585026,5979.688298630265,True,,8.36735125631094e-14,0,0.3109585739398292,0.37809176467108163,BIOCHAR_CS_CA_LA_OA,3.1,1.853,104900.0,6.49,0.977,180.0,literature_core_properties_plus_screening_assumptions
16.11675737,29.72744964,964.32776556,9.99997719,11.2997442,19.43208695,11938.19814075,39.99999282,16.11675737388273,29.72744963938778,964.3277655561571,5978.82216095086,True,,5.038600647822023e-13,0,0.3107337718007552,0.37359712409546497,BIOCHAR_CS_CA_LA_OA,3.1,1.853,104900.0,6.49,0.977,180.0,literature_core_properties_plus_screening_assumptions
16.12147662,34.70989494,999.41636744,9.99898361,11.20776809,18.83969801,11999.14699538,39.99832271,16.121476615096533,34.70989493702813,999.4163674421828,5983.1804401905165,True,,8.549250196665525e-14,0,0.39640694948464417,0.37803316289995303,BIOCHAR_CS_CA_LA_OA,3.1,1.853,104900.0,6.49,0.977,180.0,literature_core_properties_plus_screening_assumptions
14.66771171,34.8440706,999.8915679,9.98970349,11.20592341,19.9653024,10919.14397932,39.99627028,14.667711706178011,34.84407059610509,999.8915679024892,6003.048520748683,True,,9.276845958083867e-14,0,0.3701186673111443,0.3780911037111635,BIOCHAR_CS_CA_LA_OA,3.1,1.853,104900.0,6.49,0.977,180.0,literature_core_properties_plus_screening_assumptions
16.11498005,34.90351636,961.00934699,9.99898361,11.20806826,19.98315705,11943.64312229,39.97842748,16.11498005396727,34.9035163550083,961.0093469860014,5976.9775395186125,True,,6.912159733474254e-14,0,0.3993862663615661,0.37316083732886196,BIOCHAR_CS_CA_LA_OA,3.1,1.853,104900.0,6.49,0.977,180.0,literature_core_properties_plus_screening_assumptions
16.12159136,34.69801499,977.44933645,9.99898361,11.96957419,17.44501664,11948.47181407,39.99832271,16.121591364260563,34.69801499370098,977.4493364530105,5987.092210831649,True,,9.276845958083867e-14,0,0.3964990925023509,0.37529327009422,BIOCHAR_CS_CA_LA_OA,3.1,1.853,104900.0,6.49,0.977,180.0,literature_core_properties_plus_screening_assumptions
16.09593841,34.90351636,977.44933645,9.99898361,11.99918196,17.3524426,10871.00033014,39.99832271,16.09593841055047,34.9035163550083,977.4493364530105,6058.515214881651,True,,8.913048077374697e-14,0,0.40493987294667905,0.3752932700942193,BIOCHAR_CS_CA_LA_OA,3.1,1.853,104900.0,6.49,0.977,180.0,literature_core_properties_plus_screening_assumptions
14.61312799,30.07615858,687.1170945,9.44543691,11.88703794,17.50437404,11970.81204028,39.99956616,14.613127985811431,30.076158581867112,687.117094503196,6514.494931626422,True,,2.892193151637912e-13,0,0.27640215674527807,0.27942903374392547,BIOCHAR_CS_CA_LA_OA,3.1,1.853,104900.0,6.49,0.977,180.0,literature_core_properties_plus_screening_assumptions
16.51999749,33.29667062,1000.0,9.98970349,11.13739749,18.64698924,11653.11030998,39.89895394,16.519997492521576,33.29667062339847,1000.0,6027.458673566064,True,,8.549250196665525e-14,0,0.38639847271991257,0.37810431703688585,BIOCHAR_CS_CA_LA_OA,3.1,1.853,104900.0,6.49,0.977,180.0,literature_core_properties_plus_screening_assumptions
19.4330803,31.54571748,599.93954756,9.90361966,11.61093952,17.50499336,5381.49181696,39.99977688,19.43308030179332,31.54571748329098,599.9395475623036,6419.699177742428,True,,4.001776687800884e-14,0,0.43892036602467693,0.11895273582785337,BIOCHAR_CS_CA_LA_OA,3.1,1.853,104900.0,6.49,0.977,180.0,literature_core_properties_plus_screening_assumptions
19.54488622,31.61384807,999.98951224,9.8986406,11.22078555,18.38963234,11777.83051601,39.99996158,19.54488621504561,31.613848073977056,999.9895122401193,6145.525964964874,True,,8.003553375601768e-14,0,0.506899894855804,0.37810303914386956,BIOCHAR_CS_CA_LA_OA,3.1,1.853,104900.0,6.49,0.977,180.0,literature_core_properties_plus_screening_assumptions
16.27401541,34.72033208,998.06476619,9.80986188,11.57306091,19.70595091,12000.0,39.90130449,16.27401541235246,34.72033207915627,998.0647661906336,6116.617561828486,True,,6.257323548197746e-13,0,0.40016384853310527,0.3778680617287865,BIOCHAR_CS_CA_LA_OA,3.1,1.853,104900.0,6.49,0.977,180.0,literature_core_properties_plus_screening_assumptions
14.6820101,33.29222955,997.23719807,9.9946933,11.96345627,17.47107181,10614.98413538,40.0,14.682010095187206,33.29222955332379,997.2371980745878,6036.250695781678,True,,1.546140993013978e-13,0,0.34729655711916835,0.37776675158992157,BIOCHAR_CS_CA_LA_OA,3.1,1.853,104900.0,6.49,0.977,180.0,literature_core_properties_plus_screening_assumptions
14.76214111,29.08185429,998.8890043,9.97169336,11.57186838,17.99617347,10304.3596594,40.0,14.762141106953317,29.081854291821415,998.8890043004299,6074.074868335514,True,,7.039488991722465e-13,0,0.2829396376777295,0.37796879742424583,BIOCHAR_CS_CA_LA_OA,3.1,1.853,104900.0,6.49,0.977,180.0,literature_core_properties_plus_screening_assumptions
16.11675737,29.73408978,999.89434822,9.93358335,11.57306091,19.93130055,11999.78157482,38.8875692,16.11675737388273,29.734089783055737,999.8943482167618,6000.767991717371,True,,8.003553375601768e-14,0,0.31049147179984915,0.37809144255066984,BIOCHAR_CS_CA_LA_OA,3.1,1.853,104900.0,6.49,0.977,180.0,literature_core_properties_plus_screening_assumptions
16.03640314,31.56941823,1000.0,9.99898361,11.99915928,17.6572702,10773.524893,40.0,16.036403138524175,31.56941822522265,1000.0,6049.015716818406,True,,5.820766091346741e-14,0,0.3508065299728631,0.37810431703688485,BIOCHAR_CS_CA_LA_OA,3.1,1.853,104900.0,6.49,0.977,180.0,literature_core_properties_plus_screening_assumptions
14.28511194,32.44793713,932.43226647,9.98970349,11.12534657,19.94903208,10880.14085929,39.99929941,14.285111935610779,32.44793713267582,932.4322664735092,6011.675221624461,True,,6.912159733474254e-14,0,0.2808563771680348,0.36927522305299143,BIOCHAR_CS_CA_LA_OA,3.1,1.853,104900.0,6.49,0.977,180.0,literature_core_properties_plus_screening_assumptions
14.68256061,34.8440706,998.83168234,9.98941806,11.20498518,18.01299431,10321.67757158,40.0,14.682560609835072,34.84407059610509,998.8316823408946,6053.170885416703,True,,5.275069270282983e-13,0,0.3672818728801246,0.37796179709799793,BIOCHAR_CS_CA_LA_OA,3.1,1.853,104900.0,6.49,0.977,180.0,literature_core_properties_plus_screening_assumptions
16.11675737,34.90351636,933.84257624,9.99935509,11.18257454,19.94119035,12000.0,39.73126348,16.11675737388273,34.9035163550083,933.8425762353322,5950.87017797011,True,,3.9835867937654257e-13,0,0.39913504936044714,0.36947255836084025,BIOCHAR_CS_CA_LA_OA,3.1,1.853,104900.0,6.49,0.977,180.0,literature_core_properties_plus_screening_assumptions
14.25770199,29.98557295,994.67455267,9.93439786,11.96257911,17.97959606,10865.27642705,30.58358466,14.25770198826639,29.985572947396157,994.6745526725578,5823.301933242081,True,,6.730260793119669e-14,0,0.27052411922564495,0.3774519660493081,BIOCHAR_CS_CA_LA_OA,3.1,1.853,104900.0,6.49,0.977,180.0,literature_core_properties_plus_screening_assumptions
14.29359277,29.98549867,963.08520663,9.93439786,11.58069827,19.92954321,10865.27642705,40.0,14.293592771049594,29.985498674447122,963.0852066267271,6063.023307789332,True,,6.730260793119669e-14,0,0.26747069809954416,0.3734341114948946,BIOCHAR_CS_CA_LA_OA,3.1,1.853,104900.0,6.49,0.977,180.0,literature_core_properties_plus_screening_assumptions
16.52693723,29.99117168,999.99482655,9.99898361,11.77069378,18.40097994,10775.39713253,40.0,16.5269372292449,29.991171683962826,999.9948265450936,6075.37470461817,True,,6.002665031701327e-14,0,0.3348481160108775,0.3781036866747437,BIOCHAR_CS_CA_LA_OA,3.1,1.853,104900.0,6.49,0.977,180.0,literature_core_properties_plus_screening_assumptions
14.23996065,29.12165721,928.26336682,9.98983929,11.78258462,18.13583778,10304.3596594,39.99829439,14.23996064509598,29.121657212232826,928.2633668169684,6045.7016499045,True,,1.255102688446641e-13,0,0.26256306274285096,0.3686883920898092,BIOCHAR_CS_CA_LA_OA,3.1,1.853,104900.0,6.49,0.977,180.0,literature_core_properties_plus_screening_assumptions
16.06839433,26.96697783,999.39400596,9.98970349,11.88134705,19.90204741,11940.93250631,39.98222771,16.068394327171504,26.96697782987452,999.3940059562095,5985.83457702989,True,,7.275957614183426e-14,0,0.2877930172130241,0.3780304350250254,BIOCHAR_CS_CA_LA_OA,3.1,1.853,104900.0,6.49,0.977,180.0,literature_core_properties_plus_screening_assumptions
14.69689485,34.79261263,932.73554297,9.98970349,11.20542279,19.70525797,11968.11243423,39.99993096,14.69689485113319,34.79261263371817,932.7355429658871,5931.9051135502805,True,,1.1641532182693482e-13,0,0.3641500290906137,0.36931770886744375,BIOCHAR_CS_CA_LA_OA,3.1,1.853,104900.0,6.49,0.977,180.0,literature_core_properties_plus_screening_assumptions
14.3821548,31.50666896,997.90230634,9.995034,12.0,18.43888027,11768.22878064,39.99995953,14.38215479597993,31.506668959318926,997.9023063387991,5943.769741768235,True,,2.5283952709287407e-13,0,0.3002529441602769,0.3778481867910025,BIOCHAR_CS_CA_LA_OA,3.1,1.853,104900.0,6.49,0.977,180.0,literature_core_properties_plus_screening_assumptions
14.33358285,30.00476624,686.25625599,9.98981011,11.21053733,19.70071508,11972.06701296,39.99956376,14.333582852263476,30.004766238171563,686.2562559897868,6372.219489173951,True,,4.620233085006476e-13,0,0.2791452695851031,0.2770365846114212,BIOCHAR_CS_CA_LA_OA,3.1,1.853,104900.0,6.49,0.977,180.0,literature_core_properties_plus_screening_assumptions
16.02657271,29.97966612,999.88838907,9.99898361,11.59052014,19.88379574,12000.0,40.0,16.026572705213514,29.979666120126456,999.8883890725745,5971.212863112602,True,,8.003553375601768e-14,0,0.31292294568171336,0.3780907163018761,BIOCHAR_CS_CA_LA_OA,3.1,1.853,104900.0,6.49,0.977,180.0,literature_core_properties_plus_screening_assumptions
16.52693723,29.99117168,1000.0,9.99898361,11.98109177,18.39131849,11958.32815057,39.69239191,16.5269372292449,29.991171683962826,1000.0,5991.989094124047,True,,5.638867150992155e-14,0,0.327102028725371,0.37810431703688463,BIOCHAR_CS_CA_LA_OA,3.1,1.853,104900.0,6.49,0.977,180.0,literature_core_properties_plus_screening_assumptions
16.27401541,30.02553852,966.75388032,9.98936929,11.54627766,19.93383484,12000.0,39.90130449,16.27401541235246,30.025538524633383,966.7538803207923,5987.590760883536,True,,6.311893230304122e-13,0,0.32060009661702527,0.37391420130229525,BIOCHAR_CS_CA_LA_OA,3.1,1.853,104900.0,6.49,0.977,180.0,literature_core_properties_plus_screening_assumptions
16.12147506,34.85764071,998.58967054,9.99898361,11.5844011,19.72424223,11947.89191231,40.0,16.121475057216372,34.85764071311533,998.5896705352461,5981.894167619318,True,,8.549250196665525e-14,0,0.39884639014614853,0.37793223304901813,BIOCHAR_CS_CA_LA_OA,3.1,1.853,104900.0,6.49,0.977,180.0,literature_core_properties_plus_screening_assumptions
16.54258315,30.00464956,998.74747353,9.99898361,11.9845102,17.64521366,11562.9923309,39.75198777,16.542583154880315,30.0046495604436,998.7474735287175,6017.617685361757,True,,7.09405867382884e-14,0,0.3302475790539734,0.3779515118135517,BIOCHAR_CS_CA_LA_OA,3.1,1.853,104900.0,6.49,0.977,180.0,literature_core_properties_plus_screening_assumptions
16.11675737,33.94754077,963.18000629,9.99898361,11.36019367,19.94112869,12000.0,39.99235282,16.11675737388273,33.947540771241435,963.1800062934374,5975.132861812752,True,,7.821654435247182e-14,0,0.38477671063480723,0.373446563175734,BIOCHAR_CS_CA_LA_OA,3.1,1.853,104900.0,6.49,0.977,180.0,literature_core_properties_plus_screening_assumptions
16.11675737,34.6737385,997.31590929,9.99570719,11.54350904,19.62368188,11741.75676616,40.0,16.11675737388273,34.67373850443366,997.3159092915752,5994.175304873677,True,,5.438778316602111e-13,0,0.3971251162710376,0.3777763945779804,BIOCHAR_CS_CA_LA_OA,3.1,1.853,104900.0,6.49,0.977,180.0,literature_core_properties_plus_screening_assumptions
16.23715617,28.84345292,993.00711951,9.93216732,11.22809037,19.94543549,12000.0,38.50445911,16.23715617163224,28.843452916065303,993.0071195070465,6004.919387941712,True,,1.5643308870494364e-13,0,0.30786536311594564,0.37724627280494505,BIOCHAR_CS_CA_LA_OA,3.1,1.853,104900.0,6.49,0.977,180.0,literature_core_properties_plus_screening_assumptions
16.07974166,29.15793124,979.29135519,9.99898361,11.21688434,19.98137356,11941.5086301,39.99999159,16.079741664982116,29.157931236594102,979.2913551946165,5984.401831178966,True,,5.820766091346741e-14,0,0.31028017338181124,0.3755277399769775,BIOCHAR_CS_CA_LA_OA,3.1,1.853,104900.0,6.49,0.977,180.0,literature_core_properties_plus_screening_assumptions
16.51108661,29.73408978,999.99502607,9.99898361,11.98272262,19.42048769,12000.0,40.0,16.511086611202582,29.734089783055737,999.9950260669616,6001.770898650452,True,,7.821654435247182e-14,0,0.3213790188848721,0.3781037109857044,BIOCHAR_CS_CA_LA_OA,3.1,1.853,104900.0,6.49,0.977,180.0,literature_core_properties_plus_screening_assumptions
14.34584479,30.54276465,943.80942731,9.98970349,11.99897305,17.59292703,5359.40519245,39.9821319,14.345844793266073,30.542764650054746,943.8094273125465,6215.016837198543,True,,8.185452315956354e-14,0,0.28446475106349045,0.3048250827861062,BIOCHAR_CS_CA_LA_OA,3.1,1.853,104900.0,6.49,0.977,180.0,literature_core_properties_plus_screening_assumptions
14.26770486,30.00043007,687.61715626,9.99072912,11.87618264,17.50499482,5310.88662824,39.9995574,14.267704860134309,30.000430072977796,687.6171562580927,6224.01384556869,True,,6.002665031701327e-14,0,0.26863072882912664,0.10249035371823334,BIOCHAR_CS_CA_LA_OA,3.1,1.853,104900.0,6.49,0.977,180.0,literature_core_properties_plus_screening_assumptions
14.12120147,33.3307303,999.88840692,9.99898361,11.19746548,19.91842819,10914.87059417,40.0,14.121201471615736,33.33073030336107,999.8884069194785,6001.718616292315,True,,6.912159733474254e-14,0,0.27267352675086304,0.37809071847691544,BIOCHAR_CS_CA_LA_OA,3.1,1.853,104900.0,6.49,0.977,180.0,literature_core_properties_plus_screening_assumptions
15.52795043,29.12165721,998.62500795,9.99898493,11.78258462,18.054564,10285.80600662,39.99975044,15.527950427647363,29.121657212232826,998.6250079537601,6066.4524300281055,True,,2.510205376893282e-13,0,0.30553578064353637,0.37793655074456356,BIOCHAR_CS_CA_LA_OA,3.1,1.853,104900.0,6.49,0.977,180.0,literature_core_properties_plus_screening_assumptions
16.10890673,34.89956577,992.43601056,9.98970349,11.2093744,17.38993808,11968.95845167,39.99189264,16.1089067273671,34.89956577180073,992.4360105635745,5983.499746652291,True,,8.913048077374697e-14,0,0.399053837939102,0.37717566241070355,BIOCHAR_CS_CA_LA_OA,3.1,1.853,104900.0,6.49,0.977,180.0,literature_core_properties_plus_screening_assumptions
14.67599694,27.70047718,999.89055693,9.86521197,11.20489947,19.94390703,11922.17871945,39.99973107,14.675996937597866,27.700477175232244,999.890556934364,6039.185904050648,True,,4.5292836148291826e-13,0,0.2630715150235794,0.3780909805030649,BIOCHAR_CS_CA_LA_OA,3.1,1.853,104900.0,6.49,0.977,180.0,literature_core_properties_plus_screening_assumptions
16.2734866,34.26544771,999.815505,9.98970349,11.20564763,17.18906002,11999.03098411,37.57076703,16.273486600070097,34.26544770799097,999.8155049977648,5924.810631294437,True,,1.1095835361629724e-13,0,0.3934011980996062,0.378081833123017,BIOCHAR_CS_CA_LA_OA,3.1,1.853,104900.0,6.49,0.977,180.0,literature_core_properties_plus_screening_assumptions
16.10879198,34.92104736,992.43601056,9.98970349,11.22359327,18.78031449,11999.63257552,39.99189264,16.10879197820307,34.9210473610896,992.4360105635745,5978.501080954682,True,,9.276845958083867e-14,0,0.39920569359810004,0.37717566241070477,BIOCHAR_CS_CA_LA_OA,3.1,1.853,104900.0,6.49,0.977,180.0,literature_core_properties_plus_screening_assumptions
16.12398894,30.53087788,939.32324668,9.98970349,11.87734961,18.45233659,11952.41790842,39.98843919,16.123988944484548,30.530877878113486,939.3232466757601,5974.159460823906,True,,9.458744898438453e-14,0,0.3265873092027704,0.3702338089153945,BIOCHAR_CS_CA_LA_OA,3.1,1.853,104900.0,6.49,0.977,180.0,literature_core_properties_plus_screening_assumptions
19.08765718,31.46930155,599.15181549,9.99162178,11.97151994,17.70711697,5381.49181696,39.9992286,19.087657175393037,31.469301548119542,599.1518154932081,6389.9744580158,True,,6.075424607843161e-13,0,0.4342801644979156,0.11806494874494466,BIOCHAR_CS_CA_LA_OA,3.1,1.853,104900.0,6.49,0.977,180.0,literature_core_properties_plus_screening_assumptions
16.26605002,34.99487933,999.99730518,9.98970349,11.3743529,17.92796172,11985.13290498,39.90060678,16.2660500166728,34.99487932799338,999.9973051786922,5992.984183849342,True,,8.185452315956354e-14,0,0.4040459593948081,0.37810398868588024,BIOCHAR_CS_CA_LA_OA,3.1,1.853,104900.0,6.49,0.977,180.0,literature_core_properties_plus_screening_assumptions
19.4330803,31.2611988,610.61891592,9.90361966,11.23974954,17.50499336,5381.49181696,39.99536295,19.43308030179332,31.261198804514557,610.6189159233655,6403.636341337377,True,,4.001776687800884e-14,0,0.4345920532850982,0.13084645690605679,BIOCHAR_CS_CA_LA_OA,3.1,1.853,104900.0,6.49,0.977,180.0,literature_core_properties_plus_screening_assumptions
16.14396708,34.61482445,997.89605569,9.98970349,11.96896345,17.92775395,11985.89217704,39.99999915,16.143967081604877,34.614824449347026,997.8960556882665,5994.1584333194905,True,,1.1459633242338896e-13,0,0.39560184567662054,0.37784742197259613,BIOCHAR_CS_CA_LA_OA,3.1,1.853,104900.0,6.49,0.977,180.0,literature_core_properties_plus_screening_assumptions
16.29046037,30.10913498,964.71869924,9.98970349,11.54214476,19.94282882,12000.0,40.0,16.290460365800254,30.109134978432152,964.7186992400348,5993.327492407949,True,,8.003553375601768e-14,0,0.3226822415566508,0.3736483242895221,BIOCHAR_CS_CA_LA_OA,3.1,1.853,104900.0,6.49,0.977,180.0,literature_core_properties_plus_screening_assumptions
14.61224319,34.95694472,985.2492005,9.99911413,11.21818449,19.84686169,10925.2240182,40.0,14.612243194970002,34.95694472118341,985.2492004964383,6000.570174738874,True,,5.402398528531193e-13,0,0.3705136477350046,0.3762801106801714,BIOCHAR_CS_CA_LA_OA,3.1,1.853,104900.0,6.49,0.977,180.0,literature_core_properties_plus_screening_assumptions
16.29666108,34.60822461,999.74469006,9.98922206,11.20595264,19.96375064,12000.0,39.99931496,16.29666107599624,34.60822461297776,999.7446900619123,5992.4594906315815,True,,8.203642209991813e-13,0,0.3990527779192353,0.3780732008926757,BIOCHAR_CS_CA_LA_OA,3.1,1.853,104900.0,6.49,0.977,180.0,literature_core_properties_plus_screening_assumptions
14.36336998,29.99463427,999.69445292,9.99882463,11.94599551,19.67447152,11977.80249167,40.0,14.363369978308393,29.994634268264907,999.6944529241802,5948.11789564798,True,,7.566995918750763e-13,0,0.27971695042288885,0.3780670763226427,BIOCHAR_CS_CA_LA_OA,3.1,1.853,104900.0,6.49,0.977,180.0,literature_core_properties_plus_screening_assumptions
16.52454438,29.98631772,1000.0,9.99898361,11.99992088,18.37039812,11999.90624243,40.0,16.524544377616802,29.98631771565156,1000.0,5998.548573075188,True,,6.730260793119669e-14,0,0.3266909250588177,0.37810431703688474,BIOCHAR_CS_CA_LA_OA,3.1,1.853,104900.0,6.49,0.977,180.0,literature_core_properties_plus_screening_assumptions
16.07974166,29.15793124,979.38276293,9.99898361,11.65260366,19.98180937,12000.0,39.98246796,16.079741664982116,29.157931236594102,979.3827629258307,5980.10928507544,True,,7.09405867382884e-14,0,0.30991621015184495,0.37553935227349844,BIOCHAR_CS_CA_LA_OA,3.1,1.853,104900.0,6.49,0.977,180.0,literature_core_properties_plus_screening_assumptions
14.79404441,29.08185429,999.94100947,9.99992436,11.78258462,19.96000823,10907.90610602,40.0,14.794044414095513,29.081854291821415,999.941009466992,6014.034516193092,True,,3.4015101846307516e-13,0,0.29162800576707576,0.37809712891988845,BIOCHAR_CS_CA_LA_OA,3.1,1.853,104900.0,6.49,0.977,180.0,literature_core_properties_plus_screening_assumptions
14.66784069,34.80357737,983.21341917,9.70141169,11.59537571,19.70525797,10924.21406423,39.99991292,14.667840685953939,34.80357737028862,983.2134191658672,6247.588848655975,True,,4.965841071680189e-13,0,0.3694644230351622,0.37602405250727355,BIOCHAR_CS_CA_LA_OA,3.1,1.853,104900.0,6.49,0.977,180.0,literature_core_properties_plus_screening_assumptions
14.68056486,29.99992573,564.93670646,9.70785929,11.59102857,19.93850014,11999.96281031,39.46618116,14.680564862569886,29.999925727050964,564.9367064579685,6565.266319144238,True,,8.549250196665525e-14,0,0.2884153744410161,0.14629637920968408,BIOCHAR_CS_CA_LA_OA,3.1,1.853,104900.0,6.49,0.977,180.0,literature_core_properties_plus_screening_assumptions
16.11675737,34.90351636,995.25293542,9.99898361,11.27379587,19.70595091,12000.0,38.12854285,16.11675737388273,34.9035163550083,995.2529354206471,5929.627871280191,True,,8.003553375601768e-14,0,0.3991351434286664,0.37752315395721414,BIOCHAR_CS_CA_LA_OA,3.1,1.853,104900.0,6.49,0.977,180.0,literature_core_properties_plus_screening_assumptions
16.07974166,28.45479261,999.89132086,9.99898361,11.70074676,19.9306504,12000.0,38.8771082,16.079741664982116,28.454792611041952,999.891320856939,5942.761586673904,True,,8.185452315956354e-14,0,0.3076834364252223,0.37809107360339966,BIOCHAR_CS_CA_LA_OA,3.1,1.853,104900.0,6.49,0.977,180.0,literature_core_properties_plus_screening_assumptions
15.57310172,30.54276465,999.47709603,9.99965169,11.20488934,19.84982753,10880.14085929,39.98340752,15.57310171816216,30.542764650054746,999.4770960342522,6018.774870051857,True,,2.892193151637912e-13,0,0.3188529415217997,0.3780405705578225,BIOCHAR_CS_CA_LA_OA,3.1,1.853,104900.0,6.49,0.977,180.0,literature_core_properties_plus_screening_assumptions
19.47936472,31.69158349,998.58967054,9.99575032,11.57306091,19.69435165,11855.48677192,39.99518855,19.479364719254807,31.691583489250043,998.5896705352461,6045.755752862194,True,,1.546140993013978e-13,0,0.5067809200932012,0.3779322330490188,BIOCHAR_CS_CA_LA_OA,3.1,1.853,104900.0,6.49,0.977,180.0,literature_core_properties_plus_screening_assumptions
